# Blender 4.3.2
# www.blender.org
mtllib schenley_farms.mtl
o EXPORT_GOOGLE_SAT_WM
v -684.740784 280.993530 -494.558136
v 691.125854 290.468445 -494.558136
v 691.125854 317.701538 422.686310
v -684.740784 249.615112 422.686310
v -684.740723 280.260803 -480.226135
v -684.740723 279.528076 -465.894196
v -684.740784 278.802948 -451.562317
v -684.740784 278.097473 -437.230286
v -684.740784 277.391907 -422.898376
v -684.740845 276.975800 -408.566498
v -684.740723 276.921387 -394.234467
v -684.740784 276.866913 -379.902557
v -684.740845 277.010986 -365.570648
v -684.740784 277.282104 -351.238647
v -684.740784 277.553223 -336.906738
v -684.740723 276.268768 -322.574738
v -684.740723 274.532196 -308.242798
v -684.740784 272.795715 -293.910919
v -684.740784 269.707214 -279.578918
v -684.740723 266.532410 -265.246979
v -684.740723 263.505981 -250.915070
v -684.740784 261.742249 -236.583099
v -684.740784 259.978455 -222.251190
v -684.740723 258.112000 -207.919250
v -684.740784 255.968201 -193.587265
v -684.740784 253.824509 -179.255356
v -684.740845 251.751862 -164.923401
v -684.740723 249.771408 -150.591415
v -684.740784 247.790939 -136.259537
v -684.740845 247.000031 -121.927582
v -684.740723 247.000031 -107.595596
v -684.740784 247.000046 -93.263687
v -684.740845 247.290985 -78.931763
v -684.740723 247.670944 -64.599777
v -684.740784 248.050949 -50.267868
v -684.740784 247.799423 -35.935913
v -684.740784 247.501099 -21.603958
v -684.740723 247.101044 -7.272064
v -684.740845 245.744476 7.059906
v -684.740784 244.387878 21.391876
v -684.740723 243.463684 35.723770
v -684.740845 243.762009 50.055740
v -684.740784 244.060349 64.387695
v -684.740723 244.509125 78.719589
v -684.740784 245.160202 93.051590
v -684.740845 245.811264 107.383514
v -684.740784 245.675873 121.715408
v -684.740723 244.997559 136.047440
v -684.740784 244.319260 150.379349
v -684.740784 244.380066 164.711273
v -684.740723 244.678375 179.043259
v -684.740784 244.976715 193.375214
v -684.740784 246.275803 207.707108
v -684.740784 247.659592 222.039078
v -684.740845 249.074142 236.371033
v -684.740723 250.810715 250.702942
v -684.740784 252.547272 265.034912
v -684.740845 254.352203 279.366852
v -684.740845 256.359863 293.698792
v -684.740784 258.367523 308.030731
v -684.740845 259.083954 322.362701
v -684.740845 257.998505 336.694641
v -684.740784 256.913025 351.026550
v -684.740845 255.637878 365.358521
v -684.740784 254.226898 379.690491
v -684.740723 252.815887 394.022400
v -684.740845 251.242798 408.354340
v -663.242798 246.891693 422.686249
v -641.744995 244.597168 422.686310
v -620.247009 242.736786 422.686310
v -598.749084 241.612915 422.686249
v -577.251221 241.936768 422.686310
v -555.753357 244.259491 422.686279
v -534.255371 249.507660 422.686218
v -512.757446 254.405151 422.686310
v -491.259583 258.909912 422.686279
v -469.761566 262.969788 422.686249
v -448.263733 265.808167 422.686310
v -426.765839 268.191986 422.686279
v -405.267822 269.932312 422.686249
v -383.770020 269.932251 422.686310
v -362.272095 268.997192 422.686279
v -340.774078 268.360474 422.686249
v -319.276245 269.322327 422.686310
v -297.778290 270.421936 422.686279
v -276.280334 270.710022 422.686249
v -254.782532 269.805664 422.686279
v -233.284546 270.458832 422.686279
v -211.786545 271.439514 422.686279
v -190.288757 272.382629 422.686279
v -168.790802 270.668060 422.686279
v -147.292816 268.602386 422.686279
v -125.795013 266.719543 422.686340
v -104.297058 266.128876 422.686279
v -82.799072 268.591064 422.686279
v -61.301239 272.657410 422.686279
v -39.803314 278.161743 422.686279
v -18.305328 281.830414 422.686279
v 3.192535 284.333191 422.686310
v 24.690399 285.728210 422.686279
v 46.188385 287.280701 422.686279
v 67.686340 289.305054 422.686310
v 89.184174 291.551941 422.686279
v 110.682129 293.208984 422.686279
v 132.180084 294.675903 422.686340
v 153.677887 295.375366 422.686279
v 175.175873 294.251526 422.686279
v 196.673813 292.904663 422.686279
v 218.171631 292.750214 422.686279
v 239.669617 294.464783 422.686279
v 261.167603 298.948486 422.686279
v 282.665405 302.461182 422.686249
v 304.163361 304.846741 422.686279
v 325.661346 305.808533 422.686310
v 347.159180 306.426697 422.686249
v 368.657135 306.965271 422.686279
v 390.155090 307.927094 422.686310
v 411.652893 308.479492 422.686249
v 433.150879 309.137177 422.686279
v 454.648804 310.261047 422.686310
v 476.146637 312.004395 422.686249
v 497.644684 313.629456 422.686279
v 519.142578 314.993866 422.686310
v 540.640381 314.565247 422.686249
v 562.138367 313.829529 422.686279
v 583.636292 312.941040 422.686310
v 605.134094 312.512390 422.686279
v 626.632141 312.869568 422.686310
v 648.130066 313.815643 422.686310
v 669.627869 315.472717 422.686249
v 691.125793 318.608734 408.354309
v 691.125793 319.503174 394.022400
v 691.125916 320.359741 379.690491
v 691.125854 321.216309 365.358490
v 691.125854 321.778412 351.026550
v 691.125854 321.929443 336.694641
v 691.125854 322.080505 322.362671
v 691.125854 321.938080 308.030731
v 691.125916 321.585327 293.698792
v 691.125854 321.232544 279.366821
v 691.125793 320.503113 265.034912
v 691.125854 319.646545 250.702942
v 691.125854 318.789978 236.371002
v 691.125854 318.899475 222.039078
v 691.125854 319.101166 207.707108
v 691.125854 319.259583 193.375183
v 691.125854 318.906830 179.043259
v 691.125854 318.554077 164.711273
v 691.125793 318.103210 150.379318
v 691.125854 317.347046 136.047440
v 691.125854 316.590912 121.715408
v 691.125854 316.596405 107.383484
v 691.125854 317.705322 93.051590
v 691.125854 318.814209 78.719589
v 691.125854 320.298767 64.387650
v 691.125854 322.062500 50.055756
v 691.125854 323.826263 35.723770
v 691.125854 324.733459 21.391830
v 691.125854 325.337708 7.059921
v 691.125854 325.941956 -7.272064
v 691.125854 325.179993 -21.603989
v 691.125854 324.272797 -35.935913
v 691.125854 323.379517 -50.267883
v 691.125854 322.674011 -64.599823
v 691.125854 321.968475 -78.931763
v 691.125854 321.404724 -93.263687
v 691.125854 321.304321 -107.595642
v 691.125854 321.203857 -121.927582
v 691.125854 321.022888 -136.259537
v 691.125854 320.720825 -150.591461
v 691.125854 320.418701 -164.923401
v 691.125854 319.974121 -179.255356
v 691.125854 319.419678 -193.587311
v 691.125854 318.865234 -207.919235
v 691.125854 317.906189 -222.251190
v 691.125854 316.797302 -236.583130
v 691.125854 315.688354 -250.915054
v 691.125854 314.895142 -265.247009
v 691.125854 314.138977 -279.578979
v 691.125854 313.313232 -293.910889
v 691.125854 311.398438 -308.242828
v 691.125854 309.483612 -322.574829
v 691.125854 307.489349 -336.906738
v 691.125854 305.221741 -351.238678
v 691.125916 302.954163 -365.570648
v 691.125854 300.863495 -379.902557
v 691.125793 299.049133 -394.234497
v 691.125854 297.234680 -408.566498
v 691.125854 295.448425 -422.898376
v 691.125854 293.684631 -437.230347
v 691.125916 291.920837 -451.562317
v 691.125793 291.174011 -465.894196
v 691.125793 290.821259 -480.226166
v 669.627869 291.045227 -494.558105
v 648.130005 291.073242 -494.558075
v 626.632141 290.545959 -494.558136
v 605.134155 289.831146 -494.558105
v 583.636292 289.135925 -494.558105
v 562.138367 288.464813 -494.558136
v 540.640381 288.068665 -494.558105
v 519.142517 288.040649 -494.558105
v 497.644684 287.985077 -494.558105
v 476.146698 287.959778 -494.558105
v 454.648743 288.108154 -494.558105
v 433.150818 289.470642 -494.558075
v 411.652954 290.385681 -494.558105
v 390.155029 290.784058 -494.558105
v 368.657043 290.200775 -494.558105
v 347.159180 289.528625 -494.558105
v 325.661285 288.349182 -494.558105
v 304.163300 286.291473 -494.558105
v 282.665405 284.820007 -494.558105
v 261.167542 284.053772 -494.558105
v 239.669540 284.028046 -494.558105
v 218.171631 284.723267 -494.558105
v 196.673782 285.836975 -494.558105
v 175.175812 287.009155 -494.558105
v 153.677887 287.065125 -494.558105
v 132.180054 287.100830 -494.558105
v 110.682068 287.726990 -494.558105
v 89.184174 289.840668 -494.558105
v 67.686310 292.496674 -494.558136
v 46.188324 294.109314 -494.558105
v 24.690399 294.081299 -494.558105
v 3.192535 290.838837 -494.558136
v -18.305420 288.926025 -494.558105
v -39.803314 288.195435 -494.558105
v -61.301208 286.860931 -494.558167
v -82.799133 288.154907 -494.558105
v -104.297058 290.083801 -494.558105
v -125.794952 289.360535 -494.558136
v -147.292877 287.574890 -494.558136
v -168.790802 285.717010 -494.558105
v -190.288712 284.298584 -494.558136
v -211.786636 283.533264 -494.558105
v -233.284546 283.471130 -494.558136
v -254.782440 284.030884 -494.558105
v -276.280396 280.610718 -494.558105
v -297.778290 276.356628 -494.558105
v -319.276184 271.522186 -494.558105
v -340.774139 266.711609 -494.558105
v -362.272095 263.364319 -494.558136
v -383.769958 261.126892 -494.558136
v -405.267883 260.263733 -494.558105
v -426.765839 258.240326 -494.558136
v -448.263702 256.890320 -494.558105
v -469.761566 256.918274 -494.558136
v -491.259583 258.890076 -494.558105
v -512.757446 260.976807 -494.558105
v -534.255371 263.360413 -494.558105
v -555.753357 268.810303 -494.558167
v -577.251221 274.332092 -494.558105
v -598.749084 279.337585 -494.558105
v -620.247009 282.174530 -494.558136
v -641.744934 282.328003 -494.558075
v -663.242859 281.660767 -494.558105
v -663.242798 247.293182 408.354340
v -641.744995 244.597168 408.354370
v -620.246948 242.794220 408.354340
v -598.749084 241.915588 408.354309
v -577.251099 242.289520 408.354340
v -555.753296 243.823273 408.354309
v -534.255310 246.864227 408.354309
v -512.757446 251.583130 408.354340
v -491.259491 256.677307 408.354309
v -469.761566 261.859589 408.354309
v -448.263641 263.471771 408.354309
v -426.765717 265.369934 408.354309
v -405.267822 267.110291 408.354309
v -383.769897 267.110291 408.354340
v -362.271973 266.710175 408.354309
v -340.774109 266.667572 408.354340
v -319.276184 267.874603 408.354309
v -297.778290 268.802368 408.354370
v -276.280396 268.339905 408.354309
v -254.782501 265.964081 408.354309
v -233.284515 266.578552 408.354309
v -211.786636 267.821838 408.354309
v -190.288696 269.302917 408.354309
v -168.790756 268.569397 408.354309
v -147.292847 267.161621 408.354309
v -125.794914 265.823303 408.354309
v -104.297028 265.968353 408.354309
v -82.799133 268.974548 408.354340
v -61.301216 273.784058 408.354370
v -39.803288 280.514648 408.354340
v -18.305367 284.299744 408.354309
v 3.192553 286.802460 408.354309
v 24.690443 288.183594 408.354340
v 46.188396 289.245605 408.354340
v 67.686264 291.213470 408.354309
v 89.184242 293.705658 408.354309
v 110.682098 295.607971 408.354370
v 132.180054 297.145203 408.354340
v 153.677917 297.912048 408.354309
v 175.175842 297.033447 408.354309
v 196.673752 295.726746 408.354309
v 218.171692 295.181763 408.354309
v 239.669571 295.915344 408.354309
v 261.167542 300.124115 408.354340
v 282.665344 303.391541 408.354279
v 304.163300 305.572571 408.354340
v 325.661194 306.779602 408.354279
v 347.159119 307.326843 408.354340
v 368.657166 307.721375 408.354340
v 390.155029 308.928406 408.354340
v 411.652893 309.349457 408.354309
v 433.150818 309.761902 408.354309
v 454.648682 310.640503 408.354309
v 476.146637 312.138611 408.354309
v 497.644531 313.629456 408.354309
v 519.142517 314.997375 408.354340
v 540.640381 314.814026 408.354309
v 562.138306 314.041016 408.354309
v 583.636230 312.974792 408.354340
v 605.134155 312.791382 408.354309
v 626.632080 313.222290 408.354340
v 648.130066 314.232361 408.354370
v 669.627869 316.134644 408.354340
v -663.242859 247.949265 394.022430
v -641.744934 244.828278 394.022400
v -620.246948 242.926132 394.022369
v -598.749084 242.230896 394.022339
v -577.251282 242.691498 394.022400
v -555.753296 243.719208 394.022369
v -534.255432 245.233383 394.022400
v -512.757446 249.373932 394.022400
v -491.259521 254.533066 394.022400
v -469.761597 260.328186 394.022400
v -448.263641 261.270813 394.022400
v -426.765778 262.754364 394.022430
v -405.267822 264.318970 394.022400
v -383.769928 264.504517 394.022369
v -362.272064 264.645111 394.022369
v -340.774078 265.170471 394.022339
v -319.276154 266.684631 394.022369
v -297.778320 267.291870 394.022369
v -276.280365 266.173676 394.022400
v -254.782486 262.821228 394.022400
v -233.284515 263.470276 394.022369
v -211.786575 264.938599 394.022400
v -190.288773 266.846039 394.022430
v -168.790802 267.093475 394.022400
v -147.292862 266.302948 394.022430
v -125.794899 265.433655 394.022400
v -104.297058 266.190735 394.022400
v -82.799164 269.617188 394.022400
v -61.301163 274.982483 394.022430
v -39.803333 282.629944 394.022400
v -18.305382 286.558044 394.022400
v 3.192571 289.036072 394.022400
v 24.690428 290.283081 394.022400
v 46.188381 290.854614 394.022400
v 67.686241 292.729553 394.022400
v 89.184250 295.414429 394.022400
v 110.682144 297.562073 394.022400
v 132.180038 299.169617 394.022430
v 153.677948 300.020935 394.022430
v 175.175888 299.449341 394.022400
v 196.673767 298.296326 394.022400
v 218.171677 297.558441 394.022400
v 239.669571 297.620331 394.022369
v 261.167542 301.388641 394.022400
v 282.665497 304.321991 394.022400
v 304.163330 306.283020 394.022339
v 325.661224 307.549774 394.022369
v 347.159119 308.039856 394.022400
v 368.657074 308.375671 394.022369
v 390.154999 309.766113 394.022400
v 411.652954 310.183929 394.022430
v 433.150879 310.455200 394.022430
v 454.648773 311.026703 394.022430
v 476.146667 312.272888 394.022400
v 497.644592 313.657471 394.022400
v 519.142517 315.088959 394.022400
v 540.640503 315.088959 394.022400
v 562.138306 314.359436 394.022369
v 583.636169 313.266907 394.022369
v 605.134094 313.266907 394.022369
v 626.632080 313.709778 394.022400
v 648.130005 314.738037 394.022339
v 669.627930 316.885620 394.022430
v -663.242798 249.360229 379.690460
v -641.744934 245.744431 379.690460
v -620.247009 243.278900 379.690460
v -598.749023 242.583664 379.690399
v -577.251099 243.239426 379.690460
v -555.753296 244.600067 379.690430
v -534.255371 246.604721 379.690460
v -512.757446 248.981735 379.690460
v -491.259491 252.650436 379.690430
v -469.761597 257.547668 379.690460
v -448.263733 259.471252 379.690460
v -426.765717 260.750854 379.690399
v -405.267883 261.618744 379.690399
v -383.769989 262.540039 379.690430
v -362.272095 263.238037 379.690460
v -340.774139 264.253845 379.690491
v -319.276276 266.258514 379.690430
v -297.778351 266.104828 379.690491
v -276.280396 264.612000 379.690460
v -254.782455 261.750061 379.690460
v -233.284546 262.650818 379.690460
v -211.786606 264.233093 379.690399
v -190.288727 266.235657 379.690460
v -168.790710 267.464050 379.690430
v -147.292847 267.169983 379.690430
v -125.794952 266.545898 379.690460
v -104.297028 267.548279 379.690399
v -82.799118 271.028259 379.690460
v -61.301231 276.393494 379.690430
v -39.803246 284.041016 379.690491
v -18.305365 288.191040 379.690460
v 3.192528 290.570923 379.690430
v 24.690420 291.327454 379.690460
v 46.188366 291.408508 379.690460
v 67.686287 293.082336 379.690430
v 89.184143 295.804382 379.690460
v 110.682091 298.197205 379.690399
v 132.180069 299.875122 379.690491
v 153.677948 300.861267 379.690460
v 175.175827 300.780151 379.690460
v 196.673737 300.117615 379.690430
v 218.171646 299.772583 379.690430
v 239.669662 300.079712 379.690460
v 261.167572 302.916443 379.690491
v 282.665405 305.252380 379.690430
v 304.163361 306.947845 379.690460
v 325.661316 307.724121 379.690430
v 347.159180 308.197968 379.690460
v 368.657074 308.728455 379.690460
v 390.154968 310.118866 379.690430
v 411.652863 310.913330 379.690430
v 433.150879 311.351868 379.690430
v 454.648712 311.432922 379.690460
v 476.146667 312.407074 379.690460
v 497.644562 313.768433 379.690399
v 519.142578 315.441711 379.690460
v 540.640442 315.441711 379.690460
v 562.138306 314.994690 379.690460
v 583.636230 314.325195 379.690399
v 605.134155 314.325165 379.690430
v 626.632019 314.596558 379.690430
v 648.130066 315.507538 379.690491
v 669.627869 317.900269 379.690430
v -663.242859 250.771301 365.358521
v -641.744934 246.660583 365.358521
v -620.246948 243.631653 365.358459
v -598.749023 242.936447 365.358490
v -577.251160 243.787354 365.358490
v -555.753296 245.480896 365.358490
v -534.255371 247.976044 365.358521
v -512.757446 248.589523 365.358490
v -491.259521 250.767868 365.358521
v -469.761597 254.767136 365.358490
v -448.263672 257.671753 365.358490
v -426.765747 258.747375 365.358490
v -405.267792 258.918549 365.358490
v -383.769958 260.575623 365.358521
v -362.272034 261.830933 365.358490
v -340.774078 263.337250 365.358490
v -319.276215 265.832397 365.358521
v -297.778229 264.917786 365.358459
v -276.280334 263.050354 365.358490
v -254.782516 260.678925 365.358551
v -233.284531 261.831360 365.358490
v -211.786606 263.527557 365.358490
v -190.288666 265.625244 365.358490
v -168.790833 267.834656 365.358490
v -147.292847 268.036987 365.358521
v -125.794960 267.658173 365.358521
v -104.297066 268.905731 365.358490
v -82.799126 272.439209 365.358490
v -61.301239 277.804504 365.358490
v -39.803322 285.451965 365.358521
v -18.305372 289.824036 365.358490
v 3.192545 292.105774 365.358459
v 24.690434 292.371826 365.358490
v 46.188385 291.962402 365.358521
v 67.686234 293.435120 365.358490
v 89.184181 296.194305 365.358490
v 110.682129 298.832397 365.358490
v 132.180038 300.580627 365.358521
v 153.677917 301.701477 365.358521
v 175.175903 302.110931 365.358490
v 196.673798 301.938904 365.358490
v 218.171661 301.986755 365.358490
v 239.669571 302.539124 365.358490
v 261.167542 304.444275 365.358490
v 282.665405 306.182800 365.358490
v 304.163361 307.612671 365.358459
v 325.661255 307.898438 365.358521
v 347.159119 308.356018 365.358490
v 368.657074 309.081177 365.358490
v 390.155029 310.471649 365.358521
v 411.652893 311.642700 365.358490
v 433.150879 312.248535 365.358521
v 454.648743 311.839081 365.358490
v 476.146667 312.541321 365.358490
v 497.644592 313.879486 365.358521
v 519.142517 315.794495 365.358459
v 540.640442 315.794495 365.358521
v 562.138367 315.629883 365.358490
v 583.636292 315.383423 365.358490
v 605.134155 315.383423 365.358490
v 626.632080 315.483337 365.358459
v 648.129944 316.276978 365.358521
v 669.627930 318.915039 365.358521
v -663.242737 252.148773 351.026550
v -641.744934 247.714462 351.026550
v -620.246948 244.302841 351.026520
v -598.749146 243.709961 351.026611
v -577.251221 244.695526 351.026550
v -555.753296 246.546432 351.026550
v -534.255249 249.224976 351.026581
v -512.757507 248.990891 351.026581
v -491.259552 250.210388 351.026550
v -469.761597 253.281418 351.026581
v -448.263702 256.450500 351.026581
v -426.765808 257.471130 351.026550
v -405.267822 257.424805 351.026550
v -383.769867 259.101013 351.026520
v -362.272034 260.718323 351.026550
v -340.774109 262.567322 351.026581
v -319.276245 265.041107 351.026611
v -297.778259 263.724304 351.026581
v -276.280334 261.783173 351.026550
v -254.782516 259.902222 351.026611
v -233.284561 261.206665 351.026550
v -211.786591 263.078918 351.026581
v -190.288696 265.416870 351.026611
v -168.790817 268.197754 351.026550
v -147.292831 268.891602 351.026520
v -125.794991 268.917664 351.026581
v -104.297043 270.410492 351.026581
v -82.799149 274.397644 351.026581
v -61.301186 280.028625 351.026581
v -39.803295 287.471375 351.026550
v -18.305410 291.675354 351.026550
v 3.192532 293.736176 351.026611
v 24.690477 293.716492 351.026520
v 46.188362 293.021240 351.026581
v 67.686279 294.195618 351.026611
v 89.184212 296.700500 351.026581
v 110.682106 299.378998 351.026520
v 132.179993 301.065887 351.026550
v 153.677948 302.191101 351.026520
v 175.175873 302.886292 351.026550
v 196.673767 303.085632 351.026611
v 218.171722 303.505493 351.026550
v 239.669601 304.405457 351.026520
v 261.167542 305.776123 351.026611
v 282.665375 307.113220 351.026550
v 304.163361 308.294495 351.026581
v 325.661285 308.294495 351.026581
v 347.159241 308.610657 351.026611
v 368.657074 309.244476 351.026550
v 390.154968 310.430237 351.026550
v 411.652924 312.008972 351.026611
v 433.150818 312.918182 351.026550
v 454.648834 312.222961 351.026581
v 476.146698 312.766693 351.026581
v 497.644653 314.045105 351.026581
v 519.142517 315.999969 351.026581
v 540.640381 316.000061 351.026581
v 562.138367 316.058960 351.026581
v 583.636292 316.161316 351.026550
v 605.134216 316.263672 351.026581
v 626.632080 316.437622 351.026520
v 648.129944 317.234192 351.026550
v 669.627808 319.707947 351.026550
v -663.242920 253.479492 336.694611
v -641.744995 248.960541 336.694641
v -620.247009 245.418549 336.694641
v -598.749146 245.070923 336.694641
v -577.251160 246.106537 336.694580
v -555.753357 247.869797 336.694641
v -534.255371 250.303085 336.694611
v -512.757446 250.499969 336.694611
v -491.259491 251.502609 336.694611
v -469.761597 253.603012 336.694641
v -448.263672 256.036316 336.694611
v -426.765747 257.209930 336.694611
v -405.267822 257.615112 336.694641
v -383.769958 258.310364 336.694611
v -362.271973 260.016785 336.694611
v -340.774048 262.002014 336.694580
v -319.276154 263.740112 336.694641
v -297.778229 262.521851 336.694641
v -276.280304 260.927063 336.694611
v -254.782501 259.536560 336.694611
v -233.284531 260.853882 336.694580
v -211.786621 262.988739 336.694641
v -190.288742 265.769592 336.694641
v -168.790802 268.550537 336.694611
v -147.292908 269.728943 336.694611
v -125.794998 270.382660 336.694641
v -104.297058 272.120789 336.694641
v -82.799103 277.120117 336.694611
v -61.301216 283.387695 336.694611
v -39.803307 290.339966 336.694611
v -18.305389 293.831482 336.694641
v 3.192486 295.499939 336.694641
v 24.690456 295.480286 336.694641
v 46.188400 294.785004 336.694611
v 67.686249 295.525330 336.694611
v 89.184204 297.368835 336.694641
v 110.682144 299.802124 336.694641
v 132.180054 301.243744 336.694641
v 153.677902 302.191101 336.694611
v 175.175888 302.886292 336.694641
v 196.673813 303.290771 336.694611
v 218.171631 304.053528 336.694611
v 239.669586 305.443909 336.694580
v 261.167542 306.834412 336.694611
v 282.665405 308.043640 336.694641
v 304.163330 308.999969 336.694641
v 325.661285 308.999969 336.694672
v 347.159149 309.000000 336.694580
v 368.657074 309.143311 336.694611
v 390.155029 309.838623 336.694641
v 411.652954 311.868347 336.694641
v 433.150818 313.270966 336.694641
v 454.648712 312.575745 336.694611
v 476.146606 313.119476 336.694641
v 497.644592 314.286804 336.694641
v 519.142578 316.000000 336.694641
v 540.640381 316.000000 336.694550
v 562.138367 316.200195 336.694611
v 583.636230 316.547821 336.694580
v 605.134216 316.895447 336.694641
v 626.632080 317.486053 336.694611
v 648.129944 318.453308 336.694611
v 669.627869 320.191345 336.694580
v -663.242798 254.810242 322.362671
v -641.744934 250.206589 322.362640
v -620.246948 246.534271 322.362671
v -598.749146 246.431854 322.362701
v -577.251221 247.517578 322.362701
v -555.753235 249.193115 322.362640
v -534.255371 251.381195 322.362671
v -512.757446 252.009003 322.362701
v -491.259552 252.794800 322.362671
v -469.761627 253.924622 322.362701
v -448.263641 255.622192 322.362640
v -426.765717 256.948792 322.362671
v -405.267883 257.805420 322.362671
v -383.769928 257.519714 322.362671
v -362.272034 259.315186 322.362671
v -340.774048 261.436768 322.362671
v -319.276154 262.439148 322.362671
v -297.778229 261.319427 322.362640
v -276.280334 260.070923 322.362671
v -254.782440 259.170959 322.362671
v -233.284546 260.501160 322.362671
v -211.786652 262.898560 322.362671
v -190.288727 266.122375 322.362701
v -168.790802 268.903290 322.362671
v -147.292862 270.566223 322.362671
v -125.794937 271.847717 322.362640
v -104.297020 273.831024 322.362671
v -82.799103 279.842529 322.362671
v -61.301224 286.746765 322.362671
v -39.803288 293.208557 322.362640
v -18.305405 295.987610 322.362671
v 3.192539 297.263733 322.362671
v 24.690445 297.244080 322.362671
v 46.188393 296.548798 322.362640
v 67.686264 296.855042 322.362671
v 89.184204 298.037170 322.362701
v 110.682098 300.225159 322.362671
v 132.180023 301.421570 322.362640
v 153.677917 302.191040 322.362671
v 175.175888 302.886292 322.362671
v 196.673752 303.495911 322.362671
v 218.171722 304.601501 322.362671
v 239.669617 306.482422 322.362671
v 261.167480 307.892639 322.362671
v 282.665405 308.974060 322.362671
v 304.163361 309.705505 322.362701
v 325.661224 309.705505 322.362671
v 347.159119 309.389343 322.362671
v 368.657074 309.042236 322.362671
v 390.154968 309.247009 322.362701
v 411.652893 311.727722 322.362671
v 433.150818 313.623718 322.362671
v 454.648743 312.928467 322.362671
v 476.146667 313.472229 322.362640
v 497.644562 314.528534 322.362640
v 519.142456 316.000000 322.362640
v 540.640503 316.000000 322.362732
v 562.138306 316.341431 322.362701
v 583.636353 316.934296 322.362701
v 605.134155 317.527161 322.362701
v 626.632080 318.534485 322.362640
v 648.130005 319.672424 322.362640
v 669.627808 320.674744 322.362640
v -663.242859 254.767639 308.030762
v -641.744995 250.796234 308.030731
v -620.246948 247.583054 308.030701
v -598.749023 247.440186 308.030701
v -577.251282 248.858688 308.030731
v -555.753296 250.773041 308.030731
v -534.255371 252.858734 308.030701
v -512.757507 253.666473 308.030762
v -491.259521 254.430359 308.030731
v -469.761566 255.291855 308.030731
v -448.263672 256.682312 308.030731
v -426.765747 257.813904 308.030762
v -405.267792 258.501404 308.030731
v -383.769867 257.806152 308.030731
v -362.272034 259.431030 308.030731
v -340.774078 261.365051 308.030731
v -319.276154 261.917419 308.030731
v -297.778320 260.817444 308.030762
v -276.280365 259.713562 308.030762
v -254.782532 259.018280 308.030762
v -233.284576 260.353882 308.030762
v -211.786591 262.784424 308.030701
v -190.288696 266.105682 308.030701
v -168.790787 269.315186 308.030762
v -147.292892 271.703064 308.030731
v -125.794937 273.786621 308.030762
v -104.297089 276.300903 308.030762
v -82.799110 282.493408 308.030701
v -61.301170 289.185730 308.030762
v -39.803291 294.871307 308.030701
v -18.305382 297.040131 308.030731
v 3.192554 298.066711 308.030762
v 24.690460 298.201965 308.030701
v 46.188400 298.078247 308.030701
v 67.686279 298.353363 308.030731
v 89.184189 299.116455 308.030701
v 110.682076 301.059296 308.030701
v 132.179993 302.112366 308.030731
v 153.677979 302.729065 308.030731
v 175.175873 303.138550 308.030762
v 196.673767 303.787048 308.030701
v 218.171722 305.035767 308.030731
v 239.669662 307.121460 308.030762
v 261.167542 308.539917 308.030762
v 282.665466 309.567932 308.030762
v 304.163361 310.193665 308.030731
v 325.661255 310.050781 308.030731
v 347.159180 309.367737 308.030762
v 368.657104 308.647949 308.030731
v 390.154968 308.933685 308.030762
v 411.652893 311.339966 308.030731
v 433.150818 313.342773 308.030762
v 454.648743 313.218964 308.030701
v 476.146729 313.697693 308.030762
v 497.644562 314.564758 308.030731
v 519.142517 315.796570 308.030701
v 540.640442 315.939423 308.030731
v 562.138367 316.318176 308.030731
v 583.636292 316.870544 308.030701
v 605.134155 317.422852 308.030731
v 626.632141 318.461273 308.030762
v 648.130066 319.639343 308.030762
v 669.627930 320.620300 308.030762
v -663.242798 253.740967 293.698792
v -641.745056 250.915466 293.698853
v -620.247009 248.583862 293.698792
v -598.749084 248.195740 293.698792
v -577.251160 250.149719 293.698792
v -555.753296 252.536835 293.698792
v -534.255310 254.622528 293.698822
v -512.757446 255.430222 293.698792
v -491.259583 256.312073 293.698792
v -469.761566 257.408386 293.698761
v -448.263733 258.798828 293.698792
v -426.765778 259.486084 293.698822
v -405.267822 259.559631 293.698761
v -383.769958 258.864441 293.698792
v -362.272095 260.132629 293.698822
v -340.774078 261.646942 293.698792
v -319.276184 261.954102 293.698761
v -297.778229 260.817474 293.698822
v -276.280396 259.713562 293.698822
v -254.782410 259.018250 293.698792
v -233.284485 260.353943 293.698792
v -211.786621 262.653137 293.698761
v -190.288712 265.824280 293.698822
v -168.790817 269.769501 293.698822
v -147.292877 273.054626 293.698792
v -125.794968 276.065186 293.698730
v -104.297058 279.315247 293.698792
v -82.799141 285.093018 293.698822
v -61.301197 290.965332 293.698822
v -39.803307 295.669922 293.698822
v -18.305389 297.301697 293.698792
v 3.192513 298.181122 293.698792
v 24.690460 298.582520 293.698792
v 46.188385 299.439758 293.698792
v 67.686287 299.972473 293.698792
v 89.184196 300.490295 293.698792
v 110.682121 302.187927 293.698792
v 132.180054 303.170624 293.698792
v 153.677948 303.652527 293.698792
v 175.175873 303.571503 293.698822
v 196.673737 304.139832 293.698792
v 218.171661 305.388519 293.698761
v 239.669617 307.474213 293.698792
v 261.167511 308.892639 293.698761
v 282.665436 309.920715 293.698822
v 304.163330 310.526062 293.698853
v 325.661224 310.138000 293.698792
v 347.159180 309.051575 293.698792
v 368.657166 308.043549 293.698792
v 390.155029 308.819763 293.698792
v 411.652954 310.775085 293.698792
v 433.150879 312.607635 293.698792
v 454.648743 313.464905 293.698792
v 476.146667 313.831909 293.698761
v 497.644623 314.453796 293.698792
v 519.142456 315.447327 293.698792
v 540.640442 315.835419 293.698822
v 562.138367 316.176880 293.698792
v 583.636230 316.483978 293.698792
v 605.134155 316.791138 293.698792
v 626.632019 317.584320 293.698761
v 648.130066 318.709045 293.698853
v 669.627808 320.180481 293.698792
v -663.242859 252.714264 279.366791
v -641.744934 251.034714 279.366791
v -620.247009 249.584686 279.366821
v -598.749084 248.951324 279.366821
v -577.251160 251.440765 279.366791
v -555.753296 254.300598 279.366821
v -534.255371 256.386292 279.366821
v -512.757507 257.194031 279.366852
v -491.259491 258.193726 279.366791
v -469.761566 259.524902 279.366821
v -448.263672 260.915344 279.366852
v -426.765747 261.158264 279.366821
v -405.267853 260.617889 279.366821
v -383.769928 259.922668 279.366821
v -362.272003 260.834167 279.366821
v -340.774109 261.928894 279.366821
v -319.276215 261.990784 279.366821
v -297.778259 260.817474 279.366821
v -276.280365 259.713501 279.366852
v -254.782455 259.018280 279.366821
v -233.284500 260.353943 279.366821
v -211.786636 262.521851 279.366852
v -190.288742 265.542847 279.366821
v -168.790802 270.223816 279.366821
v -147.292877 274.406189 279.366852
v -125.794968 278.343719 279.366852
v -104.297028 282.329468 279.366821
v -82.799133 287.692566 279.366821
v -61.301197 292.744934 279.366821
v -39.803276 296.468567 279.366821
v -18.305382 297.563232 279.366821
v 3.192558 298.295593 279.366821
v 24.690437 298.963074 279.366821
v 46.188370 300.801270 279.366821
v 67.686310 301.591553 279.366821
v 89.184204 301.864197 279.366821
v 110.682083 303.316467 279.366821
v 132.179993 304.228851 279.366821
v 153.677979 304.575989 279.366852
v 175.175873 304.004486 279.366821
v 196.673798 304.492554 279.366821
v 218.171692 305.741272 279.366852
v 239.669617 307.826965 279.366821
v 261.167511 309.245422 279.366791
v 282.665405 310.273499 279.366852
v 304.163330 310.858490 279.366821
v 325.661255 310.225098 279.366821
v 347.159180 308.735413 279.366852
v 368.657104 307.439178 279.366821
v 390.154999 308.705872 279.366821
v 411.652893 310.210144 279.366821
v 433.150848 311.872559 279.366852
v 454.648804 313.710754 279.366821
v 476.146637 313.966125 279.366821
v 497.644592 314.342712 279.366791
v 519.142578 315.098083 279.366882
v 540.640442 315.731415 279.366821
v 562.138306 316.035645 279.366821
v 583.636292 316.097534 279.366821
v 605.134155 316.159393 279.366821
v 626.632080 316.707336 279.366821
v 648.130005 317.778687 279.366821
v 669.627869 319.740662 279.366852
v -663.242798 251.340195 265.034912
v -641.744934 250.379761 265.034882
v -620.247009 249.788177 265.034912
v -598.749084 250.009796 265.034882
v -577.251221 252.967438 265.034912
v -555.753357 256.129944 265.034882
v -534.255371 258.398987 265.034882
v -512.757507 259.221527 265.034912
v -491.259521 260.339172 265.034912
v -469.761627 261.897430 265.034882
v -448.263672 263.104492 265.034882
v -426.765747 263.162659 265.034882
v -405.267822 262.497803 265.034851
v -383.770020 261.985962 265.034912
v -362.272064 262.590790 265.034882
v -340.774078 263.318787 265.034882
v -319.276215 263.318787 265.034882
v -297.778290 262.292236 265.034943
v -276.280304 261.220520 265.034882
v -254.782425 260.341888 265.034912
v -233.284561 261.137024 265.034912
v -211.786591 262.918060 265.034851
v -190.288696 265.789001 265.034851
v -168.790802 271.205688 265.034882
v -147.292877 275.560730 265.034851
v -125.794952 279.405701 265.034882
v -104.297058 283.393738 265.034912
v -82.799149 288.182098 265.034912
v -61.301243 292.288513 265.034912
v -39.803265 294.664398 265.034882
v -18.305393 295.519165 265.034912
v 3.192547 296.642273 265.034912
v 24.690479 298.273010 265.034851
v 46.188328 300.542053 265.034912
v 67.686279 301.688904 265.034943
v 89.184196 302.210785 265.034912
v 110.682106 303.601196 265.034912
v 132.180084 304.757416 265.034912
v 153.677948 305.437256 265.034851
v 175.175873 305.108765 265.034882
v 196.673798 305.483215 265.034882
v 218.171692 306.548553 265.034882
v 239.669586 308.450867 265.034882
v 261.167480 309.509979 265.034912
v 282.665405 310.266846 265.034943
v 304.163330 310.648193 265.034851
v 325.661255 309.586243 265.034912
v 347.159149 307.864349 265.034882
v 368.657135 306.571106 265.034912
v 390.155029 308.328247 265.034851
v 411.652924 310.226257 265.034882
v 433.150818 312.093842 265.034882
v 454.648773 313.812744 265.034912
v 476.146729 314.490173 265.034912
v 497.644592 315.023010 265.034882
v 519.142517 315.532227 265.034912
v 540.640442 315.860718 265.034851
v 562.138367 316.000000 265.034882
v 583.636292 315.949524 265.034882
v 605.134155 315.582764 265.034882
v 626.632141 315.958588 265.034912
v 648.129944 316.968597 265.034882
v 669.627869 318.870911 265.034851
v -663.242798 249.848862 250.702927
v -641.744995 249.463593 250.702972
v -620.247070 249.722580 250.702988
v -598.749207 251.170471 250.702957
v -577.251221 254.573639 250.702942
v -555.753296 257.981384 250.702927
v -534.255371 260.495667 250.702911
v -512.757446 261.338074 250.702957
v -491.259491 262.573547 250.702896
v -469.761597 264.356323 250.702972
v -448.263702 265.318176 250.702927
v -426.765808 265.279236 250.702972
v -405.267883 264.654968 250.702988
v -383.770020 264.388306 250.703003
v -362.272034 264.703369 250.702942
v -340.774078 265.082581 250.702927
v -319.276215 265.082581 250.702972
v -297.778259 264.264587 250.702988
v -276.280334 263.235962 250.702911
v -254.782501 262.112122 250.702942
v -233.284485 262.184448 250.702972
v -211.786560 263.492279 250.702942
v -190.288666 266.213074 250.702927
v -168.790802 272.365540 250.702972
v -147.292862 276.648682 250.702957
v -125.794968 280.057220 250.702942
v -104.297081 283.799988 250.702988
v -82.799103 287.959595 250.702957
v -61.301235 291.077606 250.702942
v -39.803265 291.982025 250.702957
v -18.305363 292.697113 250.702972
v 3.192535 294.392578 250.702988
v 24.690460 297.221680 250.702972
v 46.188366 299.736023 250.702942
v 67.686310 301.272705 250.702927
v 89.184174 302.210754 250.702972
v 110.682159 303.601257 250.702957
v 132.180054 305.107239 250.702942
v 153.677948 306.277557 250.702957
v 175.175888 306.439575 250.702972
v 196.673767 306.689056 250.702942
v 218.171646 307.509216 250.702927
v 239.669556 309.166260 250.702942
v 261.167542 309.744751 250.702957
v 282.665466 310.139008 250.702972
v 304.163391 310.254700 250.702972
v 325.661285 308.702271 250.702972
v 347.159180 306.806091 250.702942
v 368.657135 305.613892 250.702927
v 390.155029 307.861633 250.702972
v 411.652863 310.438416 250.702927
v 433.150909 312.637756 250.702957
v 454.648804 313.866180 250.702972
v 476.146637 315.145813 250.702942
v 497.644531 315.970215 250.702911
v 519.142578 316.230774 250.702942
v 540.640442 316.068695 250.702972
v 562.138306 316.000000 250.702972
v 583.636292 315.882080 250.702972
v 605.134155 315.024841 250.702942
v 626.632141 315.253052 250.702972
v 648.130005 316.199158 250.702972
v 669.627930 317.856201 250.702957
v -663.242859 248.357590 236.371048
v -641.745056 248.547409 236.371017
v -620.247009 249.657043 236.371002
v -598.749084 252.331146 236.371002
v -577.251160 256.179871 236.371017
v -555.753235 259.832825 236.370972
v -534.255310 262.592346 236.370956
v -512.757446 263.454590 236.370956
v -491.259521 264.807953 236.370987
v -469.761566 266.815247 236.370956
v -448.263733 267.531799 236.371048
v -426.765717 267.395721 236.370972
v -405.267822 266.812103 236.370987
v -383.769958 266.790710 236.371017
v -362.272034 266.815979 236.370956
v -340.774048 266.846375 236.371002
v -319.276184 266.846375 236.371033
v -297.778259 266.236908 236.371033
v -276.280334 265.251434 236.371002
v -254.782471 263.882324 236.371033
v -233.284485 263.231812 236.371002
v -211.786591 264.066528 236.371002
v -190.288696 266.637146 236.371002
v -168.790771 273.525330 236.371002
v -147.292877 277.736694 236.370972
v -125.794968 280.708710 236.371002
v -104.297012 284.206238 236.370987
v -82.799133 287.737122 236.370987
v -61.301220 289.866699 236.371063
v -39.803276 289.299683 236.370987
v -18.305374 289.875092 236.370987
v 3.192551 292.142822 236.370987
v 24.690453 296.170349 236.370987
v 46.188347 298.929932 236.371017
v 67.686310 300.856567 236.371017
v 89.184189 302.210754 236.371017
v 110.682114 303.601257 236.371017
v 132.180054 305.457031 236.371002
v 153.677948 307.117859 236.370972
v 175.175842 307.770355 236.371002
v 196.673767 307.894958 236.370972
v 218.171692 308.469788 236.370972
v 239.669586 309.881653 236.371002
v 261.167480 309.979553 236.371002
v 282.665344 310.011108 236.370972
v 304.163361 309.861298 236.371033
v 325.661224 307.818329 236.370972
v 347.159149 305.747803 236.371033
v 368.657104 304.656799 236.370972
v 390.155029 307.394989 236.370987
v 411.652893 310.650574 236.370972
v 433.150848 313.181641 236.371002
v 454.648773 313.919617 236.370987
v 476.146637 315.801361 236.370941
v 497.644592 316.917480 236.370972
v 519.142578 316.929199 236.371002
v 540.640381 316.276703 236.370972
v 562.138306 316.000000 236.370987
v 583.636230 315.814636 236.370972
v 605.134155 314.466858 236.371002
v 626.632080 314.547546 236.370972
v 648.130066 315.429688 236.371002
v 669.627869 316.841492 236.370972
v -663.242859 247.188232 222.039047
v -641.744873 247.953247 222.039032
v -620.247009 249.808640 222.039017
v -598.749084 253.261200 222.039032
v -577.251221 257.464050 222.039078
v -555.753296 261.202148 222.039078
v -534.255371 263.759216 222.039047
v -512.757446 264.810852 222.039032
v -491.259491 266.183105 222.039047
v -469.761566 268.014465 222.039078
v -448.263733 269.157471 222.039108
v -426.765778 269.460663 222.039078
v -405.267853 269.217102 222.039078
v -383.769958 268.993225 222.039062
v -362.271973 269.094940 222.039047
v -340.774109 269.383484 222.039047
v -319.276184 269.831238 222.039047
v -297.778320 269.497375 222.039078
v -276.280334 268.554993 222.039032
v -254.782471 266.940674 222.039017
v -233.284515 264.695312 222.039032
v -211.786621 264.401062 222.039078
v -190.288712 266.221771 222.039108
v -168.790787 271.830811 222.039047
v -147.292862 276.314514 222.039062
v -125.794975 280.121429 222.039093
v -104.297043 283.597595 222.039062
v -82.799110 286.198547 222.039078
v -61.301216 287.507080 222.039093
v -39.803329 286.811829 222.039093
v -18.305389 287.982971 222.039093
v 3.192543 290.867676 222.039108
v 24.690468 295.447388 222.039032
v 46.188362 298.676086 222.039062
v 67.686295 300.820282 222.039093
v 89.184181 302.210754 222.039093
v 110.682129 303.601257 222.039093
v 132.180038 305.487518 222.039108
v 153.677963 307.191101 222.039032
v 175.175858 307.886292 222.039047
v 196.673767 308.187256 222.039093
v 218.171722 308.786438 222.039093
v 239.669586 309.952972 222.039032
v 261.167511 310.000000 222.039047
v 282.665405 309.883301 222.039032
v 304.163330 309.523560 222.039047
v 325.661255 307.661713 222.039032
v 347.159241 306.088562 222.039062
v 368.657166 305.493286 222.039062
v 390.154999 308.050354 222.039047
v 411.652924 310.969299 222.039062
v 433.150848 313.302795 222.039078
v 454.648743 314.221924 222.039062
v 476.146667 315.582031 222.039032
v 497.644531 316.355927 222.039032
v 519.142517 316.349213 222.039078
v 540.640503 315.877869 222.039093
v 562.138367 315.549011 222.039062
v 583.636230 315.195496 222.039062
v 605.134155 314.028870 222.039062
v 626.632080 314.164062 222.039032
v 648.130005 315.099060 222.039032
v 669.627930 316.713348 222.039062
v -663.242798 246.049713 207.707123
v -641.744934 247.389816 207.707108
v -620.247009 249.980957 207.707108
v -598.749146 254.169281 207.707108
v -577.251099 258.717468 207.707092
v -555.753357 262.525482 207.707138
v -534.255371 264.837280 207.707108
v -512.757507 266.094452 207.707092
v -491.259521 267.476257 207.707108
v -469.761566 269.093506 207.707153
v -448.263733 270.726990 207.707123
v -426.765778 271.520691 207.707123
v -405.267883 271.645752 207.707077
v -383.769958 271.176636 207.707153
v -362.272034 271.389832 207.707138
v -340.774109 271.994446 207.707153
v -319.276154 272.932678 207.707108
v -297.778259 272.880707 207.707123
v -276.280365 271.981506 207.707138
v -254.782440 270.121887 207.707138
v -233.284546 266.198486 207.707108
v -211.786560 264.712708 207.707138
v -190.288681 265.726379 207.707108
v -168.790771 269.863953 207.707138
v -147.292877 274.652802 207.707138
v -125.794991 279.415955 207.707138
v -104.297028 282.892059 207.707138
v -82.799133 284.534363 207.707138
v -61.301208 285.037781 207.707123
v -39.803276 284.342529 207.707138
v -18.305397 286.179626 207.707108
v 3.192551 289.685608 207.707123
v 24.690453 294.755798 207.707123
v 46.188354 298.474976 207.707123
v 67.686302 300.820312 207.707123
v 89.184212 302.210754 207.707153
v 110.682098 303.601257 207.707153
v 132.180023 305.487488 207.707123
v 153.677933 307.191101 207.707153
v 175.175858 307.886292 207.707153
v 196.673767 308.392395 207.707123
v 218.171631 309.041504 207.707123
v 239.669678 309.962860 207.707153
v 261.167542 310.000000 207.707123
v 282.665436 309.755432 207.707153
v 304.163391 309.191132 207.707123
v 325.661285 307.574585 207.707123
v 347.159180 306.562805 207.707138
v 368.657043 306.500977 207.707092
v 390.155029 308.812805 207.707138
v 411.652893 311.298157 207.707062
v 433.150787 313.383606 207.707077
v 454.648743 314.547943 207.707123
v 476.146667 315.279236 207.707138
v 497.644531 315.650452 207.707108
v 519.142578 315.647186 207.707092
v 540.640503 315.421143 207.707138
v 562.138367 315.055023 207.707092
v 583.636292 314.523743 207.707108
v 605.134155 313.602386 207.707108
v 626.632080 313.811340 207.707123
v 648.130066 314.810242 207.707138
v 669.627869 316.669800 207.707123
v -663.242859 245.014984 193.375168
v -641.744934 246.897949 193.375183
v -620.247070 250.171844 193.375168
v -598.749084 255.057602 193.375153
v -577.251221 259.928101 193.375183
v -555.753296 263.814301 193.375168
v -534.255371 265.938293 193.375183
v -512.757446 267.405701 193.375153
v -491.259552 268.806091 193.375183
v -469.761566 270.226013 193.375137
v -448.263641 272.311707 193.375183
v -426.765808 273.569092 193.375183
v -405.267822 274.053284 193.375168
v -383.769897 273.377167 193.375183
v -362.272034 273.698303 193.375168
v -340.774109 274.577759 193.375183
v -319.276184 275.910828 193.375183
v -297.778320 276.110168 193.375168
v -276.280365 275.266418 193.375168
v -254.782410 273.218994 193.375183
v -233.284531 267.824158 193.375168
v -211.786575 265.254822 193.375153
v -190.288712 265.489868 193.375183
v -168.790817 268.270813 193.375168
v -147.292877 273.303284 193.375153
v -125.794952 278.882050 193.375168
v -104.297066 282.262512 193.375183
v -82.799126 283.014984 193.375168
v -61.301201 282.782196 193.375137
v -39.803337 282.067810 193.375183
v -18.305405 284.516968 193.375168
v 3.192543 288.613617 193.375183
v 24.690460 294.172699 193.375168
v 46.188393 298.324921 193.375183
v 67.686295 300.847870 193.375137
v 89.184166 302.235413 193.375183
v 110.682083 303.606689 193.375183
v 132.180023 305.473877 193.375153
v 153.677948 307.168793 193.375183
v 175.175873 307.883179 193.375198
v 196.673767 308.581543 193.375183
v 218.171661 309.269135 193.375168
v 239.669586 309.945190 193.375183
v 261.167480 309.972473 193.375183
v 282.665405 309.620056 193.375153
v 304.163330 308.886292 193.375183
v 325.661224 307.514954 193.375198
v 347.159180 307.027527 193.375183
v 368.657135 307.449677 193.375168
v 390.154968 309.497070 193.375183
v 411.652954 311.559204 193.375214
v 433.150818 313.403015 193.375153
v 454.648743 314.793427 193.375183
v 476.146637 314.979065 193.375183
v 497.644623 314.991333 193.375183
v 519.142456 314.972473 193.375168
v 540.640381 314.972473 193.375183
v 562.138306 314.572083 193.375137
v 583.636292 313.876801 193.375183
v 605.134155 313.181580 193.375153
v 626.632141 313.458588 193.375183
v 648.130005 314.516449 193.375183
v 669.627869 316.602112 193.375198
v -663.242859 245.207199 179.043259
v -641.744934 247.250702 179.043228
v -620.247009 250.582077 179.043259
v -598.749146 255.713058 179.043259
v -577.251221 260.633606 179.043243
v -555.753357 264.695160 179.043259
v -534.255371 267.309631 179.043213
v -512.757446 269.042114 179.043213
v -491.259521 270.569885 179.043213
v -469.761627 271.989746 179.043213
v -448.263672 274.075409 179.043213
v -426.765808 275.481018 179.043243
v -405.267792 276.210388 179.043213
v -383.769958 275.779541 179.043213
v -362.272034 276.167572 179.043243
v -340.774109 276.834534 179.043228
v -319.276215 277.431824 179.043228
v -297.778259 277.521179 179.043243
v -276.280396 276.879578 179.043213
v -254.782455 275.322693 179.043213
v -233.284500 270.895874 179.043243
v -211.786621 268.519836 179.043213
v -190.288742 268.311951 179.043228
v -168.790848 271.092865 179.043213
v -147.292877 275.640717 179.043259
v -125.794945 280.375793 179.043259
v -104.297028 282.529999 179.043213
v -82.799110 283.206726 179.043213
v -61.301186 283.050720 179.043228
v -39.803299 282.091125 179.043243
v -18.305397 284.516937 179.043243
v 3.192543 288.842529 179.043274
v 24.690491 294.871277 179.043243
v 46.188362 298.778259 179.043259
v 67.686264 301.200623 179.043243
v 89.184196 302.551025 179.043213
v 110.682121 303.677063 179.043213
v 132.180023 305.298950 179.043274
v 153.677979 306.883484 179.043243
v 175.175888 307.843079 179.043198
v 196.673767 308.581512 179.043213
v 218.171661 309.171509 179.043213
v 239.669586 309.602356 179.043213
v 261.167480 309.619720 179.043213
v 282.665466 309.395142 179.043243
v 304.163330 308.906616 179.043228
v 325.661255 307.780518 179.043228
v 347.159210 307.380310 179.043228
v 368.657104 307.701294 179.043243
v 390.155029 309.258240 179.043198
v 411.652893 311.018127 179.043213
v 433.150879 312.697510 179.043243
v 454.648743 314.087952 179.043213
v 476.146667 314.710632 179.043213
v 497.644592 314.880310 179.043213
v 519.142517 314.619751 179.043228
v 540.640381 314.619720 179.043228
v 562.138306 314.219299 179.043228
v 583.636353 313.524048 179.043228
v 605.134155 312.828857 179.043243
v 626.632019 313.105804 179.043213
v 648.130005 314.163666 179.043213
v 669.627869 316.249390 179.043228
v -663.242798 245.399338 164.711288
v -641.744995 247.603455 164.711273
v -620.247009 250.992249 164.711319
v -598.749084 256.368469 164.711288
v -577.251282 261.339111 164.711273
v -555.753296 265.575989 164.711258
v -534.255432 268.680969 164.711319
v -512.757446 270.678528 164.711273
v -491.259552 272.333618 164.711304
v -469.761566 273.753510 164.711273
v -448.263702 275.839203 164.711319
v -426.765747 277.392914 164.711319
v -405.267822 278.367523 164.711304
v -383.769867 278.181885 164.711288
v -362.271973 278.636902 164.711288
v -340.774078 279.091309 164.711273
v -319.276215 278.952881 164.711319
v -297.778320 278.932190 164.711273
v -276.280334 278.492737 164.711288
v -254.782425 277.426270 164.711288
v -233.284531 273.967590 164.711273
v -211.786591 271.784729 164.711273
v -190.288727 271.133972 164.711319
v -168.790771 273.914856 164.711273
v -147.292877 277.978210 164.711304
v -125.794930 281.869568 164.711304
v -104.297028 282.797546 164.711304
v -82.799133 283.398438 164.711304
v -61.301201 283.319214 164.711273
v -39.803291 282.114380 164.711304
v -18.305389 284.516937 164.711243
v 3.192535 289.071411 164.711273
v 24.690460 295.569794 164.711243
v 46.188385 299.231537 164.711319
v 67.686256 301.553345 164.711243
v 89.184235 302.866577 164.711319
v 110.682091 303.747375 164.711304
v 132.180023 305.124023 164.711304
v 153.677917 306.598083 164.711319
v 175.175858 307.802948 164.711273
v 196.673798 308.581543 164.711273
v 218.171692 309.073914 164.711288
v 239.669617 309.259491 164.711273
v 261.167542 309.266937 164.711273
v 282.665405 309.170227 164.711288
v 304.163330 308.926971 164.711273
v 325.661285 308.046112 164.711319
v 347.159149 307.733032 164.711273
v 368.657135 307.952942 164.711304
v 390.154968 309.019348 164.711288
v 411.652893 310.477112 164.711273
v 433.150879 311.992004 164.711334
v 454.648804 313.382446 164.711319
v 476.146667 314.442139 164.711273
v 497.644623 314.769287 164.711319
v 519.142578 314.266968 164.711273
v 540.640381 314.266968 164.711273
v 562.138367 313.866547 164.711258
v 583.636292 313.171356 164.711304
v 605.134155 312.476135 164.711273
v 626.632080 312.753052 164.711334
v 648.130005 313.810913 164.711273
v 669.627808 315.896606 164.711304
v -663.242798 245.650116 150.379318
v -641.744934 247.996338 150.379318
v -620.246948 251.460297 150.379318
v -598.749084 256.962494 150.379318
v -577.251160 262.053772 150.379349
v -555.753296 266.500000 150.379364
v -534.255310 269.976135 150.379333
v -512.757507 272.229187 150.379349
v -491.259521 274.040283 150.379349
v -469.761627 275.517273 150.379318
v -448.263733 277.602966 150.379364
v -426.765747 279.196716 150.379318
v -405.267822 280.267273 150.379333
v -383.769958 280.326904 150.379333
v -362.272064 280.675232 150.379379
v -340.774109 280.781952 150.379349
v -319.276215 280.027161 150.379349
v -297.778259 279.914246 150.379349
v -276.280334 279.701477 150.379349
v -254.782440 279.185150 150.379333
v -233.284485 276.870331 150.379333
v -211.786621 275.219421 150.379318
v -190.288696 274.533417 150.379364
v -168.790802 277.075745 150.379364
v -147.292847 280.337372 150.379349
v -125.794975 283.184753 150.379349
v -104.297020 283.244354 150.379349
v -82.799141 283.894226 150.379349
v -61.301201 283.992371 150.379349
v -39.803268 282.721252 150.379364
v -18.305382 284.955566 150.379333
v 3.192535 289.393005 150.379333
v 24.690453 295.844452 150.379349
v 46.188347 299.439911 150.379364
v 67.686272 301.769714 150.379303
v 89.184219 303.105408 150.379364
v 110.682114 303.800629 150.379349
v 132.180038 304.991669 150.379333
v 153.677948 306.382141 150.379349
v 175.175903 307.772552 150.379349
v 196.673782 308.581512 150.379364
v 218.171661 308.976257 150.379318
v 239.669632 308.916595 150.379349
v 261.167511 308.856934 150.379349
v 282.665405 308.828430 150.379318
v 304.163330 308.775696 150.379349
v 325.661346 308.140106 150.379379
v 347.159149 307.875793 150.379333
v 368.657043 307.959442 150.379364
v 390.154968 308.595032 150.379333
v 411.652924 309.856018 150.379333
v 433.150879 311.306091 150.379349
v 454.648712 312.756226 150.379333
v 476.146637 314.100037 150.379333
v 497.644592 314.621704 150.379333
v 519.142517 314.170746 150.379333
v 540.640381 314.111084 150.379318
v 562.138306 313.685364 150.379318
v 583.636230 312.990173 150.379318
v 605.134155 312.294891 150.379333
v 626.632141 312.530151 150.379395
v 648.130005 313.528412 150.379303
v 669.627869 315.554443 150.379318
v -663.242920 246.083130 136.047409
v -641.744934 248.514038 136.047424
v -620.247009 252.108368 136.047379
v -598.749084 257.365295 136.047394
v -577.251221 262.796875 136.047424
v -555.753296 267.558228 136.047394
v -534.255371 271.034393 136.047394
v -512.757446 273.512817 136.047379
v -491.259552 275.569183 136.047409
v -469.761597 277.281067 136.047409
v -448.263672 279.366760 136.047379
v -426.765747 280.664246 136.047363
v -405.267883 281.366150 136.047424
v -383.769897 281.671021 136.047394
v -362.272034 281.372894 136.047379
v -340.774078 280.711151 136.047394
v -319.276245 279.711029 136.047424
v -297.778320 279.561462 136.047409
v -276.280334 279.651917 136.047394
v -254.782501 279.871338 136.047424
v -233.284515 279.247437 136.047379
v -211.786652 279.181885 136.047379
v -190.288696 279.729584 136.047394
v -168.790771 281.290955 136.047424
v -147.292847 282.764099 136.047394
v -125.794975 283.944275 136.047424
v -104.297081 284.249115 136.047424
v -82.799088 285.335938 136.047379
v -61.301216 285.924622 136.047409
v -39.803299 285.143982 136.047363
v -18.305428 286.758911 136.047394
v 3.192543 290.002808 136.047424
v 24.690445 294.800110 136.047394
v 46.188385 298.886047 136.047424
v 67.686279 301.561646 136.047394
v 89.184204 303.105408 136.047379
v 110.682159 303.800629 136.047394
v 132.180023 304.991669 136.047409
v 153.677979 306.382141 136.047394
v 175.175858 307.772583 136.047424
v 196.673798 308.581543 136.047424
v 218.171707 308.878601 136.047379
v 239.669556 308.573730 136.047394
v 261.167542 308.268860 136.047424
v 282.665436 308.122894 136.047379
v 304.163361 308.090515 136.047394
v 325.661255 307.700195 136.047394
v 347.159241 307.364929 136.047409
v 368.657135 307.203430 136.047394
v 390.155029 307.593719 136.047394
v 411.652954 308.986084 136.047424
v 433.150879 310.681458 136.047394
v 454.648743 312.376770 136.047379
v 476.146667 313.528748 136.047424
v 497.644592 314.360291 136.047409
v 519.142578 314.872742 136.047394
v 540.640381 314.567841 136.047409
v 562.138367 314.038147 136.047394
v 583.636292 313.342896 136.047440
v 605.134216 312.647675 136.047424
v 626.632080 312.711487 136.047409
v 648.130066 313.464539 136.047409
v 669.627930 315.245239 136.047424
v -663.242859 246.516205 121.715462
v -641.744934 249.031738 121.715439
v -620.247009 252.756439 121.715462
v -598.749146 257.768127 121.715424
v -577.251160 263.539978 121.715431
v -555.753296 268.616516 121.715454
v -534.255371 272.092651 121.715485
v -512.757446 274.796448 121.715454
v -491.259583 277.098083 121.715462
v -469.761597 279.044861 121.715462
v -448.263672 281.130493 121.715424
v -426.765778 282.131775 121.715492
v -405.267822 282.465027 121.715454
v -383.769958 283.015137 121.715492
v -362.272064 282.070526 121.715454
v -340.774109 280.640320 121.715454
v -319.276184 279.394958 121.715454
v -297.778259 279.208679 121.715462
v -276.280304 279.602295 121.715469
v -254.782440 280.557495 121.715408
v -233.284546 281.624512 121.715485
v -211.786621 283.144379 121.715485
v -190.288635 284.925842 121.715454
v -168.790833 285.506165 121.715469
v -147.292847 285.190735 121.715454
v -125.794960 284.703735 121.715485
v -104.297058 285.253906 121.715446
v -82.799088 286.777679 121.715439
v -61.301216 287.856873 121.715416
v -39.803276 287.566711 121.715485
v -18.305389 288.562317 121.715462
v 3.192528 290.612610 121.715401
v 24.690453 293.755737 121.715446
v 46.188362 298.332153 121.715485
v 67.686249 301.353577 121.715424
v 89.184196 303.105408 121.715477
v 110.682121 303.800598 121.715439
v 132.180054 304.991638 121.715454
v 153.677917 306.382141 121.715462
v 175.175903 307.772583 121.715462
v 196.673767 308.581512 121.715492
v 218.171677 308.781006 121.715462
v 239.669617 308.230896 121.715492
v 261.167511 307.680725 121.715416
v 282.665436 307.417419 121.715462
v 304.163330 307.405334 121.715454
v 325.661316 307.260254 121.715454
v 347.159149 306.854065 121.715454
v 368.657166 306.447327 121.715485
v 390.155029 306.592407 121.715477
v 411.652954 308.116150 121.715485
v 433.150818 310.056702 121.715439
v 454.648712 311.997284 121.715454
v 476.146667 312.957458 121.715439
v 497.644653 314.098846 121.715500
v 519.142517 315.574768 121.715454
v 540.640442 315.024597 121.715500
v 562.138306 314.390930 121.715424
v 583.636230 313.695648 121.715439
v 605.134094 313.000427 121.715424
v 626.632202 312.892761 121.715500
v 648.130005 313.400452 121.715485
v 669.627930 314.936035 121.715454
v -663.242859 246.706833 107.383507
v -641.744934 249.540100 107.383499
v -620.247070 253.618942 107.383507
v -598.749146 258.685852 107.383514
v -577.251221 264.620209 107.383530
v -555.753296 269.783020 107.383514
v -534.255249 273.158997 107.383514
v -512.757324 275.896057 107.383507
v -491.259552 278.290741 107.383530
v -469.761597 280.367920 107.383514
v -448.263702 282.253357 107.383530
v -426.765778 282.939514 107.383537
v -405.267883 282.921326 107.383514
v -383.769958 283.316101 107.383530
v -362.271973 281.979858 107.383514
v -340.774078 280.224060 107.383522
v -319.276154 279.033936 107.383484
v -297.778259 278.941101 107.383514
v -276.280365 279.696838 107.383484
v -254.782471 281.387756 107.383530
v -233.284531 283.658051 107.383530
v -211.786621 286.209045 107.383514
v -190.288696 288.729980 107.383530
v -168.790802 288.830139 107.383537
v -147.292847 287.622681 107.383522
v -125.794914 286.283508 107.383507
v -104.297028 286.878601 107.383499
v -82.799149 288.482422 107.383522
v -61.301247 289.651550 107.383514
v -39.803291 289.451233 107.383514
v -18.305351 289.789490 107.383530
v 3.192528 290.879944 107.383537
v 24.690445 292.841248 107.383530
v 46.188347 297.407410 107.383522
v 67.686302 300.510193 107.383476
v 89.184212 302.415466 107.383537
v 110.682114 303.311005 107.383514
v 132.180023 304.630920 107.383514
v 153.677917 306.176575 107.383522
v 175.175842 307.867493 107.383499
v 196.673798 308.725586 107.383522
v 218.171661 308.867371 107.383530
v 239.669617 308.172058 107.383522
v 261.167542 307.380707 107.383522
v 282.665405 306.947815 107.383522
v 304.163330 306.864258 107.383492
v 325.661255 306.964417 107.383514
v 347.159180 306.551880 107.383514
v 368.657104 306.020630 107.383499
v 390.155029 306.120819 107.383530
v 411.652924 307.668579 107.383484
v 433.150879 309.621155 107.383514
v 454.648773 311.506531 107.383530
v 476.146667 312.509888 107.383469
v 497.644653 313.944214 107.383530
v 519.142517 315.994324 107.383530
v 540.640381 315.599609 107.383484
v 562.138428 315.031799 107.383530
v 583.636292 314.322754 107.383530
v 605.134155 313.527405 107.383514
v 626.632080 313.288147 107.383499
v 648.130005 313.650726 107.383514
v 669.627930 315.041229 107.383530
v -663.242798 246.546234 93.051575
v -641.744934 250.034973 93.051559
v -620.247009 254.792084 93.051537
v -598.749084 260.349487 93.051567
v -577.251221 266.188812 93.051590
v -555.753174 271.106384 93.051567
v -534.255371 274.237152 93.051590
v -512.757385 276.728943 93.051575
v -491.259583 278.996277 93.051598
v -469.761566 281.052704 93.051575
v -448.263702 282.447571 93.051598
v -426.765747 282.791443 93.051544
v -405.267853 282.446716 93.051590
v -383.769958 282.105774 93.051575
v -362.272034 280.747192 93.051559
v -340.774109 279.307465 93.051559
v -319.276184 278.607849 93.051620
v -297.778290 278.796936 93.051605
v -276.280334 279.999969 93.051559
v -254.782471 282.426636 93.051552
v -233.284531 285.193909 93.051552
v -211.786636 287.972778 93.051559
v -190.288757 290.517548 93.051598
v -168.790771 290.862976 93.051544
v -147.292892 290.062225 93.051559
v -125.794930 289.051575 93.051559
v -104.297035 289.401337 93.051567
v -82.799118 290.568298 93.051559
v -61.301270 291.246826 93.051552
v -39.803268 290.556000 93.051552
v -18.305382 290.181824 93.051552
v 3.192535 290.651001 93.051598
v 24.690475 292.114929 93.051567
v 46.188385 295.945282 93.051559
v 67.686333 298.746399 93.051559
v 89.184196 300.726044 93.051529
v 110.682137 302.112030 93.051552
v 132.180023 303.747620 93.051567
v 153.677887 305.673309 93.051544
v 175.175873 308.099915 93.051552
v 196.673798 309.078339 93.051598
v 218.171722 309.220062 93.051544
v 239.669647 308.524841 93.051559
v 261.167511 307.498108 93.051559
v 282.665405 306.819946 93.051582
v 304.163330 306.531830 93.051559
v 325.661285 306.877258 93.051605
v 347.159180 306.551849 93.051559
v 368.657104 306.071228 93.051559
v 390.155029 306.416595 93.051575
v 411.652893 307.833069 93.051575
v 433.150879 309.459534 93.051544
v 454.648773 310.854431 93.051575
v 476.146667 312.241394 93.051605
v 497.644531 313.944153 93.051575
v 519.142517 316.004852 93.051559
v 540.640381 316.345886 93.051575
v 562.138306 316.090027 93.051590
v 583.636353 315.347290 93.051590
v 605.134155 314.306641 93.051575
v 626.632141 313.993652 93.051590
v 648.130005 314.356293 93.051575
v 669.627869 315.746704 93.051575
v -663.242859 246.385605 78.719666
v -641.744934 250.529831 78.719612
v -620.247009 255.965210 78.719604
v -598.749146 262.013123 78.719597
v -577.251221 267.757385 78.719650
v -555.753296 272.429749 78.719650
v -534.255371 275.315247 78.719604
v -512.757385 277.561768 78.719597
v -491.259521 279.701782 78.719650
v -469.761597 281.737427 78.719627
v -448.263672 282.641815 78.719635
v -426.765747 282.643250 78.719589
v -405.267822 281.972137 78.719643
v -383.769958 280.895447 78.719650
v -362.272003 279.514496 78.719635
v -340.774109 278.390869 78.719635
v -319.276184 278.181702 78.719589
v -297.778229 278.652771 78.719589
v -276.280334 280.303162 78.719650
v -254.782440 283.465546 78.719635
v -233.284561 286.729797 78.719650
v -211.786591 289.736542 78.719612
v -190.288666 292.305054 78.719604
v -168.790802 292.895721 78.719627
v -147.292877 292.501770 78.719666
v -125.794945 291.819580 78.719589
v -104.297043 291.924133 78.719658
v -82.799103 292.654114 78.719612
v -61.301216 292.842133 78.719589
v -39.803314 291.660828 78.719658
v -18.305374 290.574188 78.719582
v 3.192535 290.422089 78.719597
v 24.690430 291.388519 78.719627
v 46.188416 294.483246 78.719620
v 67.686302 296.982635 78.719612
v 89.184196 299.036621 78.719612
v 110.682121 300.913147 78.719635
v 132.179993 302.864227 78.719582
v 153.677979 305.170013 78.719627
v 175.175888 308.332336 78.719620
v 196.673767 309.431091 78.719620
v 218.171692 309.572815 78.719650
v 239.669617 308.877625 78.719666
v 261.167542 307.615479 78.719635
v 282.665466 306.692078 78.719666
v 304.163330 306.199432 78.719589
v 325.661224 306.790100 78.719604
v 347.159180 306.551880 78.719635
v 368.657104 306.121765 78.719620
v 390.154999 306.712402 78.719620
v 411.652924 307.997498 78.719650
v 433.150818 309.297913 78.719589
v 454.648773 310.202332 78.719620
v 476.146637 311.972961 78.719635
v 497.644592 313.944183 78.719650
v 519.142578 316.015442 78.719620
v 540.640503 317.092102 78.719635
v 562.138367 317.148285 78.719635
v 583.636292 316.371796 78.719635
v 605.134155 315.085938 78.719604
v 626.632080 314.699158 78.719604
v 648.129944 315.061829 78.719620
v 669.627930 316.452209 78.719681
v -663.242859 246.427368 64.387703
v -641.744995 251.037766 64.387703
v -620.247070 256.936035 64.387688
v -598.749146 263.474426 64.387680
v -577.251282 268.899841 64.387680
v -555.753174 273.146118 64.387672
v -534.255371 275.786377 64.387665
v -512.757385 277.916931 64.387680
v -491.259552 279.934998 64.387688
v -469.761566 281.821167 64.387688
v -448.263702 282.375732 64.387711
v -426.765808 282.090515 64.387695
v -405.267853 281.162811 64.387695
v -383.769897 279.772339 64.387665
v -362.272064 278.484192 64.387695
v -340.774139 277.676636 64.387695
v -319.276184 277.957947 64.387711
v -297.778290 278.950134 64.387688
v -276.280334 280.981506 64.387695
v -254.782471 284.316956 64.387711
v -233.284515 287.652435 64.387665
v -211.786560 290.615723 64.387703
v -190.288727 293.081055 64.387672
v -168.790771 293.916992 64.387695
v -147.292877 294.022339 64.387711
v -125.794952 293.840271 64.387688
v -104.297028 293.980927 64.387703
v -82.799103 294.445190 64.387703
v -61.301208 294.331726 64.387665
v -39.803329 292.941254 64.387657
v -18.305344 291.296204 64.387665
v 3.192535 290.532166 64.387695
v 24.690414 290.868500 64.387680
v 46.188385 293.368103 64.387650
v 67.686310 295.540527 64.387688
v 89.184219 297.485535 64.387703
v 110.682121 299.430542 64.387695
v 132.180023 301.576233 64.387703
v 153.677963 304.146057 64.387718
v 175.175873 307.622192 64.387695
v 196.673767 309.125214 64.387672
v 218.171661 309.520935 64.387657
v 239.669617 308.825745 64.387665
v 261.167542 307.598236 64.387711
v 282.665466 306.710876 64.387695
v 304.163330 306.260010 64.387695
v 325.661255 306.955261 64.387695
v 347.159180 306.935486 64.387695
v 368.657104 306.721375 64.387695
v 390.154968 307.275879 64.387711
v 411.652924 308.472260 64.387695
v 433.150848 309.680023 64.387665
v 454.648743 310.515930 64.387680
v 476.146729 312.465454 64.387711
v 497.644592 314.487488 64.387695
v 519.142456 316.428558 64.387680
v 540.640381 318.100342 64.387680
v 562.138306 318.408875 64.387680
v 583.636230 317.637390 64.387665
v 605.134216 316.387543 64.387680
v 626.632080 316.011597 64.387665
v 648.130066 316.374207 64.387695
v 669.627930 317.764709 64.387680
v -663.242859 246.619537 50.055714
v -641.744873 251.555481 50.055763
v -620.247070 257.756439 50.055717
v -598.749146 264.785339 50.055710
v -577.251160 269.725281 50.055744
v -555.753296 273.411194 50.055771
v -534.255371 275.806213 50.055737
v -512.757446 277.916931 50.055748
v -491.259521 279.817108 50.055763
v -469.761597 281.458008 50.055771
v -448.263672 281.767395 50.055767
v -426.765717 281.236877 50.055752
v -405.267883 280.104553 50.055733
v -383.769928 278.714081 50.055759
v -362.272003 277.604248 50.055725
v -340.774109 277.112762 50.055725
v -319.276154 277.884583 50.055737
v -297.778198 279.575867 50.055748
v -276.280334 281.938660 50.055733
v -254.782501 285.028900 50.055752
v -233.284546 288.119141 50.055702
v -211.786621 290.837219 50.055717
v -190.288696 293.104797 50.055756
v -168.790741 294.185974 50.055733
v -147.292862 294.859680 50.055733
v -125.794945 295.305267 50.055763
v -104.297066 295.691223 50.055740
v -82.799118 296.017212 50.055740
v -61.301208 295.742767 50.055771
v -39.803284 294.352295 50.055717
v -18.305374 292.263275 50.055725
v 3.192551 290.894348 50.055794
v 24.690460 290.501892 50.055725
v 46.188370 292.510956 50.055756
v 67.686287 294.337585 50.055771
v 89.184227 296.037354 50.055733
v 110.682129 297.737152 50.055771
v 132.180054 299.987366 50.055779
v 153.677948 302.735046 50.055733
v 175.175827 306.211151 50.055748
v 196.673798 308.329590 50.055756
v 218.171692 309.168152 50.055725
v 239.669617 308.472961 50.055725
v 261.167542 307.480896 50.055740
v 282.665405 306.838745 50.055756
v 304.163330 306.612732 50.055740
v 325.661255 307.307983 50.055740
v 347.159180 307.604431 50.055725
v 368.657043 307.729004 50.055756
v 390.155029 308.038330 50.055725
v 411.652893 309.177734 50.055740
v 433.150818 310.466370 50.055740
v 454.648743 311.547455 50.055771
v 476.146667 313.523743 50.055771
v 497.644623 315.434692 50.055756
v 519.142517 317.141113 50.055710
v 540.640442 319.303406 50.055740
v 562.138367 319.819885 50.055771
v 583.636230 319.082123 50.055725
v 605.134216 318.077576 50.055740
v 626.632080 317.775391 50.055740
v 648.130005 318.138000 50.055740
v 669.627930 319.528503 50.055756
v -663.242798 246.811691 35.723766
v -641.744934 252.073181 35.723827
v -620.247009 258.576843 35.723824
v -598.749146 266.096191 35.723808
v -577.251221 270.550781 35.723793
v -555.753174 273.676331 35.723793
v -534.255310 275.826111 35.723785
v -512.757446 277.916931 35.723801
v -491.259521 279.699219 35.723808
v -469.761597 281.094910 35.723797
v -448.263702 281.158997 35.723793
v -426.765808 280.383270 35.723793
v -405.267853 279.046265 35.723804
v -383.769958 277.655823 35.723843
v -362.272034 276.724335 35.723804
v -340.774078 276.548920 35.723778
v -319.276215 277.811218 35.723816
v -297.778290 280.201599 35.723808
v -276.280396 282.895874 35.723797
v -254.782471 285.740906 35.723824
v -233.284561 288.585876 35.723816
v -211.786621 291.058685 35.723808
v -190.288696 293.128601 35.723793
v -168.790817 294.455017 35.723793
v -147.292862 295.696960 35.723816
v -125.794968 296.770325 35.723770
v -104.297043 297.401459 35.723801
v -82.799080 297.589233 35.723793
v -61.301147 297.153748 35.723785
v -39.803299 295.763306 35.723793
v -18.305359 293.230408 35.723816
v 3.192535 291.256439 35.723770
v 24.690460 290.135193 35.723808
v 46.188385 291.653809 35.723785
v 67.686279 293.134613 35.723778
v 89.184181 294.589172 35.723808
v 110.682091 296.043701 35.723801
v 132.180038 298.398499 35.723808
v 153.677979 301.324036 35.723793
v 175.175873 304.800140 35.723801
v 196.673767 307.533997 35.723801
v 218.171692 308.815430 35.723816
v 239.669617 308.120209 35.723801
v 261.167480 307.363464 35.723816
v 282.665405 306.966614 35.723816
v 304.163330 306.965515 35.723801
v 325.661255 307.660706 35.723816
v 347.159180 308.273376 35.723801
v 368.657104 308.736694 35.723801
v 390.154999 308.800781 35.723801
v 411.652954 309.883270 35.723801
v 433.150848 311.252625 35.723801
v 454.648743 312.579041 35.723785
v 476.146667 314.581970 35.723801
v 497.644592 316.381927 35.723816
v 519.142578 317.853607 35.723801
v 540.640442 320.506409 35.723801
v 562.138306 321.230896 35.723785
v 583.636292 320.526855 35.723785
v 605.134155 319.767578 35.723785
v 626.632019 319.539124 35.723801
v 648.130005 319.901794 35.723816
v 669.627930 321.292236 35.723770
v -663.242859 247.501694 21.391869
v -641.744873 252.485901 21.391846
v -620.247070 258.663879 21.391834
v -598.749146 265.767914 21.391842
v -577.251282 270.417236 21.391859
v -555.753296 273.745544 21.391859
v -534.255310 275.831238 21.391840
v -512.757446 277.750427 21.391844
v -491.259521 279.407837 21.391844
v -469.761597 280.731750 21.391850
v -448.263702 280.550598 21.391880
v -426.765808 279.748474 21.391865
v -405.267822 278.509155 21.391865
v -383.769958 277.118713 21.391838
v -362.272003 276.233826 21.391834
v -340.774109 276.141052 21.391834
v -319.276154 277.531494 21.391853
v -297.778320 280.104492 21.391850
v -276.280334 283.034729 21.391869
v -254.782425 286.177948 21.391853
v -233.284546 288.968445 21.391861
v -211.786621 291.183167 21.391869
v -190.288666 292.891815 21.391853
v -168.790817 294.463440 21.391846
v -147.292877 296.154358 21.391861
v -125.794945 297.754028 21.391823
v -104.297096 298.811615 21.391846
v -82.799133 299.042328 21.391869
v -61.301178 298.564758 21.391861
v -39.803299 297.174316 21.391861
v -18.305374 294.525391 21.391876
v 3.192535 292.308899 21.391876
v 24.690430 290.805756 21.391884
v 46.188370 291.652710 21.391853
v 67.686295 292.606537 21.391861
v 89.184189 293.634705 21.391876
v 110.682121 294.662811 21.391838
v 132.180054 296.553406 21.391815
v 153.677948 299.081482 21.391861
v 175.175873 302.376434 21.391846
v 196.673767 305.392944 21.391861
v 218.171722 307.115540 21.391876
v 239.669647 306.963806 21.391846
v 261.167480 306.812073 21.391846
v 282.665497 307.022766 21.391861
v 304.163391 307.608948 21.391830
v 325.661255 308.666443 21.391861
v 347.159149 309.607239 21.391830
v 368.657043 310.340271 21.391846
v 390.155029 310.521423 21.391846
v 411.652893 311.631104 21.391846
v 433.150818 313.021576 21.391830
v 454.648743 314.412048 21.391876
v 476.146698 316.421967 21.391846
v 497.644592 318.274963 21.391846
v 519.142517 319.850891 21.391846
v 540.640503 321.726044 21.391876
v 562.138428 322.225098 21.391876
v 583.636230 321.735962 21.391861
v 605.134155 321.403046 21.391846
v 626.632080 321.302917 21.391830
v 648.130005 321.618286 21.391830
v 669.627930 322.827606 21.391861
v -663.242859 248.367767 7.059918
v -641.744934 252.861511 7.059896
v -620.247070 258.491547 7.059912
v -598.749023 264.859863 7.059917
v -577.251160 269.944519 7.059895
v -555.753296 273.745575 7.059908
v -534.255371 275.831238 7.059910
v -512.757385 277.525024 7.059908
v -491.259491 279.055054 7.059891
v -469.761597 280.368591 7.059906
v -448.263702 279.942200 7.059906
v -426.765808 279.191101 7.059898
v -405.267914 278.156433 7.059948
v -383.769928 276.765961 7.059940
v -362.272064 275.881104 7.059898
v -340.774078 275.788269 7.059910
v -319.276184 277.178772 7.059914
v -297.778290 279.751709 7.059921
v -276.280365 282.884094 7.059898
v -254.782471 286.517792 7.059906
v -233.284500 289.321167 7.059891
v -211.786606 291.273376 7.059914
v -190.288712 292.562836 7.059898
v -168.790741 294.379700 7.059906
v -147.292847 296.477386 7.059921
v -125.794998 298.567566 7.059921
v -104.297028 300.115662 7.059906
v -82.799118 300.453369 7.059921
v -61.301239 299.975769 7.059906
v -39.803299 298.585327 7.059883
v -18.305420 295.936401 7.059929
v 3.192551 293.605408 7.059929
v 24.690475 291.843201 7.059914
v 46.188385 291.954407 7.059906
v 67.686295 292.317200 7.059914
v 89.184158 292.854797 7.059906
v 110.682114 293.392456 7.059906
v 132.180054 294.617645 7.059921
v 153.677902 296.544769 7.059921
v 175.175812 299.594543 7.059921
v 196.673767 302.776062 7.059906
v 218.171661 304.939148 7.059906
v 239.669586 305.523132 7.059906
v 261.167542 306.107117 7.059906
v 282.665436 307.053528 7.059906
v 304.163330 308.355072 7.059891
v 325.661255 309.903137 7.059921
v 347.159149 311.176331 7.059921
v 368.657104 312.154602 7.059921
v 390.155029 312.580994 7.059937
v 411.652954 313.747650 7.059921
v 433.150879 315.138123 7.059891
v 454.648743 316.528564 7.059921
v 476.146667 318.538513 7.059906
v 497.644562 320.502502 7.059891
v 519.142578 322.302673 7.059906
v 540.640381 322.951508 7.059891
v 562.138367 323.071838 7.059921
v 583.636292 322.861694 7.059906
v 605.134094 323.019287 7.059921
v 626.632202 323.066711 7.059952
v 648.130005 323.318115 7.059906
v 669.627930 324.282166 7.059891
v -663.242859 249.233871 -7.272062
v -641.744995 253.237122 -7.272045
v -620.247009 258.319275 -7.272058
v -598.749146 263.951782 -7.272026
v -577.251282 269.471741 -7.272039
v -555.753235 273.745544 -7.272024
v -534.255249 275.831238 -7.272038
v -512.757385 277.299622 -7.272022
v -491.259521 278.702332 -7.272053
v -469.761597 280.005463 -7.272030
v -448.263733 279.333832 -7.272034
v -426.765747 278.633728 -7.272049
v -405.267822 277.803650 -7.272041
v -383.769989 276.413208 -7.272007
v -362.272064 275.528320 -7.272057
v -340.774109 275.435516 -7.272003
v -319.276184 276.825989 -7.272049
v -297.778259 279.398987 -7.272011
v -276.280365 282.733459 -7.272018
v -254.782471 286.857666 -7.272034
v -233.284607 289.673889 -7.272026
v -211.786606 291.363525 -7.272034
v -190.288696 292.233856 -7.272057
v -168.790802 294.295959 -7.272011
v -147.292877 296.800415 -7.272011
v -125.794937 299.381073 -7.272041
v -104.297043 301.419617 -7.272026
v -82.799118 301.864349 -7.272026
v -61.301224 301.386810 -7.272026
v -39.803329 299.996399 -7.272057
v -18.305420 297.347473 -7.272018
v 3.192551 294.901978 -7.272064
v 24.690460 292.880554 -7.272026
v 46.188370 292.256073 -7.272026
v 67.686279 292.027802 -7.272057
v 89.184189 292.075012 -7.272026
v 110.682083 292.122131 -7.272011
v 132.180023 292.681946 -7.272064
v 153.677948 294.008118 -7.272018
v 175.175858 296.812592 -7.272018
v 196.673767 300.159241 -7.272034
v 218.171722 302.762756 -7.272034
v 239.669632 304.082458 -7.272034
v 261.167480 305.402161 -7.272049
v 282.665436 307.084351 -7.272034
v 304.163361 309.101257 -7.272003
v 325.661255 311.139832 -7.272018
v 347.159180 312.745422 -7.272003
v 368.657104 313.968933 -7.272064
v 390.154968 314.640594 -7.272003
v 411.652954 315.864136 -7.272049
v 433.150879 317.254639 -7.272049
v 454.648743 318.645081 -7.272064
v 476.146637 320.655029 -7.272003
v 497.644623 322.730042 -7.272034
v 519.142456 324.754364 -7.272034
v 540.640442 324.177063 -7.272034
v 562.138306 323.918640 -7.272034
v 583.636292 323.987427 -7.272034
v 605.134155 324.635498 -7.272034
v 626.632080 324.830444 -7.272064
v 648.130005 325.017944 -7.272018
v 669.627930 325.736755 -7.272049
v -663.242859 249.143433 -21.603985
v -641.744995 252.507111 -21.603983
v -620.247009 257.079193 -21.603992
v -598.749146 262.862732 -21.603962
v -577.251221 268.646179 -21.603962
v -555.753296 273.266327 -21.603977
v -534.255310 275.795349 -21.603985
v -512.757385 277.277954 -21.603968
v -491.259491 278.561859 -21.603977
v -469.761597 279.651733 -21.603996
v -448.263702 278.956482 -21.603958
v -426.765747 278.261292 -21.603992
v -405.267822 277.524353 -21.603958
v -383.769958 276.577209 -21.603943
v -362.272034 276.135681 -21.603951
v -340.774109 276.166077 -21.603977
v -319.276215 276.891541 -21.603939
v -297.778290 279.176575 -21.603989
v -276.280396 282.400116 -21.603958
v -254.782440 286.571472 -21.603996
v -233.284531 288.957245 -21.603996
v -211.786621 290.653015 -21.603981
v -190.288696 291.904846 -21.603966
v -168.790771 294.212219 -21.603981
v -147.292862 296.831482 -21.603989
v -125.794922 299.459290 -21.603966
v -104.297058 301.544983 -21.603973
v -82.799133 302.173309 -21.603989
v -61.301224 301.917419 -21.603973
v -39.803314 300.748657 -21.603958
v -18.305359 298.722626 -21.603981
v 3.192535 296.620850 -21.603958
v 24.690430 294.568298 -21.603989
v 46.188385 293.651337 -21.603973
v 67.686295 293.013855 -21.603966
v 89.184204 292.570496 -21.603981
v 110.682129 292.127167 -21.603989
v 132.180008 292.179626 -21.603973
v 153.677933 292.943817 -21.603981
v 175.175858 295.059753 -21.603973
v 196.673752 298.313416 -21.603958
v 218.171692 301.223999 -21.603989
v 239.669586 303.279480 -21.604004
v 261.167511 305.122192 -21.603943
v 282.665436 307.318420 -21.603973
v 304.163391 309.810730 -21.603973
v 325.661255 311.896362 -21.603958
v 347.159180 313.962585 -21.603973
v 368.657074 315.691864 -21.603958
v 390.155029 316.165405 -21.603943
v 411.652893 317.343018 -21.603989
v 433.150818 318.660461 -21.603989
v 454.648743 319.829224 -21.603958
v 476.146698 321.815033 -21.604004
v 497.644592 323.700012 -21.603989
v 519.142517 325.308929 -21.603958
v 540.640442 324.613708 -21.603989
v 562.138306 324.191223 -21.603958
v 583.636292 324.126160 -21.603958
v 605.134155 325.043030 -21.603989
v 626.632080 325.318848 -21.603973
v 648.130005 325.326721 -21.603958
v 669.627930 325.356934 -21.604019
v -663.242859 248.951263 -35.935925
v -641.744995 251.659515 -35.935905
v -620.247070 255.725647 -35.935917
v -598.749146 261.754364 -35.935928
v -577.251221 267.783142 -35.935890
v -555.753357 272.736176 -35.935936
v -534.255310 275.755676 -35.935928
v -512.757446 277.277954 -35.935905
v -491.259583 278.444031 -35.935925
v -469.761597 279.299011 -35.935925
v -448.263702 278.603729 -35.935905
v -426.765869 277.908539 -35.935928
v -405.267883 277.252808 -35.935913
v -383.769989 276.796204 -35.935894
v -362.272095 276.845154 -35.935932
v -340.774109 277.011841 -35.935917
v -319.276215 277.001526 -35.935883
v -297.778320 278.967987 -35.935928
v -276.280396 282.047424 -35.935921
v -254.782455 286.218750 -35.935913
v -233.284515 288.126923 -35.935936
v -211.786621 289.857300 -35.935921
v -190.288727 291.575897 -35.935921
v -168.790787 294.128510 -35.935921
v -147.292862 296.831482 -35.935928
v -125.794998 299.459290 -35.935890
v -104.297058 301.544983 -35.935928
v -82.799133 302.365051 -35.935913
v -61.301239 302.354431 -35.935928
v -39.803223 301.430847 -35.935913
v -18.305389 300.094055 -35.935898
v 3.192551 298.384583 -35.935898
v 24.690460 296.325134 -35.935898
v 46.188339 295.162933 -35.935905
v 67.686325 294.135498 -35.935921
v 89.184204 293.201660 -35.935913
v 110.682114 292.267822 -35.935921
v 132.180084 291.829834 -35.935883
v 153.677933 292.036102 -35.935913
v 175.175873 293.416260 -35.935913
v 196.673828 296.549622 -35.935928
v 218.171692 299.753113 -35.935921
v 239.669617 302.544281 -35.935928
v 261.167603 304.887451 -35.935913
v 282.665466 307.574158 -35.935928
v 304.163330 310.516205 -35.935928
v 325.661316 312.601898 -35.935898
v 347.159180 315.142334 -35.935913
v 368.657135 317.405090 -35.935913
v 390.155090 317.633423 -35.935898
v 411.652924 318.754028 -35.935913
v 433.150818 319.990662 -35.935913
v 454.648743 320.914185 -35.935913
v 476.146698 322.873291 -35.935928
v 497.644653 324.536255 -35.935928
v 519.142517 325.661621 -35.935898
v 540.640442 324.966431 -35.935913
v 562.138306 324.402679 -35.935928
v 583.636292 324.159882 -35.935913
v 605.134155 325.322021 -35.935913
v 626.632141 325.671600 -35.935913
v 648.130066 325.487610 -35.935898
v 669.627869 324.782074 -35.935928
v -663.242859 248.729233 -50.267849
v -641.744995 250.833099 -50.267857
v -620.247070 254.445114 -50.267826
v -598.749084 260.719086 -50.267860
v -577.251160 266.966156 -50.267891
v -555.753296 272.218262 -50.267853
v -534.255371 275.694397 -50.267860
v -512.757446 277.284668 -50.267826
v -491.259491 278.350403 -50.267845
v -469.761597 278.970581 -50.267868
v -448.263672 278.275330 -50.267879
v -426.765747 277.569885 -50.267845
v -405.267822 276.984070 -50.267876
v -383.769989 277.034851 -50.267845
v -362.272034 277.554321 -50.267860
v -340.774078 277.847961 -50.267891
v -319.276184 277.152679 -50.267868
v -297.778259 278.764893 -50.267868
v -276.280365 281.649353 -50.267899
v -254.782471 285.769958 -50.267853
v -233.284546 287.298096 -50.267868
v -211.786591 289.101257 -50.267838
v -190.288666 291.268005 -50.267830
v -168.790787 294.031982 -50.267845
v -147.292847 296.795959 -50.267845
v -125.794922 299.406860 -50.267860
v -104.297028 301.475647 -50.267853
v -82.799149 302.470520 -50.267845
v -61.301208 302.705627 -50.267830
v -39.803284 302.061218 -50.267853
v -18.305374 301.401428 -50.267860
v 3.192520 300.091125 -50.267853
v 24.690445 298.058533 -50.267860
v 46.188324 296.684998 -50.267860
v 67.686279 295.291443 -50.267860
v 89.184219 293.889221 -50.267845
v 110.682129 292.515717 -50.267868
v 132.180023 291.613831 -50.267860
v 153.677917 291.274506 -50.267845
v 175.175812 291.918945 -50.267868
v 196.673721 294.903625 -50.267860
v 218.171692 298.366150 -50.267838
v 239.669586 301.859192 -50.267876
v 261.167542 304.668823 -50.267853
v 282.665466 307.794617 -50.267853
v 304.163330 311.127075 -50.267868
v 325.661255 313.246643 -50.267868
v 347.159180 316.218811 -50.267868
v 368.657074 318.958313 -50.267868
v 390.155029 318.992126 -50.267853
v 411.652893 320.041626 -50.267883
v 433.150848 321.180359 -50.267838
v 454.648743 321.875549 -50.267883
v 476.146698 323.764496 -50.267853
v 497.644592 325.177612 -50.267838
v 519.142517 325.819794 -50.267853
v 540.640442 325.141479 -50.267868
v 562.138367 324.472992 -50.267868
v 583.636230 324.093872 -50.267868
v 605.134155 325.484314 -50.267838
v 626.632080 325.902588 -50.267838
v 648.130066 325.548767 -50.267853
v 669.627930 324.192200 -50.267838
v -663.242859 248.104004 -64.599831
v -641.744995 250.292526 -64.599808
v -620.247009 254.149826 -64.599777
v -598.749146 260.669037 -64.599800
v -577.251221 266.770966 -64.599823
v -555.753235 271.865540 -64.599800
v -534.255310 275.341644 -64.599800
v -512.757385 277.382782 -64.599792
v -491.259583 278.585297 -64.599792
v -469.761597 278.970551 -64.599815
v -448.263672 278.275330 -64.599792
v -426.765778 277.421753 -64.599800
v -405.267822 276.753143 -64.599823
v -383.769958 277.539673 -64.599831
v -362.272064 278.259827 -64.599777
v -340.774109 278.553436 -64.599815
v -319.276245 277.858215 -64.599823
v -297.778290 278.636169 -64.599808
v -276.280365 280.640625 -64.599815
v -254.782471 284.025482 -64.599838
v -233.284561 286.489471 -64.599785
v -211.786652 288.879761 -64.599785
v -190.288727 291.244232 -64.599800
v -168.790787 293.762939 -64.599800
v -147.292847 296.281677 -64.599823
v -125.794937 298.647308 -64.599815
v -104.297058 300.470886 -64.599800
v -82.799118 301.412201 -64.599792
v -61.301193 301.900085 -64.599770
v -39.803284 301.991333 -64.599823
v -18.305344 301.845337 -64.599815
v 3.192566 301.025574 -64.599792
v 24.690460 299.476501 -64.599815
v 46.188370 298.348206 -64.599800
v 67.686295 296.910583 -64.599800
v 89.184204 295.337402 -64.599808
v 110.682098 294.209167 -64.599808
v 132.180008 293.202728 -64.599800
v 153.677902 292.483368 -64.599808
v 175.175812 292.392029 -64.599808
v 196.673782 294.846130 -64.599808
v 218.171753 298.111023 -64.599815
v 239.669647 301.849335 -64.599770
v 261.167480 304.668884 -64.599808
v 282.665466 307.538879 -64.599785
v 304.163361 310.462250 -64.599808
v 325.661255 313.072327 -64.599808
v 347.159180 315.902649 -64.599808
v 368.657104 318.353943 -64.599808
v 390.154999 318.878235 -64.599808
v 411.652924 319.665009 -64.599823
v 433.150848 320.474823 -64.599808
v 454.648743 321.170044 -64.599762
v 476.146667 322.403412 -64.599808
v 497.644653 323.191833 -64.599808
v 519.142456 323.354065 -64.599808
v 540.640381 322.920990 -64.599808
v 562.138306 322.638977 -64.599762
v 583.636230 322.682831 -64.599808
v 605.134155 324.073303 -64.599808
v 626.632141 324.491547 -64.599823
v 648.130005 324.265686 -64.599808
v 669.627930 323.399597 -64.599823
v -663.242798 247.478790 -78.931717
v -641.744934 249.751999 -78.931702
v -620.247009 253.854492 -78.931763
v -598.749084 260.618988 -78.931725
v -577.251221 266.575806 -78.931725
v -555.753296 271.512756 -78.931770
v -534.255371 274.988892 -78.931732
v -512.757385 277.480835 -78.931763
v -491.259552 278.820160 -78.931763
v -469.761566 278.970581 -78.931732
v -448.263672 278.275330 -78.931747
v -426.765808 277.273651 -78.931747
v -405.267822 276.522217 -78.931763
v -383.769958 278.044495 -78.931747
v -362.272034 278.965332 -78.931732
v -340.774048 279.258911 -78.931747
v -319.276215 278.563690 -78.931740
v -297.778320 278.507385 -78.931725
v -276.280396 279.631927 -78.931740
v -254.782455 282.281067 -78.931740
v -233.284485 285.680969 -78.931725
v -211.786606 288.658295 -78.931786
v -190.288727 291.220428 -78.931763
v -168.790726 293.493958 -78.931747
v -147.292847 295.767426 -78.931747
v -125.794983 297.887817 -78.931763
v -104.297012 299.466125 -78.931732
v -82.799118 300.353973 -78.931770
v -61.301239 301.094452 -78.931740
v -39.803284 301.921509 -78.931725
v -18.305389 302.289276 -78.931747
v 3.192520 301.960022 -78.931763
v 24.690445 300.894470 -78.931747
v 46.188385 300.011414 -78.931740
v 67.686279 298.529663 -78.931747
v 89.184174 296.785614 -78.931747
v 110.682129 295.902557 -78.931747
v 132.180054 294.791595 -78.931763
v 153.677933 293.692139 -78.931732
v 175.175812 292.865173 -78.931740
v 196.673798 294.788635 -78.931763
v 218.171661 297.855896 -78.931770
v 239.669617 301.839447 -78.931732
v 261.167542 304.668884 -78.931747
v 282.665436 307.283142 -78.931755
v 304.163361 309.797485 -78.931740
v 325.661285 312.898010 -78.931740
v 347.159149 315.586487 -78.931747
v 368.657104 317.749573 -78.931747
v 390.155029 318.764374 -78.931747
v 411.652924 319.288391 -78.931763
v 433.150818 319.769348 -78.931747
v 454.648743 320.464539 -78.931732
v 476.146637 321.042297 -78.931747
v 497.644623 321.205994 -78.931747
v 519.142517 320.888245 -78.931732
v 540.640442 320.700500 -78.931732
v 562.138367 320.804871 -78.931747
v 583.636292 321.271820 -78.931747
v 605.134155 322.662292 -78.931717
v 626.632141 323.080566 -78.931732
v 648.130005 322.982605 -78.931702
v 669.627930 322.606995 -78.931778
v -663.242859 247.000031 -93.263695
v -641.744873 249.260788 -93.263680
v -620.247070 253.422775 -93.263649
v -598.749023 260.202728 -93.263702
v -577.251221 266.013245 -93.263672
v -555.753235 270.870575 -93.263702
v -534.255432 274.461609 -93.263687
v -512.757446 277.308044 -93.263695
v -491.259521 278.807434 -93.263687
v -469.761566 278.885498 -93.263695
v -448.263702 278.132874 -93.263718
v -426.765717 277.029724 -93.263672
v -405.267822 276.243713 -93.263702
v -383.769989 278.214539 -93.263672
v -362.272003 279.341278 -93.263680
v -340.774109 279.650208 -93.263672
v -319.276184 278.725220 -93.263687
v -297.778259 277.897949 -93.263687
v -276.280365 278.352142 -93.263680
v -254.782440 280.610229 -93.263672
v -233.284576 284.954956 -93.263672
v -211.786606 288.488708 -93.263710
v -190.288666 291.202209 -93.263695
v -168.790802 293.287903 -93.263680
v -147.292847 295.411438 -93.263702
v -125.794937 297.388855 -93.263680
v -104.297028 298.779266 -93.263672
v -82.799118 299.581268 -93.263710
v -61.301193 300.457825 -93.263702
v -39.803329 301.790833 -93.263672
v -18.305344 302.546631 -93.263702
v 3.192551 302.592896 -93.263672
v 24.690430 301.897675 -93.263702
v 46.188385 301.202454 -93.263672
v 67.686279 299.788574 -93.263687
v 89.184189 298.059875 -93.263710
v 110.682083 297.364685 -93.263680
v 132.180054 296.214539 -93.263680
v 153.677917 294.881531 -93.263672
v 175.175888 293.548523 -93.263680
v 196.673767 294.882874 -93.263680
v 218.171722 297.546204 -93.263695
v 239.669647 301.430389 -93.263672
v 261.167480 304.366028 -93.263687
v 282.665466 306.869446 -93.263664
v 304.163361 309.127869 -93.263687
v 325.661255 312.661469 -93.263687
v 347.159149 315.298767 -93.263672
v 368.657104 317.263031 -93.263664
v 390.155029 318.538635 -93.263695
v 411.652954 318.790710 -93.263672
v 433.150818 318.943359 -93.263687
v 454.648743 319.523682 -93.263687
v 476.146667 319.535736 -93.263702
v 497.644592 319.189545 -93.263687
v 519.142517 318.504272 -93.263687
v 540.640442 318.504333 -93.263687
v 562.138367 318.904724 -93.263702
v 583.636292 319.687683 -93.263702
v 605.134155 321.020691 -93.263687
v 626.632080 321.542175 -93.263672
v 648.130005 321.699524 -93.263718
v 669.627930 321.814392 -93.263687
v -663.242859 247.000000 -107.595650
v -641.744934 248.930878 -107.595657
v -620.247009 252.544922 -107.595657
v -598.749084 258.589172 -107.595642
v -577.251160 264.249481 -107.595657
v -555.753296 269.282166 -107.595657
v -534.255371 273.363617 -107.595634
v -512.757507 276.249817 -107.595627
v -491.259552 277.984924 -107.595650
v -469.761597 278.522400 -107.595627
v -448.263611 277.524475 -107.595627
v -426.765778 276.472290 -107.595642
v -405.267883 275.809753 -107.595634
v -383.769989 277.290100 -107.595642
v -362.272034 278.639709 -107.595634
v -340.774109 279.014130 -107.595627
v -319.276184 277.108124 -107.595634
v -297.778259 275.717041 -107.595619
v -276.280334 276.186096 -107.595596
v -254.782501 279.179810 -107.595650
v -233.284531 284.499084 -107.595634
v -211.786636 288.488708 -107.595642
v -190.288712 291.202240 -107.595619
v -168.790787 293.287903 -107.595642
v -147.292877 295.572937 -107.595627
v -125.795013 297.741547 -107.595627
v -104.297073 299.132019 -107.595627
v -82.799118 299.742249 -107.595650
v -61.301163 300.373627 -107.595612
v -39.803314 301.461365 -107.595642
v -18.305374 302.193848 -107.595642
v 3.192535 302.240173 -107.595642
v 24.690460 301.544922 -107.595642
v 46.188354 300.849701 -107.595627
v 67.686264 299.869873 -107.595627
v 89.184174 298.765381 -107.595650
v 110.682137 298.070160 -107.595627
v 132.180038 297.094940 -107.595634
v 153.677948 296.007172 -107.595650
v 175.175842 294.919403 -107.595642
v 196.673767 295.473328 -107.595627
v 218.171692 297.058044 -107.595650
v 239.669617 299.716003 -107.595642
v 261.167511 303.072937 -107.595642
v 282.665405 305.939026 -107.595627
v 304.163330 308.442749 -107.595596
v 325.661224 312.221497 -107.595627
v 347.159180 315.104095 -107.595619
v 368.657104 317.161926 -107.595642
v 390.154968 317.946960 -107.595642
v 411.652954 317.896851 -107.595642
v 433.150818 317.723511 -107.595642
v 454.648712 317.813416 -107.595612
v 476.146698 317.553436 -107.595627
v 497.644623 317.073059 -107.595642
v 519.142578 316.387756 -107.595627
v 540.640442 316.387756 -107.595657
v 562.138367 316.788177 -107.595642
v 583.636292 317.537415 -107.595642
v 605.134155 318.625183 -107.595612
v 626.632019 319.587280 -107.595627
v 648.130005 320.416382 -107.595657
v 669.627930 321.021790 -107.595642
v -663.242859 247.000031 -121.927544
v -641.744995 248.600952 -121.927589
v -620.247009 251.667099 -121.927597
v -598.749146 256.975647 -121.927567
v -577.251160 262.485687 -121.927574
v -555.753235 267.693695 -121.927597
v -534.255310 272.265686 -121.927582
v -512.757507 275.191589 -121.927574
v -491.259491 277.162415 -121.927605
v -469.761627 278.159241 -121.927597
v -448.263702 276.916077 -121.927582
v -426.765686 275.914886 -121.927582
v -405.267883 275.375793 -121.927589
v -383.769958 276.365662 -121.927567
v -362.272034 277.938110 -121.927589
v -340.774109 278.378021 -121.927574
v -319.276215 275.491089 -121.927574
v -297.778351 273.536133 -121.927574
v -276.280365 274.019989 -121.927567
v -254.782501 277.749451 -121.927589
v -233.284531 284.043274 -121.927536
v -211.786591 288.488708 -121.927582
v -190.288696 291.202209 -121.927559
v -168.790756 293.287903 -121.927574
v -147.292862 295.734436 -121.927589
v -125.794998 298.094299 -121.927589
v -104.297028 299.484802 -121.927559
v -82.799088 299.903290 -121.927567
v -61.301208 300.289368 -121.927582
v -39.803238 301.131897 -121.927551
v -18.305359 301.841125 -121.927582
v 3.192520 301.887421 -121.927582
v 24.690460 301.192200 -121.927567
v 46.188354 300.496948 -121.927567
v 67.686279 299.951172 -121.927582
v 89.184158 299.470886 -121.927567
v 110.682076 298.775635 -121.927574
v 132.180054 297.975403 -121.927589
v 153.677933 297.132874 -121.927582
v 175.175903 296.290344 -121.927582
v 196.673782 296.063812 -121.927559
v 218.171631 296.569916 -121.927582
v 239.669556 298.001678 -121.927559
v 261.167542 301.779877 -121.927597
v 282.665405 305.008545 -121.927589
v 304.163361 307.757507 -121.927544
v 325.661255 311.781586 -121.927574
v 347.159180 314.909424 -121.927574
v 368.657043 317.060730 -121.927582
v 390.155029 317.355347 -121.927567
v 411.652924 317.003052 -121.927574
v 433.150818 316.503632 -121.927589
v 454.648743 316.103027 -121.927567
v 476.146667 315.571136 -121.927589
v 497.644653 314.956512 -121.927582
v 519.142578 314.271240 -121.927597
v 540.640381 314.271240 -121.927551
v 562.138306 314.671692 -121.927567
v 583.636230 315.387177 -121.927567
v 605.134216 316.229675 -121.927567
v 626.632080 317.632416 -121.927582
v 648.130005 319.133301 -121.927597
v 669.627930 320.229187 -121.927597
v -663.242859 247.301239 -136.259521
v -641.744995 248.477829 -136.259491
v -620.247009 251.116913 -136.259521
v -598.749146 255.885559 -136.259491
v -577.251221 261.129578 -136.259506
v -555.753296 266.141937 -136.259521
v -534.255310 270.518860 -136.259521
v -512.757446 273.428894 -136.259552
v -491.259552 275.729706 -136.259537
v -469.761597 277.394226 -136.259521
v -448.263672 276.395508 -136.259552
v -426.765747 275.757629 -136.259552
v -405.267822 275.537781 -136.259521
v -383.769928 276.233002 -136.259491
v -362.272064 277.654480 -136.259521
v -340.774078 277.855072 -136.259506
v -319.276184 274.378967 -136.259552
v -297.778259 272.168640 -136.259491
v -276.280365 272.759338 -136.259506
v -254.782455 277.028625 -136.259552
v -233.284546 283.719666 -136.259476
v -211.786560 288.505127 -136.259521
v -190.288666 291.493469 -136.259491
v -168.790802 293.677094 -136.259491
v -147.292877 296.125122 -136.259506
v -125.794952 298.468689 -136.259491
v -104.297043 299.957092 -136.259521
v -82.799118 300.281799 -136.259537
v -61.301178 300.453217 -136.259491
v -39.803329 300.952637 -136.259521
v -18.305374 301.451965 -136.259506
v 3.192535 301.439514 -136.259521
v 24.690445 300.839478 -136.259521
v 46.188416 300.144226 -136.259506
v 67.686264 299.743530 -136.259491
v 89.184189 299.486816 -136.259552
v 110.682114 298.889587 -136.259552
v 132.180054 298.222382 -136.259491
v 153.677933 297.554138 -136.259506
v 175.175873 296.956787 -136.259521
v 196.673737 296.359558 -136.259491
v 218.171661 296.159790 -136.259491
v 239.669617 296.561218 -136.259476
v 261.167542 300.392639 -136.259552
v 282.665466 303.898529 -136.259506
v 304.163330 307.072327 -136.259491
v 325.661255 311.341736 -136.259521
v 347.159210 314.525360 -136.259506
v 368.657104 316.557190 -136.259521
v 390.155029 316.459229 -136.259537
v 411.652924 315.902710 -136.259506
v 433.150879 315.207458 -136.259521
v 454.648743 314.512207 -136.259521
v 476.146698 313.729736 -136.259552
v 497.644592 312.980927 -136.259506
v 519.142517 312.295593 -136.259537
v 540.640381 312.295593 -136.259521
v 562.138367 312.696045 -136.259521
v 583.636230 313.418182 -136.259521
v 605.134155 314.309296 -136.259491
v 626.632141 316.035706 -136.259552
v 648.130005 317.965576 -136.259476
v 669.627930 319.453918 -136.259491
v -663.242859 248.055466 -150.591431
v -641.744873 248.665634 -150.591446
v -620.247009 251.059479 -150.591446
v -598.749023 255.582886 -150.591461
v -577.251160 260.386444 -150.591476
v -555.753235 264.645355 -150.591461
v -534.255310 267.796021 -150.591446
v -512.757446 270.606812 -150.591461
v -491.259521 273.379242 -150.591461
v -469.761627 276.024719 -150.591476
v -448.263702 276.007019 -150.591461
v -426.765747 276.201965 -150.591431
v -405.267822 276.596008 -150.591446
v -383.769958 277.291260 -150.591431
v -362.272034 277.999359 -150.591446
v -340.774078 277.502319 -150.591492
v -319.276154 274.026184 -150.591461
v -297.778290 272.024475 -150.591461
v -276.280396 272.860413 -150.591461
v -254.782501 277.374939 -150.591461
v -233.284546 283.594788 -150.591492
v -211.786606 288.546326 -150.591461
v -190.288696 292.222748 -150.591446
v -168.790817 294.651672 -150.591461
v -147.292847 296.860352 -150.591461
v -125.794937 298.875427 -150.591431
v -104.297073 300.609070 -150.591476
v -82.799133 300.987274 -150.591476
v -61.301193 300.990326 -150.591446
v -39.803284 300.999146 -150.591476
v -18.305389 301.008026 -150.591461
v 3.192551 300.848450 -150.591461
v 24.690506 300.486694 -150.591461
v 46.188354 299.791443 -150.591446
v 67.686279 299.101501 -150.591446
v 89.184204 298.465759 -150.591476
v 110.682129 298.113708 -150.591476
v 132.180023 297.516907 -150.591431
v 153.677979 296.915985 -150.591461
v 175.175858 296.563965 -150.591476
v 196.673752 296.211914 -150.591461
v 218.171692 295.866913 -150.591461
v 239.669601 295.532562 -150.591492
v 261.167542 298.863647 -150.591461
v 282.665466 302.518280 -150.591461
v 304.163330 306.387207 -150.591461
v 325.661224 310.901703 -150.591461
v 347.159180 313.856445 -150.591461
v 368.657074 315.448303 -150.591461
v 390.154999 315.105164 -150.591431
v 411.652954 314.491669 -150.591461
v 433.150879 313.796448 -150.591461
v 454.648743 313.101196 -150.591476
v 476.146667 312.100189 -150.591461
v 497.644592 311.217133 -150.591476
v 519.142578 310.531830 -150.591476
v 540.640381 310.531830 -150.591446
v 562.138306 310.932220 -150.591446
v 583.636292 311.721863 -150.591476
v 605.134155 313.103516 -150.591492
v 626.632080 314.977386 -150.591476
v 648.130005 316.971252 -150.591476
v 669.627930 318.704895 -150.591446
v -663.242798 248.809692 -164.923386
v -641.744995 248.853439 -164.923416
v -620.247009 251.002014 -164.923355
v -598.749023 255.280197 -164.923401
v -577.251282 259.643311 -164.923401
v -555.753296 263.148743 -164.923447
v -534.255371 265.073181 -164.923416
v -512.757446 267.784851 -164.923401
v -491.259552 271.028778 -164.923416
v -469.761566 274.655212 -164.923401
v -448.263672 275.618530 -164.923431
v -426.765839 276.646301 -164.923386
v -405.267853 277.654297 -164.923370
v -383.769958 278.349548 -164.923386
v -362.272034 278.344238 -164.923431
v -340.774109 277.149597 -164.923416
v -319.276215 273.673431 -164.923401
v -297.778290 271.880249 -164.923416
v -276.280334 272.961487 -164.923401
v -254.782455 277.721252 -164.923401
v -233.284531 283.469971 -164.923386
v -211.786606 288.587341 -164.923401
v -190.288712 292.952087 -164.923401
v -168.790726 295.626160 -164.923401
v -147.292877 297.595581 -164.923401
v -125.794968 299.282166 -164.923401
v -104.297012 301.261047 -164.923401
v -82.799133 301.692810 -164.923401
v -61.301239 301.527405 -164.923401
v -39.803284 301.045715 -164.923370
v -18.305405 300.564087 -164.923401
v 3.192520 300.257385 -164.923431
v 24.690445 300.133911 -164.923370
v 46.188354 299.438660 -164.923416
v 67.686295 298.459320 -164.923416
v 89.184204 297.444641 -164.923386
v 110.682068 297.337830 -164.923401
v 132.180054 296.811401 -164.923416
v 153.677933 296.277893 -164.923401
v 175.175812 296.171082 -164.923401
v 196.673767 296.064270 -164.923401
v 218.171692 295.574036 -164.923416
v 239.669617 294.503967 -164.923431
v 261.167542 297.334656 -164.923431
v 282.665405 301.138123 -164.923401
v 304.163330 305.702026 -164.923401
v 325.661316 310.461853 -164.923401
v 347.159180 313.187561 -164.923401
v 368.657104 314.339478 -164.923401
v 390.155029 313.751038 -164.923401
v 411.652893 313.080627 -164.923401
v 433.150879 312.385437 -164.923401
v 454.648773 311.690186 -164.923431
v 476.146667 310.470642 -164.923447
v 497.644562 309.453339 -164.923386
v 519.142517 308.768066 -164.923401
v 540.640442 308.768066 -164.923431
v 562.138306 309.168518 -164.923447
v 583.636353 310.025604 -164.923401
v 605.134155 311.897705 -164.923447
v 626.632080 313.919128 -164.923355
v 648.130005 315.976929 -164.923370
v 669.627869 317.955872 -164.923386
v -663.242859 250.486786 -179.255310
v -641.744934 250.049850 -179.255325
v -620.247009 251.643860 -179.255295
v -598.749023 255.261444 -179.255341
v -577.251160 258.878998 -179.255341
v -555.753296 261.601501 -179.255356
v -534.255371 262.715027 -179.255371
v -512.757385 265.361023 -179.255356
v -491.259491 268.810364 -179.255341
v -469.761566 272.893311 -179.255356
v -448.263702 274.976044 -179.255371
v -426.765808 276.724304 -179.255356
v -405.267822 278.138031 -179.255325
v -383.769958 278.971741 -179.255371
v -362.272003 278.794250 -179.255325
v -340.774078 277.474182 -179.255341
v -319.276215 274.274994 -179.255325
v -297.778290 272.731781 -179.255325
v -276.280334 273.772949 -179.255341
v -254.782440 278.085785 -179.255341
v -233.284515 283.479919 -179.255325
v -211.786636 288.457001 -179.255371
v -190.288696 292.857910 -179.255371
v -168.790771 295.500427 -179.255341
v -147.292831 297.409485 -179.255341
v -125.794937 299.091492 -179.255341
v -104.297028 301.315643 -179.255371
v -82.799133 301.800873 -179.255371
v -61.301193 301.466980 -179.255356
v -39.803345 300.494843 -179.255371
v -18.305389 299.648041 -179.255356
v 3.192535 299.268066 -179.255356
v 24.690445 299.382904 -179.255356
v 46.188370 298.687683 -179.255371
v 67.686310 297.745667 -179.255325
v 89.184265 296.779907 -179.255371
v 110.682129 296.641449 -179.255371
v 132.179993 296.204651 -179.255341
v 153.677948 295.838928 -179.255371
v 175.175873 295.977356 -179.255341
v 196.673798 296.115814 -179.255341
v 218.171692 295.700775 -179.255371
v 239.669556 294.448730 -179.255310
v 261.167480 296.934265 -179.255341
v 282.665405 300.447479 -179.255341
v 304.163330 304.771790 -179.255341
v 325.661316 309.223022 -179.255371
v 347.159180 311.522919 -179.255341
v 368.657104 312.263489 -179.255341
v 390.155060 311.568298 -179.255356
v 411.652924 310.873047 -179.255325
v 433.150848 310.177826 -179.255310
v 454.648712 309.482605 -179.255371
v 476.146637 308.291229 -179.255325
v 497.644623 307.416626 -179.255341
v 519.142456 307.010223 -179.255341
v 540.640442 307.425598 -179.255356
v 562.138367 308.002136 -179.255371
v 583.636230 308.888641 -179.255356
v 605.134155 310.974304 -179.255341
v 626.632080 313.059998 -179.255295
v 648.130005 315.181824 -179.255325
v 669.627930 317.405945 -179.255341
v -663.242859 252.875778 -193.587311
v -641.744934 252.024292 -193.587326
v -620.247009 252.825165 -193.587280
v -598.749084 255.461731 -193.587326
v -577.251221 258.098328 -193.587311
v -555.753296 260.015137 -193.587280
v -534.255310 260.638245 -193.587296
v -512.757507 263.244568 -193.587311
v -491.259521 266.693909 -193.587280
v -469.761566 270.828705 -193.587280
v -448.263672 274.137634 -193.587311
v -426.765747 276.519623 -193.587311
v -405.267822 278.178650 -193.587280
v -383.769897 279.257629 -193.587280
v -362.272003 279.325378 -193.587280
v -340.774078 278.321381 -193.587280
v -319.276215 275.612671 -193.587296
v -297.778259 274.351379 -193.587280
v -276.280334 275.132507 -193.587280
v -254.782440 278.464325 -193.587280
v -233.284546 283.593933 -193.587311
v -211.786606 288.194427 -193.587296
v -190.288712 292.128632 -193.587296
v -168.790802 294.525848 -193.587311
v -147.292862 296.512756 -193.587280
v -125.794952 298.440002 -193.587296
v -104.297058 300.909363 -193.587311
v -82.799118 301.448090 -193.587296
v -61.301224 300.945740 -193.587311
v -39.803268 299.483124 -193.587326
v -18.305405 298.367798 -193.587280
v 3.192551 297.971527 -193.587311
v 24.690460 298.324585 -193.587296
v 46.188354 297.629395 -193.587280
v 67.686295 296.976746 -193.587280
v 89.184204 296.389954 -193.587296
v 110.682129 296.006287 -193.587296
v 132.179993 295.674011 -193.587280
v 153.677917 295.553528 -193.587280
v 175.175858 295.937256 -193.587311
v 196.673782 296.320984 -193.587280
v 218.171661 296.151123 -193.587280
v 239.669617 295.144379 -193.587311
v 261.167542 297.404419 -193.587280
v 282.665466 300.288879 -193.587311
v 304.163330 303.652527 -193.587280
v 325.661255 307.368011 -193.587280
v 347.159149 309.090210 -193.587280
v 368.657043 309.441467 -193.587280
v 390.154999 308.746277 -193.587311
v 411.652954 308.050995 -193.587311
v 433.150879 307.355774 -193.587311
v 454.648804 306.660583 -193.587311
v 476.146667 305.687744 -193.587265
v 497.644684 305.169373 -193.587326
v 519.142578 305.257019 -193.587311
v 540.640442 306.408051 -193.587311
v 562.138306 307.296600 -193.587280
v 583.636230 308.183105 -193.587311
v 605.134155 310.268860 -193.587280
v 626.632080 312.354492 -193.587280
v 648.130005 314.540253 -193.587311
v 669.627930 317.009644 -193.587311
v -663.242859 255.264771 -207.919250
v -641.744995 253.998718 -207.919220
v -620.247009 254.006393 -207.919235
v -598.749084 255.661987 -207.919220
v -577.251160 257.317596 -207.919250
v -555.753235 258.428772 -207.919250
v -534.255310 258.561371 -207.919189
v -512.757446 261.127991 -207.919266
v -491.259552 264.577332 -207.919250
v -469.761627 268.764099 -207.919250
v -448.263672 273.299255 -207.919220
v -426.765808 276.315002 -207.919250
v -405.267883 278.219299 -207.919266
v -383.769958 279.543427 -207.919205
v -362.272034 279.856506 -207.919250
v -340.774078 279.168579 -207.919220
v -319.276215 276.950317 -207.919220
v -297.778259 275.971008 -207.919220
v -276.280304 276.492004 -207.919235
v -254.782471 278.842834 -207.919250
v -233.284576 283.707855 -207.919250
v -211.786591 287.931854 -207.919220
v -190.288727 291.399353 -207.919235
v -168.790817 293.551331 -207.919250
v -147.292892 295.615967 -207.919250
v -125.794983 297.788452 -207.919266
v -104.297073 300.503113 -207.919235
v -82.799072 301.095337 -207.919235
v -61.301208 300.424561 -207.919281
v -39.803284 298.471436 -207.919235
v -18.305328 297.087585 -207.919220
v 3.192520 296.674896 -207.919266
v 24.690430 297.266418 -207.919205
v 46.188339 296.571106 -207.919235
v 67.686295 296.207825 -207.919281
v 89.184189 296.000061 -207.919220
v 110.682114 295.371063 -207.919250
v 132.180038 295.143433 -207.919281
v 153.677979 295.268188 -207.919235
v 175.175903 295.897156 -207.919235
v 196.673782 296.526093 -207.919235
v 218.171661 296.601532 -207.919220
v 239.669647 295.839966 -207.919250
v 261.167542 297.874573 -207.919250
v 282.665405 300.130219 -207.919235
v 304.163361 302.533173 -207.919281
v 325.661255 305.513000 -207.919220
v 347.159241 306.657562 -207.919250
v 368.657135 306.619446 -207.919266
v 390.154968 305.924255 -207.919220
v 411.652954 305.228943 -207.919250
v 433.150879 304.533752 -207.919235
v 454.648743 303.838501 -207.919205
v 476.146667 303.084198 -207.919250
v 497.644623 302.922180 -207.919250
v 519.142517 303.503754 -207.919220
v 540.640442 305.390564 -207.919250
v 562.138306 306.591125 -207.919220
v 583.636292 307.477631 -207.919235
v 605.134216 309.563293 -207.919266
v 626.632080 311.648987 -207.919220
v 648.130005 313.898743 -207.919220
v 669.627930 316.613342 -207.919235
v -663.242859 257.197510 -222.251160
v -641.744934 255.699066 -222.251190
v -620.247070 255.187653 -222.251175
v -598.749084 255.862274 -222.251144
v -577.251160 256.536926 -222.251175
v -555.753296 257.034363 -222.251205
v -534.255310 257.213318 -222.251175
v -512.757446 259.619202 -222.251221
v -491.259521 262.889587 -222.251160
v -469.761566 266.903870 -222.251144
v -448.263672 271.412537 -222.251160
v -426.765747 274.674011 -222.251160
v -405.267822 276.943237 -222.251160
v -383.769958 278.333679 -222.251175
v -362.272034 279.363647 -222.251190
v -340.774078 279.707733 -222.251190
v -319.276215 278.695740 -222.251175
v -297.778259 277.953186 -222.251160
v -276.280365 278.182709 -222.251175
v -254.782455 279.731506 -222.251160
v -233.284500 283.813904 -222.251160
v -211.786591 287.507690 -222.251160
v -190.288727 290.652710 -222.251160
v -168.790833 292.380463 -222.251175
v -147.292816 294.461853 -222.251190
v -125.794952 296.761353 -222.251190
v -104.297043 299.184387 -222.251144
v -82.799149 299.712982 -222.251205
v -61.301208 299.119568 -222.251190
v -39.803329 297.391785 -222.251160
v -18.305374 296.131287 -222.251190
v 3.192535 295.642639 -222.251160
v 24.690475 295.965942 -222.251175
v 46.188385 295.807556 -222.251160
v 67.686310 295.848206 -222.251190
v 89.184219 295.948853 -222.251205
v 110.682098 295.611542 -222.251160
v 132.180023 295.514832 -222.251160
v 153.677917 295.656708 -222.251190
v 175.175903 296.172974 -222.251175
v 196.673752 296.689270 -222.251160
v 218.171661 296.723236 -222.251160
v 239.669617 296.028015 -222.251160
v 261.167542 297.486389 -222.251190
v 282.665436 299.315125 -222.251190
v 304.163361 301.428772 -222.251175
v 325.661255 303.851776 -222.251160
v 347.159180 304.366943 -222.251175
v 368.657074 303.760498 -222.251144
v 390.154968 302.886322 -222.251144
v 411.652893 302.424377 -222.251175
v 433.150879 302.028076 -222.251190
v 454.648712 301.511810 -222.251160
v 476.146637 300.836060 -222.251160
v 497.644592 300.932312 -222.251160
v 519.142517 302.002808 -222.251221
v 540.640381 304.267456 -222.251160
v 562.138367 305.628174 -222.251190
v 583.636230 306.465424 -222.251190
v 605.134155 308.193237 -222.251144
v 626.632080 310.546631 -222.251160
v 648.130005 313.210510 -222.251160
v 669.627930 315.991394 -222.251144
v -663.242859 258.961304 -236.583099
v -641.744995 257.297913 -236.583115
v -620.247070 256.368896 -236.583130
v -598.749084 256.062561 -236.583130
v -577.251221 255.756195 -236.583130
v -555.753296 255.710999 -236.583115
v -534.255371 256.135193 -236.583084
v -512.757446 258.335541 -236.583099
v -491.259552 261.360687 -236.583115
v -469.761536 265.119324 -236.583099
v -448.263672 269.137512 -236.583130
v -426.765747 272.500946 -236.583115
v -405.267883 275.179413 -236.583130
v -383.769958 276.569885 -236.583160
v -362.272034 278.491638 -236.583084
v -340.774078 280.132751 -236.583115
v -319.276245 280.592224 -236.583099
v -297.778320 280.069702 -236.583176
v -276.280334 279.996033 -236.583115
v -254.782471 280.809143 -236.583130
v -233.284561 283.916962 -236.583130
v -211.786591 287.023651 -236.583130
v -190.288742 289.899628 -236.583099
v -168.790787 291.136902 -236.583130
v -147.292862 293.212341 -236.583099
v -125.794968 295.595062 -236.583130
v -104.297028 297.527649 -236.583130
v -82.799133 297.949188 -236.583130
v -61.301178 297.524231 -236.583130
v -39.803299 296.286957 -236.583115
v -18.305420 295.294983 -236.583099
v 3.192535 294.708191 -236.583130
v 24.690460 294.575684 -236.583084
v 46.188400 295.153076 -236.583099
v 67.686279 295.640076 -236.583130
v 89.184204 296.023254 -236.583130
v 110.682129 296.176392 -236.583145
v 132.180054 296.220337 -236.583099
v 153.677948 296.294800 -236.583130
v 175.175842 296.565857 -236.583115
v 196.673798 296.836853 -236.583099
v 218.171692 296.723267 -236.583115
v 239.669647 296.028046 -236.583130
v 261.167542 296.780334 -236.583130
v 282.665436 298.256836 -236.583099
v 304.163391 300.329803 -236.583130
v 325.661285 302.262299 -236.583115
v 347.159149 302.128906 -236.583115
v 368.657104 300.887909 -236.583099
v 390.154999 299.768494 -236.583115
v 411.652893 299.626160 -236.583099
v 433.150879 299.639587 -236.583130
v 454.648773 299.368591 -236.583145
v 476.146637 298.719543 -236.583099
v 497.644623 299.037903 -236.583115
v 519.142578 300.595337 -236.583115
v 540.640442 303.105164 -236.583115
v 562.138367 304.569946 -236.583099
v 583.636353 305.339722 -236.583160
v 605.134155 306.576996 -236.583130
v 626.632080 309.297302 -236.583130
v 648.130005 312.504974 -236.583130
v 669.627930 315.285889 -236.583099
v -663.242859 260.725067 -250.915070
v -641.744934 258.896698 -250.915054
v -620.247009 257.550171 -250.915085
v -598.749146 256.262817 -250.915070
v -577.251221 254.975510 -250.915054
v -555.753296 254.387665 -250.915024
v -534.255310 255.057098 -250.915054
v -512.757507 257.051880 -250.915100
v -491.259552 259.831757 -250.915039
v -469.761627 263.334778 -250.915085
v -448.263641 266.862518 -250.915039
v -426.765747 270.327942 -250.915070
v -405.267853 273.415710 -250.915054
v -383.769958 274.806122 -250.915039
v -362.272034 277.619568 -250.915039
v -340.774109 280.557739 -250.915039
v -319.276184 282.488708 -250.915085
v -297.778320 282.186249 -250.915070
v -276.280334 281.809387 -250.915039
v -254.782455 281.886719 -250.915054
v -233.284531 284.020020 -250.915039
v -211.786591 286.539612 -250.915070
v -190.288727 289.146545 -250.915039
v -168.790833 289.893372 -250.915070
v -147.292877 291.962830 -250.915039
v -125.794907 294.428802 -250.915039
v -104.297058 295.870819 -250.915039
v -82.799088 296.185425 -250.915039
v -61.301224 295.928925 -250.915039
v -39.803268 295.182129 -250.915054
v -18.305389 294.458679 -250.915070
v 3.192505 293.773743 -250.915070
v 24.690491 293.185547 -250.915054
v 46.188324 294.498627 -250.915054
v 67.686310 295.432007 -250.915070
v 89.184204 296.097595 -250.915039
v 110.682098 296.741272 -250.915070
v 132.180023 296.925842 -250.915070
v 153.677948 296.932953 -250.915054
v 175.175873 296.958710 -250.915039
v 196.673798 296.984497 -250.915070
v 218.171677 296.723267 -250.915054
v 239.669617 296.028046 -250.915070
v 261.167480 296.074280 -250.915054
v 282.665436 297.198578 -250.915070
v 304.163330 299.230896 -250.915039
v 325.661285 300.672913 -250.915070
v 347.159241 299.890930 -250.915070
v 368.657074 298.015320 -250.915054
v 390.154999 296.650635 -250.915039
v 411.652893 296.828003 -250.915054
v 433.150879 297.251099 -250.915054
v 454.648773 297.225342 -250.915070
v 476.146667 296.603027 -250.915070
v 497.644592 297.143311 -250.915039
v 519.142517 299.187805 -250.915070
v 540.640381 301.942932 -250.915070
v 562.138367 303.511658 -250.915054
v 583.636292 304.213959 -250.915054
v 605.134216 304.960785 -250.915054
v 626.632080 308.047913 -250.915039
v 648.130005 311.799500 -250.915054
v 669.627869 314.580383 -250.915070
v -663.242859 263.751465 -265.246979
v -641.744934 261.167786 -265.247009
v -620.247070 258.782806 -265.247009
v -598.749084 256.733948 -265.246979
v -577.251160 254.510468 -265.247040
v -555.753296 253.301544 -265.247009
v -534.255310 253.996750 -265.246979
v -512.757385 255.969910 -265.247009
v -491.259552 258.724060 -265.247040
v -469.761597 262.209442 -265.247009
v -448.263672 265.905121 -265.247009
v -426.765808 269.468140 -265.247009
v -405.267792 272.744324 -265.247009
v -383.769928 275.012543 -265.246979
v -362.272095 277.999634 -265.247009
v -340.774048 280.918152 -265.246979
v -319.276184 283.003845 -265.246979
v -297.778290 283.097717 -265.247040
v -276.280334 282.856567 -265.247009
v -254.782410 282.637085 -265.247009
v -233.284515 284.234802 -265.246979
v -211.786575 286.371277 -265.247009
v -190.288712 288.815613 -265.247009
v -168.790817 290.169189 -265.247009
v -147.292862 292.173767 -265.247009
v -125.794937 294.257874 -265.247009
v -104.297028 295.428894 -265.247009
v -82.799103 295.341156 -265.247009
v -61.301178 294.814209 -265.246948
v -39.803345 294.118988 -265.246979
v -18.305405 293.423767 -265.247009
v 3.192505 292.933411 -265.247009
v 24.690475 292.729950 -265.247009
v 46.188416 294.339905 -265.246979
v 67.686295 295.669067 -265.246948
v 89.184174 296.769989 -265.247009
v 110.682083 297.684753 -265.247009
v 132.180023 297.790497 -265.247009
v 153.677948 297.571045 -265.247009
v 175.175873 297.351624 -265.247009
v 196.673782 297.132080 -265.247009
v 218.171661 296.548523 -265.247009
v 239.669586 295.414368 -265.247009
v 261.167480 295.158020 -265.247009
v 282.665405 296.140320 -265.247009
v 304.163330 298.186523 -265.247009
v 325.661255 299.796478 -265.246979
v 347.159149 299.165741 -265.246979
v 368.657104 297.307190 -265.246979
v 390.154999 295.477722 -265.246979
v 411.652924 295.249817 -265.246979
v 433.150879 295.566254 -265.247040
v 454.648712 296.005188 -265.246979
v 476.146637 295.824585 -265.247009
v 497.644592 296.429810 -265.247009
v 519.142517 298.089661 -265.246979
v 540.640381 300.651093 -265.246979
v 562.138367 302.137756 -265.247009
v 583.636230 302.923553 -265.247009
v 605.134155 304.277161 -265.246979
v 626.632080 307.447479 -265.246948
v 648.130005 311.151184 -265.247009
v 669.627869 314.151581 -265.247009
v -663.242798 266.926331 -279.578918
v -641.744995 263.517792 -279.578979
v -620.247009 260.021484 -279.578949
v -598.749084 257.236938 -279.578918
v -577.251160 254.082520 -279.578918
v -555.753235 252.243256 -279.578918
v -534.255371 252.938477 -279.578979
v -512.757507 254.911667 -279.578949
v -491.259583 257.665771 -279.579010
v -469.761597 261.161560 -279.578918
v -448.263702 265.102478 -279.578979
v -426.765747 268.762634 -279.578979
v -405.267822 272.201233 -279.578949
v -383.769897 275.450500 -279.578918
v -362.272034 278.526794 -279.578949
v -340.774109 281.270844 -279.578979
v -319.276154 283.356537 -279.578949
v -297.778259 283.867615 -279.578918
v -276.280396 283.813812 -279.578949
v -254.782440 283.349091 -279.578979
v -233.284485 284.462738 -279.578979
v -211.786606 286.239929 -279.578918
v -190.288696 288.534149 -279.578979
v -168.790802 290.623535 -279.578949
v -147.292923 292.556213 -279.578979
v -125.794983 294.203857 -279.578949
v -104.297028 295.129639 -279.578979
v -82.799103 294.604919 -279.578979
v -61.301193 293.755981 -279.578949
v -39.803238 293.060730 -279.578979
v -18.305389 292.365479 -279.578949
v 3.192566 292.104065 -279.578979
v 24.690460 292.384125 -279.578949
v 46.188324 294.239258 -279.578979
v 67.686264 295.958466 -279.578949
v 89.184189 297.512695 -279.578949
v 110.682098 298.672607 -279.578949
v 132.180023 298.673828 -279.578918
v 153.677917 298.209167 -279.578979
v 175.175858 297.744446 -279.578949
v 196.673767 297.279724 -279.578979
v 218.171677 296.353271 -279.578949
v 239.669556 294.728638 -279.578949
v 261.167542 294.217163 -279.579010
v 282.665466 295.082031 -279.578949
v 304.163330 297.148621 -279.578918
v 325.661255 299.003784 -279.578949
v 347.159149 298.618347 -279.578949
v 368.657166 296.853210 -279.578979
v 390.155029 294.533325 -279.578949
v 411.652924 293.814941 -279.578979
v 433.150879 293.964081 -279.578979
v 454.648743 294.893494 -279.578979
v 476.146637 295.203430 -279.578949
v 497.644653 295.855042 -279.578979
v 519.142517 297.027893 -279.578979
v 540.640442 299.344116 -279.578979
v 562.138306 300.726746 -279.578918
v 583.636292 301.613739 -279.578979
v 605.134155 303.703064 -279.578918
v 626.632202 306.923279 -279.578979
v 648.130005 310.509644 -279.578949
v 669.627930 313.755310 -279.578979
v -663.242859 270.000061 -293.910858
v -641.744995 265.811493 -293.910919
v -620.247070 261.260193 -293.910919
v -598.749084 257.739868 -293.910919
v -577.251221 253.736572 -293.910950
v -555.753296 251.301636 -293.910889
v -534.255310 251.908508 -293.910858
v -512.757446 253.847519 -293.910889
v -491.259491 256.579285 -293.910889
v -469.761597 260.071960 -293.910889
v -448.263672 264.272797 -293.910919
v -426.765747 268.071503 -293.910889
v -405.267853 271.711884 -293.910889
v -383.769897 275.883301 -293.910828
v -362.272003 279.043518 -293.910858
v -340.774109 281.619354 -293.910858
v -319.276184 283.690369 -293.910889
v -297.778320 284.578735 -293.910919
v -276.280334 284.698425 -293.910858
v -254.782455 284.018005 -293.910858
v -233.284561 284.691345 -293.910919
v -211.786636 286.145569 -293.910889
v -190.288681 288.309143 -293.910889
v -168.790787 291.060608 -293.910889
v -147.292801 292.915741 -293.910889
v -125.794968 294.149841 -293.910889
v -104.297058 294.830383 -293.910889
v -82.799103 293.903198 -293.910919
v -61.301239 292.761200 -293.910889
v -39.803314 292.066010 -293.910919
v -18.305359 291.397400 -293.910858
v 3.192505 291.373657 -293.910919
v 24.690445 292.122253 -293.910889
v 46.188385 294.193176 -293.910889
v 67.686279 296.264160 -293.910889
v 89.184174 298.234192 -293.910919
v 110.682129 299.639343 -293.910919
v 132.180008 299.546509 -293.910889
v 153.677902 298.843201 -293.910889
v 175.175888 298.118500 -293.910889
v 196.673767 297.393860 -293.910919
v 218.171722 296.133270 -293.910889
v 239.669617 294.062256 -293.910919
v 261.167480 293.339905 -293.910889
v 282.665466 294.100800 -293.910889
v 304.163330 296.170532 -293.910889
v 325.661224 298.226776 -293.910889
v 347.159241 298.070892 -293.910889
v 368.657104 296.408508 -293.910858
v 390.154968 293.642273 -293.910858
v 411.652954 292.443573 -293.910919
v 433.150818 292.406006 -293.910889
v 454.648743 293.767029 -293.910919
v 476.146667 294.561005 -293.910889
v 497.644562 295.279022 -293.910889
v 519.142517 296.008240 -293.910889
v 540.640381 298.064514 -293.910858
v 562.138367 299.336853 -293.910889
v 583.636353 300.319031 -293.910950
v 605.134155 303.099945 -293.910889
v 626.632080 306.356628 -293.910889
v 648.130005 309.814270 -293.910858
v 669.627930 313.260956 -293.910889
v -663.242859 271.491302 -308.242889
v -641.745056 267.222473 -308.242828
v -620.247009 262.498871 -308.242798
v -598.749084 258.242859 -308.242828
v -577.251221 254.674866 -308.242859
v -555.753235 252.186676 -308.242798
v -534.255371 251.322083 -308.242859
v -512.757446 252.691208 -308.242798
v -491.259521 255.050339 -308.242798
v -469.761627 258.328979 -308.242828
v -448.263641 263.020325 -308.242828
v -426.765747 267.605774 -308.242828
v -405.267883 272.064667 -308.242859
v -383.769928 276.236023 -308.242828
v -362.272034 279.396240 -308.242859
v -340.774048 281.901306 -308.242798
v -319.276215 283.726990 -308.242859
v -297.778320 284.370178 -308.242859
v -276.280334 284.446716 -308.242828
v -254.782471 284.011444 -308.242859
v -233.284546 284.930115 -308.242798
v -211.786621 286.629639 -308.242798
v -190.288727 288.967102 -308.242859
v -168.790756 291.228088 -308.242828
v -147.292908 292.915710 -308.242859
v -125.794922 294.095886 -308.242828
v -104.297043 294.531067 -308.242828
v -82.799118 293.742188 -308.242828
v -61.301239 292.761230 -308.242859
v -39.803314 292.065979 -308.242859
v -18.305389 291.841370 -308.242859
v 3.192535 292.193665 -308.242798
v 24.690460 293.173523 -308.242798
v 46.188385 294.999237 -308.242859
v 67.686279 296.825012 -308.242859
v 89.184204 298.624084 -308.242798
v 110.682129 300.274597 -308.242828
v 132.180023 300.252045 -308.242859
v 153.677948 299.413879 -308.242828
v 175.175842 298.198792 -308.242828
v 196.673767 296.983582 -308.242798
v 218.171661 295.525360 -308.242828
v 239.669617 293.699646 -308.242798
v 261.167542 293.457825 -308.242859
v 282.665436 294.325745 -308.242798
v 304.163391 296.129883 -308.242859
v 325.661255 297.695648 -308.242828
v 347.159180 297.523499 -308.242798
v 368.657074 296.106293 -308.242828
v 390.154999 293.585297 -308.242828
v 411.652893 292.066956 -308.242798
v 433.150818 291.538910 -308.242798
v 454.648743 292.409485 -308.242798
v 476.146606 293.587036 -308.242828
v 497.644562 294.684540 -308.242798
v 519.142517 295.648499 -308.242798
v 540.640381 297.214233 -308.242798
v 562.138367 298.278625 -308.242828
v 583.636230 299.260742 -308.242828
v 605.134155 302.041687 -308.242828
v 626.632080 305.126923 -308.242798
v 648.130066 308.275330 -308.242859
v 669.627930 311.231506 -308.242828
v -663.242798 272.982635 -322.574768
v -641.744934 268.633514 -322.574768
v -620.247009 263.737610 -322.574799
v -598.749084 258.745789 -322.574799
v -577.251221 255.613159 -322.574799
v -555.753235 253.071701 -322.574738
v -534.255371 250.735657 -322.574799
v -512.757507 251.534882 -322.574768
v -491.259552 253.521423 -322.574829
v -469.761597 256.585999 -322.574829
v -448.263733 261.767761 -322.574799
v -426.765717 267.139954 -322.574768
v -405.267853 272.417450 -322.574768
v -383.769928 276.588806 -322.574799
v -362.272095 279.748993 -322.574829
v -340.774109 282.183167 -322.574829
v -319.276184 283.763641 -322.574799
v -297.778259 284.161621 -322.574768
v -276.280365 284.195007 -322.574829
v -254.782394 284.005005 -322.574768
v -233.284531 285.168884 -322.574799
v -211.786636 287.113708 -322.574768
v -190.288712 289.625061 -322.574768
v -168.790817 291.395569 -322.574829
v -147.292877 292.915741 -322.574768
v -125.794968 294.041840 -322.574768
v -104.297073 294.231873 -322.574829
v -82.799164 293.581238 -322.574768
v -61.301239 292.761230 -322.574768
v -39.803284 292.066010 -322.574768
v -18.305359 292.285278 -322.574768
v 3.192535 293.013672 -322.574768
v 24.690460 294.224823 -322.574768
v 46.188416 295.805298 -322.574768
v 67.686279 297.385742 -322.574768
v 89.184204 299.014038 -322.574768
v 110.682159 300.909729 -322.574799
v 132.180023 300.957520 -322.574768
v 153.677994 299.984619 -322.574799
v 175.175827 298.278992 -322.574768
v 196.673782 296.573303 -322.574768
v 218.171661 294.917480 -322.574768
v 239.669647 293.337006 -322.574799
v 261.167542 293.575806 -322.574799
v 282.665405 294.550598 -322.574768
v 304.163361 296.089203 -322.574768
v 325.661255 297.164429 -322.574799
v 347.159180 296.976013 -322.574768
v 368.657135 295.804047 -322.574799
v 390.155029 293.528381 -322.574799
v 411.652924 291.690369 -322.574768
v 433.150818 290.671814 -322.574768
v 454.648773 291.051880 -322.574768
v 476.146637 292.613098 -322.574768
v 497.644592 294.090057 -322.574799
v 519.142578 295.288696 -322.574768
v 540.640442 296.363953 -322.574799
v 562.138306 297.220398 -322.574768
v 583.636230 298.202515 -322.574768
v 605.134155 300.983398 -322.574768
v 626.632141 303.897186 -322.574799
v 648.130005 306.736389 -322.574768
v 669.627869 309.202026 -322.574768
v -663.242859 274.242737 -336.906708
v -641.744995 269.922791 -336.906769
v -620.247070 264.935730 -336.906738
v -598.749084 259.373840 -336.906738
v -577.251221 256.534485 -336.906708
v -555.753296 253.936020 -336.906738
v -534.255371 250.515106 -336.906738
v -512.757446 250.725021 -336.906708
v -491.259521 252.257172 -336.906708
v -469.761597 254.994843 -336.906708
v -448.263702 260.501404 -336.906708
v -426.765778 266.494629 -336.906738
v -405.267883 272.470703 -336.906738
v -383.769928 276.752533 -336.906677
v -362.272095 279.983002 -336.906738
v -340.774109 282.401611 -336.906677
v -319.276184 283.792053 -336.906738
v -297.778259 284.000000 -336.906769
v -276.280334 284.000000 -336.906708
v -254.782425 284.000000 -336.906677
v -233.284576 285.300140 -336.906738
v -211.786621 287.409271 -336.906738
v -190.288712 290.060730 -336.906708
v -168.790833 291.506409 -336.906738
v -147.292877 292.915710 -336.906738
v -125.794952 294.012146 -336.906738
v -104.297058 294.067383 -336.906738
v -82.799133 293.535950 -336.906738
v -61.301178 292.859619 -336.906738
v -39.803314 292.219604 -336.906677
v -18.305420 292.788086 -336.906738
v 3.192535 293.782043 -336.906738
v 24.690460 295.118835 -336.906677
v 46.188324 296.509277 -336.906708
v 67.686249 297.867157 -336.906738
v 89.184204 299.299408 -336.906708
v 110.682114 301.274628 -336.906738
v 132.180008 301.266479 -336.906738
v 153.677933 300.109070 -336.906738
v 175.175873 298.023315 -336.906738
v 196.673798 295.983887 -336.906769
v 218.171692 294.274139 -336.906738
v 239.669556 293.049377 -336.906708
v 261.167542 293.773193 -336.906738
v 282.665405 294.854980 -336.906708
v 304.163300 296.132538 -336.906738
v 325.661285 296.772552 -336.906738
v 347.159180 296.480682 -336.906738
v 368.657043 295.411102 -336.906708
v 390.155029 293.325378 -336.906738
v 411.652954 291.282166 -336.906738
v 433.150848 289.920532 -336.906738
v 454.648773 289.920532 -336.906738
v 476.146698 291.631409 -336.906738
v 497.644562 293.286682 -336.906708
v 519.142517 294.613525 -336.906738
v 540.640381 295.363983 -336.906708
v 562.138367 296.146240 -336.906708
v 583.636292 297.208496 -336.906738
v 605.134216 299.878967 -336.906738
v 626.632080 302.588013 -336.906677
v 648.130005 305.117981 -336.906738
v 669.627930 307.093201 -336.906677
v -663.242859 274.707397 -351.238647
v -641.744934 270.793274 -351.238617
v -620.247070 265.993958 -351.238647
v -598.749084 260.432068 -351.238617
v -577.251160 257.397583 -351.238617
v -555.753235 254.729218 -351.238647
v -534.255371 251.553513 -351.238647
v -512.757446 251.107086 -351.238647
v -491.259491 251.903534 -351.238647
v -469.761597 253.926193 -351.238647
v -448.263672 259.187561 -351.238647
v -426.765717 265.231750 -351.238647
v -405.267853 271.493652 -351.238678
v -383.769897 276.265961 -351.238647
v -362.272003 279.808655 -351.238647
v -340.774109 282.401672 -351.238647
v -319.276184 283.792053 -351.238678
v -297.778259 284.000000 -351.238647
v -276.280334 284.000000 -351.238647
v -254.782486 284.000000 -351.238708
v -233.284515 285.061340 -351.238647
v -211.786621 287.056580 -351.238647
v -190.288712 289.731781 -351.238708
v -168.790771 291.422668 -351.238647
v -147.292862 292.915710 -351.238647
v -125.794968 294.066132 -351.238708
v -104.297012 294.366638 -351.238708
v -82.799149 293.888641 -351.238647
v -61.301208 293.296600 -351.238647
v -39.803284 292.901855 -351.238647
v -18.305389 293.493622 -351.238647
v 3.192566 294.373108 -351.238678
v 24.690491 295.471558 -351.238647
v 46.188354 296.862030 -351.238647
v 67.686325 298.075256 -351.238647
v 89.184204 299.225067 -351.238647
v 110.682083 300.709778 -351.238678
v 132.179993 300.211182 -351.238678
v 153.677994 298.698059 -351.238647
v 175.175842 296.612366 -351.238647
v 196.673782 294.777954 -351.238708
v 218.171677 293.508759 -351.238647
v 239.669617 293.019714 -351.238708
v 261.167542 294.243958 -351.238708
v 282.665466 295.432617 -351.238678
v 304.163391 296.464935 -351.238678
v 325.661255 296.859711 -351.238678
v 347.159149 296.164520 -351.238647
v 368.657104 294.705536 -351.238647
v 390.154968 292.619873 -351.238647
v 411.652893 290.764893 -351.238678
v 433.150848 289.567810 -351.238708
v 454.648804 289.567810 -351.238708
v 476.146667 290.623047 -351.238647
v 497.644592 291.764648 -351.238647
v 519.142456 292.853333 -351.238647
v 540.640381 293.848969 -351.238678
v 562.138306 295.017761 -351.238647
v 583.636230 296.435486 -351.238647
v 605.134216 298.615479 -351.238647
v 626.632080 301.005493 -351.238647
v 648.130005 303.226257 -351.238647
v 669.627869 304.711029 -351.238647
v -663.242798 275.171997 -365.570648
v -641.744934 271.663696 -365.570618
v -620.247009 267.052185 -365.570648
v -598.749084 261.490326 -365.570618
v -577.251221 258.260681 -365.570618
v -555.753296 255.522400 -365.570618
v -534.255310 252.591965 -365.570618
v -512.757446 251.489120 -365.570618
v -491.259521 251.549835 -365.570618
v -469.761597 252.857544 -365.570618
v -448.263641 257.873627 -365.570587
v -426.765747 263.968811 -365.570618
v -405.267822 270.516602 -365.570648
v -383.769897 275.779419 -365.570618
v -362.272003 279.634216 -365.570618
v -340.774109 282.401611 -365.570648
v -319.276215 283.792084 -365.570618
v -297.778259 284.000000 -365.570587
v -276.280396 284.000000 -365.570648
v -254.782394 284.000000 -365.570618
v -233.284561 284.822571 -365.570679
v -211.786636 286.703796 -365.570557
v -190.288712 289.402771 -365.570648
v -168.790787 291.338928 -365.570648
v -147.292862 292.915741 -365.570648
v -125.794952 294.120178 -365.570618
v -104.297058 294.665894 -365.570618
v -82.799133 294.241394 -365.570618
v -61.301208 293.733612 -365.570618
v -39.803284 293.584106 -365.570618
v -18.305389 294.199158 -365.570618
v 3.192505 294.964172 -365.570618
v 24.690460 295.824310 -365.570618
v 46.188385 297.214813 -365.570618
v 67.686310 298.283295 -365.570618
v 89.184204 299.150696 -365.570618
v 110.682129 300.144958 -365.570618
v 132.180084 299.155884 -365.570618
v 153.677948 297.287048 -365.570648
v 175.175858 295.201355 -365.570648
v 196.673813 293.572113 -365.570618
v 218.171707 292.743347 -365.570618
v 239.669662 292.990051 -365.570679
v 261.167542 294.714661 -365.570618
v 282.665436 296.010254 -365.570587
v 304.163330 296.797363 -365.570618
v 325.661194 296.946869 -365.570618
v 347.159180 295.848358 -365.570618
v 368.657074 294.000061 -365.570587
v 390.155029 291.914368 -365.570648
v 411.652924 290.247681 -365.570618
v 433.150879 289.215057 -365.570648
v 454.648743 289.215057 -365.570587
v 476.146667 289.614716 -365.570618
v 497.644623 290.242615 -365.570618
v 519.142517 291.093018 -365.570618
v 540.640381 292.333954 -365.570618
v 562.138367 293.889221 -365.570618
v 583.636230 295.662537 -365.570618
v 605.134155 297.352020 -365.570618
v 626.632080 299.423035 -365.570587
v 648.130066 301.334534 -365.570648
v 669.627930 302.328827 -365.570618
v -663.242798 275.667969 -379.902527
v -641.744995 272.534180 -379.902588
v -620.247009 268.110443 -379.902557
v -598.749023 262.548645 -379.902527
v -577.251160 259.199921 -379.902557
v -555.753296 256.487488 -379.902557
v -534.255371 253.898041 -379.902557
v -512.757507 252.322601 -379.902588
v -491.259491 251.700928 -379.902557
v -469.761597 252.197922 -379.902527
v -448.263672 256.873108 -379.902557
v -426.765778 262.807922 -379.902588
v -405.267792 269.401917 -379.902557
v -383.769958 275.155212 -379.902588
v -362.272034 279.252502 -379.902588
v -340.774109 282.126282 -379.902527
v -319.276245 283.516663 -379.902588
v -297.778259 283.887451 -379.902588
v -276.280334 284.000000 -379.902588
v -254.782532 284.000000 -379.902588
v -233.284576 284.770203 -379.902588
v -211.786591 286.575165 -379.902527
v -190.288696 289.202240 -379.902527
v -168.790802 291.287903 -379.902588
v -147.292862 292.978821 -379.902557
v -125.794952 294.290771 -379.902588
v -104.297073 294.986023 -379.902588
v -82.799133 294.594177 -379.902588
v -61.301178 294.137756 -379.902588
v -39.803314 294.137756 -379.902557
v -18.305359 294.766937 -379.902557
v 3.192535 295.462158 -379.902557
v 24.690430 296.174377 -379.902557
v 46.188385 297.469116 -379.902527
v 67.686279 298.297180 -379.902557
v 89.184189 298.786438 -379.902557
v 110.682129 299.194458 -379.902588
v 132.180054 297.892273 -379.902588
v 153.677979 295.876038 -379.902588
v 175.175873 293.790283 -379.902588
v 196.673767 292.286194 -379.902557
v 218.171722 291.764038 -379.902588
v 239.669662 292.555023 -379.902588
v 261.167542 294.588562 -379.902588
v 282.665436 296.049164 -379.902588
v 304.163269 296.854370 -379.902557
v 325.661285 296.758606 -379.902588
v 347.159180 295.318542 -379.902588
v 368.657104 293.176575 -379.902588
v 390.155029 291.186646 -379.902557
v 411.652924 289.656982 -379.902588
v 433.150848 288.724609 -379.902588
v 454.648743 288.724579 -379.902588
v 476.146698 288.639282 -379.902588
v 497.644592 288.901611 -379.902527
v 519.142517 289.608154 -379.902527
v 540.640442 291.094360 -379.902557
v 562.138428 292.870697 -379.902588
v 583.636230 294.778168 -379.902527
v 605.134155 296.168640 -379.902557
v 626.632141 297.978271 -379.902557
v 648.130005 299.630554 -379.902557
v 669.627930 300.325775 -379.902557
v -663.242798 276.212891 -394.234467
v -641.744995 273.404663 -394.234528
v -620.247009 269.168701 -394.234467
v -598.749023 263.606873 -394.234467
v -577.251221 260.258179 -394.234467
v -555.753235 257.721069 -394.234467
v -534.255371 255.622131 -394.234497
v -512.757385 253.860947 -394.234497
v -491.259521 252.640366 -394.234467
v -469.761597 252.177170 -394.234497
v -448.263672 256.361816 -394.234528
v -426.765808 261.806091 -394.234497
v -405.267883 268.072083 -394.234528
v -383.769958 274.315857 -394.234528
v -362.272034 278.546967 -394.234558
v -340.774048 281.420715 -394.234497
v -319.276154 282.811157 -394.234497
v -297.778229 283.599060 -394.234467
v -276.280334 284.000000 -394.234497
v -254.782410 284.000000 -394.234497
v -233.284500 285.008972 -394.234497
v -211.786652 286.796631 -394.234497
v -190.288727 289.202209 -394.234497
v -168.790756 291.287903 -394.234467
v -147.292862 293.140320 -394.234497
v -125.794891 294.643555 -394.234497
v -104.297028 295.338806 -394.234497
v -82.799133 294.946899 -394.234528
v -61.301208 294.490448 -394.234497
v -39.803284 294.490448 -394.234497
v -18.305359 295.119690 -394.234497
v 3.192535 295.814911 -394.234497
v 24.690430 296.520203 -394.234497
v 46.188416 297.569702 -394.234497
v 67.686279 298.007812 -394.234497
v 89.184174 297.969421 -394.234497
v 110.682098 297.641724 -394.234497
v 132.180023 296.303436 -394.234497
v 153.677917 294.464966 -394.234497
v 175.175888 292.379272 -394.234497
v 196.673737 290.875122 -394.234497
v 218.171722 290.450653 -394.234497
v 239.669601 291.486877 -394.234497
v 261.167511 293.530243 -394.234497
v 282.665375 295.246582 -394.234497
v 304.163330 296.481262 -394.234497
v 325.661255 296.140320 -394.234497
v 347.159119 294.454895 -394.234497
v 368.657135 292.168884 -394.234558
v 390.154968 290.424194 -394.234497
v 411.652893 288.951477 -394.234497
v 433.150818 288.019104 -394.234497
v 454.648682 288.019104 -394.234467
v 476.146667 287.715271 -394.234497
v 497.644562 287.843353 -394.234497
v 519.142517 288.553406 -394.234497
v 540.640442 290.284851 -394.234528
v 562.138306 292.023926 -394.234467
v 583.636353 293.719910 -394.234528
v 605.134155 295.110352 -394.234497
v 626.632080 296.748535 -394.234467
v 648.130066 298.219543 -394.234528
v 669.627869 298.914734 -394.234467
v -663.242798 276.757812 -408.566437
v -641.744934 274.275085 -408.566467
v -620.247070 270.226990 -408.566498
v -598.749023 264.665131 -408.566437
v -577.251221 261.316467 -408.566467
v -555.753296 258.954681 -408.566467
v -534.255249 257.346191 -408.566437
v -512.757446 255.399338 -408.566467
v -491.259583 253.579834 -408.566498
v -469.761597 252.156433 -408.566437
v -448.263733 255.850555 -408.566467
v -426.765717 260.804382 -408.566406
v -405.267822 266.742249 -408.566467
v -383.769958 273.476532 -408.566467
v -362.272003 277.841492 -408.566406
v -340.774109 280.715210 -408.566467
v -319.276215 282.105652 -408.566467
v -297.778229 283.310730 -408.566467
v -276.280396 284.000000 -408.566467
v -254.782471 284.000000 -408.566467
v -233.284531 285.247742 -408.566437
v -211.786606 287.018127 -408.566498
v -190.288742 289.202209 -408.566467
v -168.790756 291.287903 -408.566437
v -147.292877 293.301819 -408.566467
v -125.794983 294.996307 -408.566467
v -104.297028 295.691528 -408.566437
v -82.799072 295.299652 -408.566467
v -61.301208 294.843201 -408.566437
v -39.803253 294.843201 -408.566437
v -18.305420 295.472473 -408.566406
v 3.192505 296.167664 -408.566467
v 24.690460 296.866028 -408.566467
v 46.188354 297.670227 -408.566467
v 67.686279 297.718475 -408.566467
v 89.184204 297.152405 -408.566467
v 110.682144 296.088928 -408.566467
v 132.180054 294.714539 -408.566467
v 153.677963 293.053955 -408.566467
v 175.175858 290.968262 -408.566406
v 196.673798 289.464111 -408.566467
v 218.171707 289.137268 -408.566467
v 239.669617 290.418762 -408.566467
v 261.167542 292.471985 -408.566467
v 282.665405 294.444031 -408.566437
v 304.163361 296.108154 -408.566467
v 325.661285 295.521942 -408.566467
v 347.159180 293.591370 -408.566406
v 368.657104 291.161194 -408.566467
v 390.155029 289.661713 -408.566467
v 411.652924 288.245972 -408.566406
v 433.150818 287.313568 -408.566406
v 454.648743 287.313568 -408.566467
v 476.146698 286.791199 -408.566467
v 497.644623 286.785095 -408.566467
v 519.142517 287.498657 -408.566467
v 540.640381 289.475342 -408.566406
v 562.138306 291.177185 -408.566437
v 583.636230 292.661621 -408.566437
v 605.134216 294.052063 -408.566467
v 626.632080 295.518768 -408.566467
v 648.130005 296.808472 -408.566467
v 669.627930 297.503723 -408.566467
v -663.242859 277.391937 -422.898407
v -641.744995 275.512085 -422.898407
v -620.247009 272.132904 -422.898376
v -598.749084 266.843567 -422.898407
v -577.251221 263.116821 -422.898376
v -555.753296 260.385376 -422.898376
v -534.255371 258.722473 -422.898376
v -512.757568 256.545776 -422.898407
v -491.259521 254.454819 -422.898407
v -469.761597 252.700485 -422.898376
v -448.263611 255.359177 -422.898376
v -426.765808 259.853516 -422.898376
v -405.267822 265.691589 -422.898376
v -383.770020 272.235168 -422.898438
v -362.272034 276.349915 -422.898407
v -340.774109 279.147919 -422.898407
v -319.276123 280.947083 -422.898376
v -297.778259 282.862122 -422.898407
v -276.280365 284.168457 -422.898376
v -254.782516 284.577148 -422.898407
v -233.284500 285.676483 -422.898376
v -211.786591 287.166626 -422.898376
v -190.288635 289.006287 -422.898376
v -168.790833 291.091980 -422.898376
v -147.292908 293.177612 -422.898407
v -125.794952 294.987122 -422.898376
v -104.297028 295.818604 -422.898407
v -82.799133 295.562988 -422.898438
v -61.301178 295.195984 -422.898407
v -39.803284 295.195984 -422.898407
v -18.305420 295.701904 -422.898376
v 3.192535 296.260864 -422.898407
v 24.690460 296.823730 -422.898376
v 46.188385 297.518982 -422.898438
v 67.686249 297.233093 -422.898438
v 89.184204 296.160034 -422.898407
v 110.682098 294.497131 -422.898376
v 132.179993 293.125671 -422.898376
v 153.677963 291.680359 -422.898407
v 175.175873 289.730927 -422.898376
v 196.673782 288.249023 -422.898438
v 218.171692 287.802917 -422.898376
v 239.669571 288.784607 -422.898376
v 261.167542 290.695068 -422.898407
v 282.665405 292.715546 -422.898376
v 304.163391 294.604492 -422.898376
v 325.661255 294.317993 -422.898376
v 347.159180 292.862732 -422.898407
v 368.657043 290.881165 -422.898376
v 390.155029 289.354462 -422.898407
v 411.652893 288.037048 -422.898376
v 433.150818 287.151062 -422.898376
v 454.648682 287.014832 -422.898376
v 476.146667 286.501923 -422.898407
v 497.644653 286.572357 -422.898438
v 519.142517 287.417908 -422.898376
v 540.640442 289.231079 -422.898376
v 562.138306 290.643860 -422.898376
v 583.636292 291.780609 -422.898407
v 605.134155 293.034851 -422.898407
v 626.632019 294.384277 -422.898376
v 648.130005 295.522400 -422.898376
v 669.627930 295.945129 -422.898376
v -663.242859 278.097412 -437.230316
v -641.744873 277.042328 -437.230286
v -620.247131 274.717102 -437.230316
v -598.749023 269.918213 -437.230347
v -577.251160 265.510925 -437.230286
v -555.753296 261.973816 -437.230377
v -534.255371 259.820404 -437.230316
v -512.757385 257.378601 -437.230286
v -491.259521 255.278229 -437.230286
v -469.761597 253.696457 -437.230316
v -448.263702 254.883636 -437.230347
v -426.765717 258.943420 -437.230316
v -405.267822 264.864258 -437.230347
v -383.769958 270.672089 -437.230347
v -362.272034 274.229462 -437.230286
v -340.774048 276.891174 -437.230286
v -319.276184 279.426025 -437.230316
v -297.778290 282.285400 -437.230347
v -276.280334 284.471619 -437.230286
v -254.782425 285.616089 -437.230347
v -233.284576 286.257141 -437.230347
v -211.786606 287.256805 -437.230377
v -190.288681 288.653503 -437.230286
v -168.790802 290.739197 -437.230316
v -147.292816 292.824890 -437.230347
v -125.794922 294.688416 -437.230316
v -104.297089 295.765106 -437.230347
v -82.799133 295.754700 -437.230316
v -61.301178 295.548706 -437.230316
v -39.803284 295.548706 -437.230347
v -18.305420 295.832703 -437.230347
v 3.192535 296.146423 -437.230347
v 24.690460 296.471008 -437.230286
v 46.188354 297.166199 -437.230347
v 67.686310 296.591034 -437.230347
v 89.184204 295.027435 -437.230316
v 110.682129 292.873962 -437.230347
v 132.179977 291.536804 -437.230316
v 153.677917 290.336761 -437.230316
v 175.175842 288.632568 -437.230286
v 196.673767 287.190796 -437.230316
v 218.171631 286.451782 -437.230347
v 239.669632 286.697754 -437.230347
v 261.167511 288.343201 -437.230347
v 282.665405 290.246307 -437.230286
v 304.163391 292.196228 -437.230347
v 325.661285 292.645447 -437.230347
v 347.159119 292.242065 -437.230316
v 368.657104 291.183350 -437.230347
v 390.154999 289.411438 -437.230347
v 411.652893 288.225281 -437.230347
v 433.150818 287.423035 -437.230316
v 454.648773 287.041565 -437.230377
v 476.146667 286.720428 -437.230347
v 497.644592 287.036133 -437.230347
v 519.142517 288.116394 -437.230316
v 540.640381 289.439087 -437.230316
v 562.138367 290.361420 -437.230347
v 583.636353 291.041351 -437.230377
v 605.134094 292.050354 -437.230316
v 626.632141 293.326019 -437.230347
v 648.129944 294.336151 -437.230316
v 669.627930 294.268433 -437.230316
v -663.242859 278.802948 -451.562286
v -641.744934 278.572601 -451.562286
v -620.247070 277.301239 -451.562286
v -598.749146 272.992859 -451.562286
v -577.251221 267.904999 -451.562286
v -555.753296 263.562317 -451.562317
v -534.255371 260.918335 -451.562286
v -512.757446 258.211487 -451.562286
v -491.259460 256.101624 -451.562256
v -469.761597 254.692413 -451.562286
v -448.263763 254.408142 -451.562286
v -426.765839 258.033264 -451.562317
v -405.267883 264.036926 -451.562256
v -383.769958 269.109009 -451.562286
v -362.271973 272.109009 -451.562286
v -340.774109 274.634338 -451.562286
v -319.276245 277.905029 -451.562286
v -297.778259 281.708679 -451.562256
v -276.280396 284.774780 -451.562286
v -254.782455 286.654999 -451.562317
v -233.284515 286.837830 -451.562256
v -211.786560 287.346985 -451.562256
v -190.288681 288.300751 -451.562317
v -168.790771 290.386414 -451.562256
v -147.292877 292.472107 -451.562317
v -125.794952 294.389618 -451.562317
v -104.296967 295.711609 -451.562286
v -82.799133 295.946411 -451.562317
v -61.301239 295.901459 -451.562317
v -39.803284 295.901489 -451.562256
v -18.305359 295.963470 -451.562256
v 3.192566 296.031982 -451.562317
v 24.690460 296.118225 -451.562317
v 46.188324 296.813446 -451.562256
v 67.686310 295.948914 -451.562317
v 89.184143 293.894836 -451.562256
v 110.682098 291.250916 -451.562256
v 132.180054 289.947937 -451.562317
v 153.677917 288.993134 -451.562317
v 175.175797 287.534180 -451.562286
v 196.673737 286.132538 -451.562256
v 218.171707 285.100647 -451.562286
v 239.669586 284.610901 -451.562256
v 261.167511 285.991302 -451.562286
v 282.665466 287.776978 -451.562286
v 304.163361 289.787933 -451.562286
v 325.661255 290.972961 -451.562256
v 347.159180 291.621460 -451.562256
v 368.657043 291.485565 -451.562256
v 390.155060 289.468323 -451.562317
v 411.652924 288.413574 -451.562286
v 433.150818 287.695007 -451.562256
v 454.648743 287.068298 -451.562256
v 476.146667 286.938965 -451.562256
v 497.644562 287.499939 -451.562256
v 519.142517 288.814880 -451.562256
v 540.640381 289.647095 -451.562286
v 562.138306 290.078918 -451.562256
v 583.636292 290.302094 -451.562286
v 605.134155 291.065857 -451.562286
v 626.632141 292.267761 -451.562317
v 648.130005 293.149994 -451.562286
v 669.627930 292.591736 -451.562286
v -663.242859 279.704803 -465.894226
v -641.744934 279.881561 -465.894196
v -620.246948 279.122742 -465.894196
v -598.749084 275.304810 -465.894165
v -577.251221 270.099060 -465.894226
v -555.753296 265.278625 -465.894226
v -534.255371 261.790649 -465.894257
v -512.757446 259.115051 -465.894226
v -491.259521 257.009338 -465.894196
v -469.761597 255.486496 -465.894165
v -448.263702 254.968018 -465.894257
v -426.765747 257.901245 -465.894226
v -405.267822 262.867554 -465.894226
v -383.769897 266.673706 -465.894165
v -362.272034 269.357178 -465.894226
v -340.774109 272.072327 -465.894226
v -319.276215 275.901917 -465.894287
v -297.778290 280.172546 -465.894226
v -276.280334 283.734070 -465.894196
v -254.782501 286.173157 -465.894226
v -233.284515 286.065186 -465.894226
v -211.786606 286.355286 -465.894196
v -190.288696 287.168213 -465.894165
v -168.790802 289.077087 -465.894226
v -147.292908 291.102478 -465.894196
v -125.794983 292.996155 -465.894287
v -104.297058 294.209808 -465.894226
v -82.799103 293.921875 -465.894165
v -61.301147 293.579102 -465.894226
v -39.803345 293.932617 -465.894226
v -18.305359 294.126160 -465.894257
v 3.192505 294.632812 -465.894226
v 24.690430 295.506195 -465.894226
v 46.188385 296.024719 -465.894226
v 67.686279 294.902588 -465.894196
v 89.184204 292.588348 -465.894226
v 110.682129 289.984192 -465.894226
v 132.180023 288.867523 -465.894226
v 153.677948 288.206543 -465.894226
v 175.175873 287.169617 -465.894226
v 196.673737 285.836975 -465.894196
v 218.171707 284.723267 -465.894226
v 239.669601 284.028046 -465.894257
v 261.167542 284.995178 -465.894226
v 282.665466 286.486694 -465.894226
v 304.163330 288.367371 -465.894226
v 325.661224 289.934509 -465.894226
v 347.159241 290.939667 -465.894287
v 368.657104 291.207275 -465.894226
v 390.154968 289.828583 -465.894196
v 411.652954 288.974670 -465.894226
v 433.150879 288.221191 -465.894226
v 454.648682 287.349213 -465.894226
v 476.146637 287.254242 -465.894226
v 497.644592 287.723694 -465.894226
v 519.142517 288.753174 -465.894226
v 540.640442 289.271667 -465.894226
v 562.138367 289.593353 -465.894287
v 583.636230 289.841400 -465.894226
v 605.134155 290.536621 -465.894226
v 626.632080 291.594421 -465.894226
v 648.130005 292.356323 -465.894226
v 669.627991 291.837830 -465.894257
v -663.242798 280.682800 -480.226196
v -641.744934 281.104736 -480.226105
v -620.247070 280.648621 -480.226196
v -598.749084 277.321228 -480.226135
v -577.251221 272.215546 -480.226196
v -555.753235 267.044403 -480.226166
v -534.255310 262.575562 -480.226166
v -512.757385 260.045898 -480.226166
v -491.259552 257.949677 -480.226227
v -469.761566 256.202393 -480.226166
v -448.263733 255.929138 -480.226196
v -426.765717 258.070770 -480.226105
v -405.267792 261.565643 -480.226196
v -383.769897 263.900269 -480.226135
v -362.271973 266.360779 -480.226135
v -340.774078 269.391937 -480.226166
v -319.276184 273.712097 -480.226196
v -297.778229 278.264587 -480.226135
v -276.280334 282.172333 -480.226135
v -254.782486 285.102020 -480.226166
v -233.284546 284.768158 -480.226196
v -211.786636 284.944275 -480.226196
v -190.288666 285.733368 -480.226135
v -168.790771 287.397034 -480.226196
v -147.292877 289.338684 -480.226166
v -125.794952 291.178345 -480.226105
v -104.297058 292.146820 -480.226196
v -82.799133 291.038391 -480.226196
v -61.301239 290.220032 -480.226135
v -39.803253 291.064026 -480.226135
v -18.305359 291.526062 -480.226166
v 3.192535 292.735840 -480.226135
v 24.690399 294.793793 -480.226135
v 46.188354 295.067017 -480.226135
v 67.686279 293.699646 -480.226135
v 89.184204 291.214539 -480.226196
v 110.682098 288.855591 -480.226135
v 132.180084 287.984192 -480.226135
v 153.677917 287.635864 -480.226135
v 175.175812 287.089355 -480.226166
v 196.673752 285.836975 -480.226135
v 218.171646 284.723236 -480.226135
v 239.669647 284.028015 -480.226196
v 261.167542 284.524475 -480.226196
v 282.665405 285.653381 -480.226135
v 304.163330 287.329407 -480.226135
v 325.661255 289.141846 -480.226166
v 347.159119 290.234131 -480.226135
v 368.657043 290.704041 -480.226135
v 390.154968 290.306335 -480.226135
v 411.652893 289.680176 -480.226196
v 433.150818 288.845886 -480.226135
v 454.648712 287.728699 -480.226135
v 476.146637 287.606995 -480.226166
v 497.644592 287.854370 -480.226166
v 519.142456 288.396912 -480.226135
v 540.640381 288.670166 -480.226105
v 562.138306 289.029114 -480.226166
v 583.636230 289.488708 -480.226135
v 605.134216 290.183899 -480.226135
v 626.632080 291.070160 -480.226105
v 648.130066 291.714783 -480.226196
v 669.627869 291.441528 -480.226135
vn -0.0253 0.9979 0.0596
vn 0.0278 0.9993 -0.0261
vn -0.1086 0.9926 0.0543
vn 0.1530 0.9858 0.0698
vn -0.0196 0.9980 0.0596
vn -0.0090 0.9983 0.0581
vn -0.0021 0.9986 0.0529
vn -0.0000 0.9988 0.0492
vn 0.0025 0.9991 0.0429
vn 0.0133 0.9995 0.0288
vn 0.0329 0.9992 0.0209
vn 0.0574 0.9982 0.0166
vn 0.0863 0.9962 0.0095
vn 0.1189 0.9929 0.0067
vn 0.1434 0.9885 0.0470
vn 0.1479 0.9840 0.0990
vn 0.1392 0.9840 0.1108
vn 0.1300 0.9787 0.1592
vn 0.1256 0.9693 0.2115
vn 0.1254 0.9697 0.2099
vn 0.1266 0.9783 0.1638
vn 0.1273 0.9844 0.1211
vn 0.1280 0.9838 0.1257
vn 0.1319 0.9810 0.1424
vn 0.1406 0.9779 0.1546
vn 0.1448 0.9793 0.1416
vn 0.1255 0.9858 0.1116
vn 0.0793 0.9923 0.0947
vn 0.0312 0.9973 0.0665
vn 0.0057 0.9998 0.0190
vn -0.0000 1.0000 -0.0000
vn -0.0022 0.9999 -0.0134
vn -0.0094 0.9995 -0.0309
vn -0.0201 0.9992 -0.0350
vn -0.0342 0.9993 -0.0170
vn -0.0537 0.9986 0.0024
vn -0.0762 0.9971 0.0072
vn -0.0986 0.9942 0.0440
vn -0.1208 0.9897 0.0767
vn -0.1402 0.9879 0.0660
vn -0.1457 0.9890 0.0259
vn -0.1318 0.9913 -0.0037
vn -0.1094 0.9940 -0.0089
vn -0.0870 0.9960 -0.0212
vn -0.0643 0.9975 -0.0282
vn -0.0467 0.9989 -0.0085
vn -0.0425 0.9988 0.0250
vn -0.0504 0.9980 0.0387
vn -0.0553 0.9982 0.0226
vn -0.0453 0.9990 0.0015
vn -0.0246 0.9997 -0.0037
vn -0.0044 0.9991 -0.0425
vn 0.0103 0.9964 -0.0844
vn 0.0218 0.9958 -0.0887
vn 0.0331 0.9944 -0.1008
vn 0.0444 0.9927 -0.1118
vn 0.0579 0.9921 -0.1109
vn 0.0819 0.9908 -0.1074
vn 0.1204 0.9872 -0.1045
vn 0.1616 0.9847 -0.0648
vn 0.1901 0.9814 0.0281
vn 0.2050 0.9753 0.0822
vn 0.2140 0.9730 0.0860
vn 0.2187 0.9714 0.0927
vn 0.2198 0.9709 0.0956
vn 0.2102 0.9739 0.0859
vn 0.1770 0.9815 0.0729
vn 0.1342 0.9901 0.0418
vn 0.1001 0.9949 0.0080
vn 0.0657 0.9978 0.0073
vn 0.0151 0.9997 0.0177
vn -0.0528 0.9986 0.0100
vn -0.1393 0.9888 -0.0542
vn -0.2019 0.9686 -0.1451
vn -0.2147 0.9607 -0.1761
vn -0.2118 0.9671 -0.1410
vn -0.1553 0.9810 -0.1162
vn -0.0999 0.9839 -0.1479
vn -0.0883 0.9789 -0.1845
vn -0.0394 0.9804 -0.1930
vn 0.0152 0.9827 -0.1843
vn 0.0231 0.9874 -0.1566
vn -0.0172 0.9922 -0.1232
vn -0.0485 0.9930 -0.1075
vn -0.0214 0.9923 -0.1222
vn 0.0392 0.9838 -0.1747
vn 0.0230 0.9715 -0.2360
vn -0.0393 0.9658 -0.2564
vn -0.0524 0.9694 -0.2399
vn 0.0004 0.9792 -0.2028
vn 0.0679 0.9863 -0.1501
vn 0.0772 0.9918 -0.1017
vn 0.0425 0.9974 -0.0590
vn -0.0581 0.9982 -0.0146
vn -0.1641 0.9860 0.0296
vn -0.2368 0.9680 0.0835
vn -0.2217 0.9651 0.1395
vn -0.1417 0.9759 0.1661
vn -0.0890 0.9816 0.1689
vn -0.0618 0.9851 0.1606
vn -0.0757 0.9868 0.1428
vn -0.1000 0.9856 0.1364
vn -0.0951 0.9844 0.1479
vn -0.0752 0.9840 0.1617
vn -0.0513 0.9842 0.1695
vn 0.0061 0.9841 0.1772
vn 0.0532 0.9809 0.1869
vn 0.0381 0.9818 0.1859
vn -0.0200 0.9873 0.1574
vn -0.1266 0.9856 0.1122
vn -0.1766 0.9809 0.0810
vn -0.1306 0.9893 0.0649
vn -0.0780 0.9953 0.0582
vn -0.0387 0.9973 0.0621
vn -0.0244 0.9978 0.0614
vn -0.0360 0.9976 0.0594
vn -0.0365 0.9973 0.0631
vn -0.0237 0.9980 0.0586
vn -0.0357 0.9984 0.0435
vn -0.0608 0.9978 0.0264
vn -0.0737 0.9972 0.0113
vn -0.0679 0.9977 0.0024
vn -0.0246 0.9997 0.0045
vn 0.0247 0.9996 0.0124
vn 0.0402 0.9991 0.0123
vn 0.0298 0.9995 0.0097
vn -0.0020 0.9999 0.0165
vn -0.0319 0.9992 0.0244
vn -0.0639 0.9974 0.0321
vn -0.0955 0.9944 0.0459
vn -0.1130 0.9920 0.0556
vn -0.1172 0.9912 0.0608
vn -0.1134 0.9914 0.0647
vn -0.1054 0.9929 0.0558
vn -0.0946 0.9949 0.0345
vn -0.0806 0.9965 0.0221
vn -0.0681 0.9977 0.0076
vn -0.0632 0.9979 -0.0172
vn -0.0652 0.9975 -0.0276
vn -0.0698 0.9967 -0.0415
vn -0.0758 0.9953 -0.0602
vn -0.0828 0.9944 -0.0649
vn -0.0911 0.9953 -0.0328
vn -0.1013 0.9949 0.0024
vn -0.1122 0.9937 0.0043
vn -0.1201 0.9927 -0.0106
vn -0.1226 0.9922 -0.0244
vn -0.1214 0.9923 -0.0259
vn -0.1138 0.9930 -0.0322
vn -0.0973 0.9946 -0.0370
vn -0.0807 0.9966 -0.0166
vn -0.0779 0.9964 0.0335
vn -0.0906 0.9939 0.0629
vn -0.1063 0.9911 0.0798
vn -0.1144 0.9874 0.1090
vn -0.1162 0.9858 0.1213
vn -0.1092 0.9887 0.1028
vn -0.0854 0.9933 0.0780
vn -0.0489 0.9962 0.0716
vn -0.0150 0.9998 0.0159
vn 0.0076 0.9989 -0.0457
vn 0.0233 0.9984 -0.0516
vn 0.0332 0.9981 -0.0519
vn 0.0337 0.9981 -0.0522
vn 0.0280 0.9984 -0.0497
vn 0.0136 0.9991 -0.0392
vn -0.0131 0.9994 -0.0311
vn -0.0441 0.9985 -0.0322
vn -0.0710 0.9969 -0.0349
vn -0.0933 0.9950 -0.0365
vn -0.1098 0.9933 -0.0354
vn -0.1156 0.9927 -0.0337
vn -0.1114 0.9932 -0.0329
vn -0.1021 0.9938 -0.0439
vn -0.0878 0.9944 -0.0589
vn -0.0700 0.9956 -0.0630
vn -0.0519 0.9973 -0.0528
vn -0.0346 0.9985 -0.0414
vn -0.0182 0.9989 -0.0431
vn -0.0076 0.9958 -0.0912
vn -0.0077 0.9906 -0.1363
vn -0.0130 0.9902 -0.1390
vn -0.0182 0.9884 -0.1509
vn -0.0234 0.9868 -0.1601
vn -0.0264 0.9882 -0.1507
vn -0.0212 0.9917 -0.1266
vn -0.0062 0.9937 -0.1118
vn 0.0104 0.9934 -0.1139
vn 0.0213 0.9928 -0.1175
vn 0.0270 0.9925 -0.1191
vn 0.0300 0.9959 -0.0857
vn 0.0304 0.9988 -0.0392
vn 0.0288 0.9992 -0.0261
vn 0.0174 0.9994 -0.0311
vn -0.0101 0.9992 -0.0384
vn -0.0322 0.9988 -0.0356
vn -0.0348 0.9990 -0.0276
vn -0.0293 0.9992 -0.0283
vn -0.0219 0.9991 -0.0363
vn -0.0123 0.9992 -0.0370
vn -0.0105 0.9997 -0.0206
vn -0.0101 0.9999 0.0045
vn -0.0000 0.9998 0.0212
vn 0.0319 0.9990 0.0303
vn 0.0491 0.9980 0.0406
vn 0.0322 0.9985 0.0438
vn 0.0097 0.9997 0.0202
vn -0.0154 0.9996 -0.0215
vn -0.0396 0.9981 -0.0471
vn -0.0711 0.9958 -0.0578
vn -0.0811 0.9946 -0.0642
vn -0.0584 0.9968 -0.0552
vn -0.0281 0.9991 -0.0309
vn 0.0101 0.9999 -0.0082
vn 0.0420 0.9991 -0.0000
vn 0.0540 0.9985 -0.0014
vn 0.0352 0.9993 -0.0127
vn 0.0115 0.9993 -0.0367
vn 0.0218 0.9979 -0.0603
vn 0.0688 0.9946 -0.0783
vn 0.1106 0.9900 -0.0877
vn 0.0938 0.9922 -0.0820
vn 0.0311 0.9973 -0.0666
vn -0.0647 0.9951 -0.0742
vn -0.0965 0.9877 -0.1227
vn -0.0493 0.9840 -0.1711
vn -0.0384 0.9791 -0.1998
vn -0.0007 0.9771 -0.2126
vn 0.0586 0.9798 -0.1914
vn 0.0154 0.9882 -0.1521
vn -0.0613 0.9898 -0.1288
vn -0.0854 0.9889 -0.1212
vn -0.0792 0.9904 -0.1133
vn -0.0535 0.9932 -0.1032
vn -0.0207 0.9951 -0.0964
vn 0.0076 0.9961 -0.0882
vn -0.0629 0.9942 -0.0867
vn -0.1656 0.9806 -0.1045
vn -0.1985 0.9717 -0.1284
vn -0.2080 0.9663 -0.1514
vn -0.1739 0.9684 -0.1785
vn -0.1250 0.9730 -0.1943
vn -0.0899 0.9817 -0.1681
vn -0.1006 0.9909 -0.0897
vn -0.1042 0.9946 -0.0000
vn -0.0370 0.9981 0.0489
vn 0.0466 0.9972 0.0580
vn 0.0914 0.9939 0.0612
vn 0.1050 0.9925 0.0621
vn 0.1693 0.9829 0.0731
vn 0.2318 0.9667 0.1088
vn 0.2329 0.9631 0.1348
vn 0.1833 0.9744 0.1302
vn 0.0774 0.9911 0.1086
vn -0.0056 0.9963 0.0860
vn -0.0253 0.9974 0.0681
vn 0.1507 0.9874 0.0476
vn 0.1050 0.9944 0.0148
vn 0.0635 0.9979 0.0107
vn 0.0119 0.9997 0.0190
vn -0.0461 0.9988 0.0138
vn -0.1107 0.9931 -0.0394
vn -0.1775 0.9768 -0.1195
vn -0.2149 0.9639 -0.1574
vn -0.2248 0.9645 -0.1383
vn -0.1540 0.9806 -0.1214
vn -0.0841 0.9855 -0.1473
vn -0.0824 0.9803 -0.1798
vn -0.0397 0.9812 -0.1891
vn 0.0081 0.9839 -0.1786
vn 0.0102 0.9887 -0.1493
vn -0.0271 0.9929 -0.1157
vn -0.0488 0.9937 -0.1005
vn -0.0105 0.9932 -0.1163
vn 0.0612 0.9845 -0.1646
vn 0.0371 0.9756 -0.2166
vn -0.0422 0.9717 -0.2325
vn -0.0610 0.9743 -0.2168
vn -0.0162 0.9833 -0.1813
vn 0.0496 0.9904 -0.1293
vn 0.0642 0.9946 -0.0819
vn 0.0288 0.9987 -0.0418
vn -0.0713 0.9975 -0.0013
vn -0.1766 0.9836 0.0379
vn -0.2550 0.9632 0.0849
vn -0.2333 0.9630 0.1346
vn -0.1428 0.9770 0.1587
vn -0.0879 0.9832 0.1602
vn -0.0554 0.9872 0.1497
vn -0.0695 0.9890 0.1305
vn -0.1019 0.9872 0.1230
vn -0.1005 0.9860 0.1333
vn -0.0789 0.9860 0.1467
vn -0.0530 0.9865 0.1547
vn 0.0020 0.9866 0.1632
vn 0.0490 0.9833 0.1752
vn 0.0406 0.9831 0.1783
vn -0.0074 0.9877 0.1564
vn -0.1137 0.9866 0.1168
vn -0.1692 0.9819 0.0847
vn -0.1248 0.9900 0.0656
vn -0.0772 0.9954 0.0562
vn -0.0397 0.9976 0.0568
vn -0.0224 0.9982 0.0555
vn -0.0373 0.9978 0.0546
vn -0.0382 0.9975 0.0591
vn -0.0207 0.9982 0.0572
vn -0.0302 0.9986 0.0445
vn -0.0548 0.9981 0.0271
vn -0.0695 0.9975 0.0116
vn -0.0668 0.9978 0.0037
vn -0.0275 0.9996 0.0065
vn 0.0221 0.9996 0.0146
vn 0.0414 0.9990 0.0166
vn 0.0285 0.9995 0.0169
vn -0.0050 0.9997 0.0233
vn -0.0328 0.9990 0.0293
vn -0.0672 0.9971 0.0356
vn -0.1005 0.9938 0.0481
vn 0.1771 0.9817 0.0706
vn 0.1188 0.9920 0.0418
vn 0.0639 0.9977 0.0242
vn 0.0059 0.9997 0.0242
vn -0.0401 0.9988 0.0291
vn -0.0754 0.9970 0.0195
vn -0.1343 0.9907 -0.0194
vn -0.1954 0.9774 -0.0802
vn -0.2287 0.9653 -0.1263
vn -0.1524 0.9781 -0.1418
vn -0.0663 0.9871 -0.1456
vn -0.0680 0.9846 -0.1608
vn -0.0402 0.9841 -0.1732
vn -0.0108 0.9877 -0.1559
vn -0.0151 0.9926 -0.1205
vn -0.0478 0.9951 -0.0860
vn -0.0476 0.9962 -0.0725
vn 0.0127 0.9956 -0.0932
vn 0.0925 0.9880 -0.1239
vn 0.0520 0.9891 -0.1378
vn -0.0493 0.9897 -0.1343
vn -0.0752 0.9897 -0.1217
vn -0.0479 0.9944 -0.0937
vn 0.0133 0.9989 -0.0457
vn 0.0406 0.9992 -0.0031
vn 0.0061 0.9996 0.0264
vn -0.0920 0.9944 0.0512
vn -0.1943 0.9784 0.0706
vn -0.2802 0.9557 0.0900
vn -0.2524 0.9609 0.1139
vn -0.1460 0.9809 0.1289
vn -0.0830 0.9886 0.1255
vn -0.0399 0.9936 0.1057
vn -0.0560 0.9951 0.0810
vn -0.1037 0.9922 0.0692
vn -0.1105 0.9911 0.0747
vn -0.0867 0.9925 0.0864
vn -0.0571 0.9938 0.0951
vn -0.0079 0.9942 0.1070
vn 0.0367 0.9911 0.1280
vn 0.0382 0.9883 0.1475
vn 0.0069 0.9882 0.1529
vn -0.0900 0.9867 0.1352
vn -0.1489 0.9838 0.0996
vn -0.1110 0.9915 0.0682
vn -0.0713 0.9963 0.0483
vn -0.0378 0.9986 0.0360
vn -0.0209 0.9993 0.0322
vn -0.0405 0.9985 0.0355
vn -0.0431 0.9981 0.0431
vn -0.0200 0.9985 0.0514
vn -0.0203 0.9986 0.0482
vn -0.0410 0.9987 0.0300
vn -0.0614 0.9980 0.0128
vn -0.0669 0.9977 0.0086
vn -0.0332 0.9993 0.0144
vn 0.0166 0.9996 0.0231
vn 0.0383 0.9987 0.0338
vn 0.0238 0.9987 0.0452
vn -0.0082 0.9987 0.0504
vn -0.0323 0.9983 0.0484
vn -0.0727 0.9961 0.0494
vn -0.1082 0.9925 0.0568
vn 0.1927 0.9773 0.0877
vn 0.1396 0.9883 0.0619
vn 0.0731 0.9967 0.0343
vn 0.0009 0.9996 0.0280
vn -0.0468 0.9981 0.0405
vn -0.0778 0.9949 0.0639
vn -0.1013 0.9933 0.0560
vn -0.1389 0.9901 -0.0221
vn -0.1937 0.9740 -0.1175
vn -0.1543 0.9754 -0.1573
vn -0.0734 0.9868 -0.1443
vn -0.0493 0.9880 -0.1466
vn -0.0411 0.9861 -0.1611
vn -0.0372 0.9896 -0.1387
vn -0.0396 0.9943 -0.0988
vn -0.0699 0.9955 -0.0637
vn -0.0428 0.9978 -0.0515
vn 0.0381 0.9964 -0.0758
vn 0.1003 0.9906 -0.0930
vn 0.0449 0.9959 -0.0785
vn -0.0575 0.9966 -0.0594
vn -0.0830 0.9953 -0.0493
vn -0.0749 0.9968 -0.0270
vn -0.0217 0.9996 0.0174
vn 0.0213 0.9982 0.0560
vn -0.0087 0.9970 0.0774
vn -0.1029 0.9906 0.0905
vn -0.2002 0.9751 0.0951
vn -0.2877 0.9531 0.0938
vn -0.2618 0.9601 0.0983
vn -0.1491 0.9831 0.1065
vn -0.0723 0.9924 0.0995
vn -0.0194 0.9972 0.0726
vn -0.0407 0.9982 0.0436
vn -0.1016 0.9944 0.0286
vn -0.1181 0.9925 0.0306
vn -0.0942 0.9947 0.0411
vn -0.0617 0.9968 0.0502
vn -0.0210 0.9977 0.0647
vn 0.0172 0.9956 0.0924
vn 0.0233 0.9920 0.1243
vn 0.0009 0.9887 0.1502
vn -0.0721 0.9862 0.1490
vn -0.1186 0.9867 0.1108
vn -0.0931 0.9932 0.0702
vn -0.0573 0.9975 0.0423
vn -0.0290 0.9994 0.0204
vn -0.0233 0.9996 0.0147
vn -0.0446 0.9988 0.0212
vn -0.0507 0.9982 0.0311
vn -0.0286 0.9985 0.0472
vn -0.0121 0.9986 0.0510
vn -0.0245 0.9992 0.0321
vn -0.0542 0.9984 0.0137
vn -0.0704 0.9974 0.0123
vn -0.0388 0.9990 0.0204
vn 0.0104 0.9995 0.0295
vn 0.0259 0.9986 0.0467
vn 0.0155 0.9977 0.0663
vn -0.0063 0.9975 0.0707
vn -0.0274 0.9977 0.0627
vn -0.0764 0.9953 0.0597
vn -0.1119 0.9917 0.0632
vn 0.2021 0.9755 0.0871
vn 0.1613 0.9847 0.0665
vn 0.0843 0.9954 0.0446
vn -0.0038 0.9991 0.0412
vn -0.0576 0.9970 0.0520
vn -0.0939 0.9932 0.0690
vn -0.0754 0.9952 0.0624
vn -0.0729 0.9973 0.0020
vn -0.1440 0.9865 -0.0778
vn -0.1534 0.9809 -0.1197
vn -0.0881 0.9892 -0.1172
vn -0.0324 0.9923 -0.1191
vn -0.0407 0.9906 -0.1303
vn -0.0619 0.9911 -0.1175
vn -0.0619 0.9942 -0.0881
vn -0.0887 0.9941 -0.0617
vn -0.0356 0.9978 -0.0566
vn 0.0605 0.9952 -0.0764
vn 0.0961 0.9917 -0.0855
vn 0.0285 0.9972 -0.0692
vn -0.0658 0.9965 -0.0512
vn -0.0890 0.9952 -0.0397
vn -0.0981 0.9950 -0.0179
vn -0.0535 0.9984 0.0207
vn 0.0032 0.9984 0.0570
vn -0.0210 0.9965 0.0810
vn -0.1118 0.9888 0.0988
vn -0.2046 0.9724 0.1120
vn -0.2872 0.9507 0.1165
vn -0.2632 0.9576 0.1169
vn -0.1488 0.9820 0.1162
vn -0.0591 0.9926 0.1056
vn 0.0010 0.9965 0.0830
vn -0.0253 0.9980 0.0585
vn -0.0955 0.9946 0.0411
vn -0.1216 0.9919 0.0354
vn -0.0995 0.9943 0.0386
vn -0.0650 0.9970 0.0425
vn -0.0336 0.9981 0.0518
vn -0.0037 0.9973 0.0740
vn 0.0037 0.9948 0.1021
vn -0.0143 0.9917 0.1276
vn -0.0595 0.9895 0.1315
vn -0.0873 0.9909 0.1028
vn -0.0745 0.9948 0.0688
vn -0.0411 0.9982 0.0446
vn -0.0177 0.9995 0.0253
vn -0.0251 0.9995 0.0167
vn -0.0463 0.9988 0.0153
vn -0.0584 0.9981 0.0195
vn -0.0422 0.9985 0.0354
vn -0.0065 0.9990 0.0437
vn -0.0087 0.9995 0.0306
vn -0.0478 0.9987 0.0156
vn -0.0741 0.9972 0.0128
vn -0.0432 0.9989 0.0170
vn 0.0042 0.9997 0.0239
vn 0.0103 0.9992 0.0394
vn 0.0056 0.9983 0.0581
vn -0.0043 0.9978 0.0657
vn -0.0229 0.9977 0.0639
vn -0.0776 0.9951 0.0616
vn -0.1112 0.9921 0.0585
vn 0.2064 0.9747 0.0857
vn 0.1761 0.9813 0.0778
vn 0.0898 0.9935 0.0693
vn -0.0094 0.9973 0.0728
vn -0.0637 0.9948 0.0795
vn -0.1005 0.9916 0.0815
vn -0.0613 0.9951 0.0777
vn -0.0346 0.9976 0.0598
vn -0.1030 0.9945 0.0195
vn -0.1377 0.9901 -0.0276
vn -0.0922 0.9944 -0.0518
vn -0.0277 0.9982 -0.0523
vn -0.0358 0.9978 -0.0556
vn -0.0689 0.9954 -0.0664
vn -0.0774 0.9950 -0.0627
vn -0.0946 0.9939 -0.0570
vn -0.0255 0.9973 -0.0688
vn 0.0700 0.9945 -0.0782
vn 0.0859 0.9940 -0.0675
vn 0.0141 0.9988 -0.0469
vn -0.0733 0.9968 -0.0316
vn -0.0991 0.9949 -0.0166
vn -0.1161 0.9932 0.0040
vn -0.0770 0.9966 0.0285
vn -0.0180 0.9981 0.0594
vn -0.0364 0.9953 0.0898
vn -0.1279 0.9847 0.1185
vn -0.2202 0.9636 0.1519
vn -0.2868 0.9428 0.1701
vn -0.2526 0.9540 0.1612
vn -0.1384 0.9805 0.1394
vn -0.0476 0.9916 0.1202
vn 0.0132 0.9941 0.1078
vn -0.0120 0.9955 0.0941
vn -0.0819 0.9941 0.0709
vn -0.1156 0.9922 0.0468
vn -0.0982 0.9946 0.0328
vn -0.0631 0.9977 0.0242
vn -0.0396 0.9990 0.0211
vn -0.0182 0.9994 0.0295
vn -0.0133 0.9987 0.0483
vn -0.0313 0.9969 0.0729
vn -0.0566 0.9944 0.0890
vn -0.0674 0.9943 0.0827
vn -0.0601 0.9961 0.0651
vn -0.0292 0.9983 0.0499
vn -0.0080 0.9993 0.0369
vn -0.0188 0.9996 0.0214
vn -0.0383 0.9993 0.0012
vn -0.0628 0.9980 -0.0085
vn -0.0591 0.9982 0.0073
vn -0.0077 0.9996 0.0262
vn 0.0009 0.9996 0.0268
vn -0.0429 0.9989 0.0200
vn -0.0730 0.9972 0.0139
vn -0.0437 0.9990 0.0089
vn -0.0009 0.9999 0.0103
vn -0.0027 0.9998 0.0219
vn -0.0050 0.9992 0.0384
vn -0.0092 0.9985 0.0539
vn -0.0255 0.9974 0.0669
vn -0.0733 0.9951 0.0663
vn -0.1011 0.9938 0.0472
vn 0.2050 0.9751 0.0849
vn 0.1835 0.9794 0.0844
vn 0.0893 0.9925 0.0838
vn -0.0159 0.9957 0.0912
vn -0.0647 0.9933 0.0954
vn -0.0968 0.9913 0.0888
vn -0.0607 0.9944 0.0865
vn -0.0278 0.9952 0.0935
vn -0.0718 0.9945 0.0766
vn -0.1048 0.9941 0.0264
vn -0.0835 0.9964 -0.0134
vn -0.0367 0.9992 -0.0130
vn -0.0256 0.9996 -0.0117
vn -0.0557 0.9978 -0.0364
vn -0.0854 0.9952 -0.0479
vn -0.0861 0.9948 -0.0544
vn -0.0121 0.9970 -0.0760
vn 0.0651 0.9947 -0.0792
vn 0.0691 0.9960 -0.0570
vn 0.0017 0.9994 -0.0338
vn -0.0800 0.9966 -0.0202
vn -0.1136 0.9935 -0.0031
vn -0.1283 0.9916 0.0167
vn -0.0915 0.9953 0.0329
vn -0.0425 0.9972 0.0607
vn -0.0552 0.9940 0.0949
vn -0.1522 0.9798 0.1297
vn -0.2493 0.9526 0.1744
vn -0.2883 0.9362 0.2010
vn -0.2303 0.9550 0.1870
vn -0.1173 0.9812 0.1530
vn -0.0379 0.9910 0.1287
vn 0.0165 0.9924 0.1221
vn -0.0011 0.9934 0.1147
vn -0.0598 0.9943 0.0883
vn -0.0988 0.9937 0.0536
vn -0.0897 0.9955 0.0294
vn -0.0555 0.9984 0.0136
vn -0.0382 0.9993 0.0031
vn -0.0256 0.9997 0.0036
vn -0.0271 0.9995 0.0167
vn -0.0499 0.9979 0.0407
vn -0.0644 0.9959 0.0640
vn -0.0602 0.9957 0.0710
vn -0.0502 0.9967 0.0630
vn -0.0222 0.9983 0.0531
vn -0.0000 0.9990 0.0437
vn -0.0033 0.9997 0.0241
vn -0.0195 0.9998 -0.0070
vn -0.0632 0.9977 -0.0248
vn -0.0795 0.9968 -0.0090
vn -0.0164 0.9997 0.0160
vn 0.0035 0.9997 0.0246
vn -0.0397 0.9990 0.0227
vn -0.0668 0.9977 0.0146
vn -0.0397 0.9992 0.0042
vn -0.0047 1.0000 0.0025
vn -0.0127 0.9999 0.0117
vn -0.0162 0.9995 0.0270
vn -0.0218 0.9987 0.0470
vn -0.0361 0.9970 0.0686
vn -0.0627 0.9956 0.0690
vn -0.0805 0.9959 0.0406
vn 0.1957 0.9798 0.0407
vn 0.1815 0.9815 0.0610
vn 0.0850 0.9936 0.0740
vn -0.0227 0.9962 0.0839
vn -0.0673 0.9934 0.0933
vn -0.0918 0.9911 0.0960
vn -0.0643 0.9932 0.0969
vn -0.0324 0.9942 0.1025
vn -0.0495 0.9944 0.0929
vn -0.0720 0.9956 0.0603
vn -0.0706 0.9970 0.0311
vn -0.0451 0.9987 0.0238
vn -0.0130 0.9998 0.0163
vn -0.0368 0.9993 -0.0061
vn -0.0873 0.9960 -0.0201
vn -0.0722 0.9969 -0.0320
vn 0.0015 0.9986 -0.0521
vn 0.0565 0.9968 -0.0560
vn 0.0527 0.9978 -0.0404
vn -0.0083 0.9997 -0.0240
vn -0.0849 0.9963 -0.0150
vn -0.1263 0.9920 -0.0050
vn -0.1388 0.9903 0.0107
vn -0.1065 0.9938 0.0333
vn -0.0705 0.9950 0.0704
vn -0.0778 0.9907 0.1118
vn -0.1761 0.9736 0.1451
vn -0.2749 0.9461 0.1713
vn -0.2867 0.9416 0.1766
vn -0.2046 0.9671 0.1513
vn -0.0943 0.9888 0.1161
vn -0.0307 0.9949 0.0958
vn 0.0123 0.9951 0.0980
vn 0.0034 0.9944 0.1053
vn -0.0382 0.9950 0.0928
vn -0.0793 0.9947 0.0658
vn -0.0789 0.9959 0.0446
vn -0.0464 0.9984 0.0308
vn -0.0325 0.9993 0.0191
vn -0.0277 0.9995 0.0134
vn -0.0377 0.9991 0.0194
vn -0.0664 0.9971 0.0360
vn -0.0745 0.9958 0.0525
vn -0.0581 0.9967 0.0575
vn -0.0432 0.9977 0.0517
vn -0.0168 0.9989 0.0432
vn 0.0085 0.9995 0.0319
vn 0.0150 0.9998 0.0113
vn -0.0007 0.9999 -0.0133
vn -0.0624 0.9977 -0.0247
vn -0.0960 0.9952 -0.0164
vn -0.0289 0.9996 0.0023
vn 0.0006 0.9999 0.0169
vn -0.0363 0.9992 0.0181
vn -0.0582 0.9983 0.0081
vn -0.0350 0.9994 -0.0017
vn -0.0082 1.0000 -0.0018
vn -0.0195 0.9998 0.0043
vn -0.0242 0.9996 0.0113
vn -0.0333 0.9992 0.0205
vn -0.0468 0.9984 0.0319
vn -0.0531 0.9981 0.0328
vn -0.0615 0.9980 0.0178
vn 0.1687 0.9850 -0.0359
vn 0.1595 0.9870 0.0206
vn 0.0762 0.9955 0.0571
vn -0.0295 0.9970 0.0714
vn -0.0794 0.9928 0.0898
vn -0.0940 0.9897 0.1084
vn -0.0662 0.9912 0.1145
vn -0.0360 0.9924 0.1177
vn -0.0412 0.9919 0.1205
vn -0.0566 0.9914 0.1180
vn -0.0586 0.9925 0.1070
vn -0.0381 0.9955 0.0868
vn 0.0004 0.9979 0.0643
vn -0.0228 0.9987 0.0458
vn -0.0800 0.9964 0.0277
vn -0.0575 0.9983 0.0065
vn 0.0119 0.9999 -0.0110
vn 0.0523 0.9985 -0.0161
vn 0.0438 0.9990 -0.0119
vn -0.0136 0.9999 -0.0071
vn -0.0862 0.9963 -0.0060
vn -0.1302 0.9915 -0.0081
vn -0.1505 0.9886 0.0002
vn -0.1317 0.9907 0.0339
vn -0.1047 0.9907 0.0868
vn -0.1070 0.9843 0.1406
vn -0.1921 0.9662 0.1720
vn -0.2770 0.9462 0.1670
vn -0.2697 0.9536 0.1340
vn -0.1766 0.9803 0.0887
vn -0.0749 0.9958 0.0520
vn -0.0282 0.9988 0.0391
vn -0.0033 0.9984 0.0564
vn -0.0075 0.9960 0.0889
vn -0.0267 0.9946 0.1004
vn -0.0636 0.9942 0.0866
vn -0.0697 0.9951 0.0705
vn -0.0393 0.9974 0.0602
vn -0.0228 0.9987 0.0467
vn -0.0227 0.9993 0.0303
vn -0.0425 0.9988 0.0240
vn -0.0753 0.9968 0.0279
vn -0.0799 0.9963 0.0328
vn -0.0570 0.9978 0.0343
vn -0.0392 0.9987 0.0323
vn -0.0111 0.9996 0.0263
vn 0.0200 0.9997 0.0118
vn 0.0323 0.9994 -0.0108
vn 0.0072 0.9997 -0.0241
vn -0.0625 0.9977 -0.0244
vn -0.0982 0.9947 -0.0291
vn -0.0443 0.9988 -0.0213
vn -0.0104 0.9999 0.0036
vn -0.0307 0.9995 0.0103
vn -0.0484 0.9988 -0.0030
vn -0.0325 0.9994 -0.0117
vn -0.0123 0.9999 -0.0091
vn -0.0200 0.9998 -0.0082
vn -0.0233 0.9996 -0.0157
vn -0.0342 0.9991 -0.0250
vn -0.0493 0.9983 -0.0313
vn -0.0526 0.9982 -0.0293
vn -0.0573 0.9981 -0.0213
vn 0.1253 0.9898 -0.0680
vn 0.1190 0.9929 0.0037
vn 0.0630 0.9968 0.0500
vn -0.0362 0.9972 0.0661
vn -0.1000 0.9911 0.0881
vn -0.1028 0.9882 0.1135
vn -0.0666 0.9903 0.1219
vn -0.0390 0.9915 0.1241
vn -0.0455 0.9902 0.1320
vn -0.0572 0.9882 0.1419
vn -0.0478 0.9892 0.1384
vn -0.0175 0.9934 0.1129
vn 0.0144 0.9963 0.0842
vn -0.0133 0.9976 0.0675
vn -0.0645 0.9968 0.0477
vn -0.0423 0.9988 0.0227
vn 0.0193 0.9998 0.0062
vn 0.0520 0.9986 0.0006
vn 0.0418 0.9991 -0.0000
vn -0.0149 0.9999 -0.0000
vn -0.0842 0.9964 -0.0023
vn -0.1262 0.9920 -0.0094
vn -0.1632 0.9866 -0.0042
vn -0.1657 0.9856 0.0341
vn -0.1442 0.9851 0.0934
vn -0.1424 0.9781 0.1521
vn -0.2016 0.9622 0.1830
vn -0.2580 0.9518 0.1659
vn -0.2369 0.9645 0.1168
vn -0.1446 0.9875 0.0624
vn -0.0583 0.9980 0.0250
vn -0.0298 0.9994 0.0152
vn -0.0292 0.9988 0.0389
vn -0.0322 0.9961 0.0820
vn -0.0243 0.9943 0.1036
vn -0.0512 0.9941 0.0953
vn -0.0620 0.9948 0.0814
vn -0.0339 0.9968 0.0725
vn -0.0093 0.9983 0.0581
vn -0.0113 0.9992 0.0373
vn -0.0422 0.9988 0.0260
vn -0.0773 0.9967 0.0245
vn -0.0812 0.9964 0.0245
vn -0.0568 0.9981 0.0246
vn -0.0379 0.9990 0.0242
vn -0.0050 0.9998 0.0193
vn 0.0343 0.9994 0.0033
vn 0.0486 0.9986 -0.0200
vn 0.0054 0.9996 -0.0286
vn -0.0633 0.9977 -0.0243
vn -0.0877 0.9956 -0.0344
vn -0.0624 0.9976 -0.0311
vn -0.0285 0.9996 -0.0019
vn -0.0230 0.9997 0.0070
vn -0.0375 0.9993 -0.0076
vn -0.0321 0.9994 -0.0159
vn -0.0170 0.9998 -0.0122
vn -0.0151 0.9998 -0.0135
vn -0.0143 0.9995 -0.0270
vn -0.0255 0.9987 -0.0440
vn -0.0445 0.9973 -0.0577
vn -0.0602 0.9967 -0.0552
vn -0.0667 0.9971 -0.0376
vn 0.0823 0.9935 -0.0792
vn 0.0751 0.9970 -0.0198
vn 0.0421 0.9986 0.0321
vn -0.0487 0.9966 0.0664
vn -0.1215 0.9880 0.0951
vn -0.1136 0.9864 0.1186
vn -0.0677 0.9893 0.1289
vn -0.0417 0.9903 0.1329
vn -0.0535 0.9886 0.1408
vn -0.0614 0.9869 0.1490
vn -0.0380 0.9888 0.1447
vn 0.0026 0.9920 0.1263
vn 0.0247 0.9937 0.1098
vn -0.0064 0.9949 0.1008
vn -0.0471 0.9953 0.0842
vn -0.0282 0.9977 0.0623
vn 0.0237 0.9984 0.0511
vn 0.0516 0.9974 0.0505
vn 0.0426 0.9978 0.0504
vn -0.0107 0.9990 0.0429
vn -0.0766 0.9967 0.0274
vn -0.1183 0.9929 0.0111
vn -0.1759 0.9843 0.0139
vn -0.1977 0.9792 0.0456
vn -0.1753 0.9809 0.0839
vn -0.1704 0.9788 0.1133
vn -0.2062 0.9707 0.1233
vn -0.2326 0.9677 0.0967
vn -0.1965 0.9797 0.0392
vn -0.1103 0.9937 -0.0217
vn -0.0472 0.9975 -0.0528
vn -0.0397 0.9982 -0.0448
vn -0.0590 0.9982 -0.0091
vn -0.0583 0.9978 0.0314
vn -0.0281 0.9981 0.0543
vn -0.0440 0.9974 0.0571
vn -0.0577 0.9969 0.0533
vn -0.0338 0.9979 0.0554
vn -0.0018 0.9983 0.0583
vn -0.0021 0.9985 0.0540
vn -0.0390 0.9981 0.0468
vn -0.0751 0.9964 0.0403
vn -0.0780 0.9964 0.0324
vn -0.0531 0.9983 0.0223
vn -0.0348 0.9993 0.0125
vn 0.0033 1.0000 0.0003
vn 0.0493 0.9986 -0.0188
vn 0.0619 0.9973 -0.0382
vn -0.0010 0.9992 -0.0403
vn -0.0692 0.9973 -0.0261
vn -0.0805 0.9966 -0.0183
vn -0.0770 0.9970 -0.0107
vn -0.0453 0.9989 0.0073
vn -0.0201 0.9996 0.0195
vn -0.0286 0.9995 0.0164
vn -0.0290 0.9996 0.0067
vn -0.0179 0.9998 -0.0004
vn -0.0085 0.9999 -0.0075
vn -0.0026 0.9998 -0.0214
vn -0.0135 0.9991 -0.0399
vn -0.0379 0.9978 -0.0540
vn -0.0670 0.9962 -0.0558
vn -0.0771 0.9959 -0.0473
vn 0.0520 0.9942 -0.0940
vn 0.0369 0.9980 -0.0511
vn 0.0065 0.9999 0.0080
vn -0.0752 0.9949 0.0667
vn -0.1397 0.9847 0.1045
vn -0.1244 0.9843 0.1254
vn -0.0714 0.9878 0.1382
vn -0.0446 0.9885 0.1446
vn -0.0613 0.9864 0.1526
vn -0.0630 0.9853 0.1585
vn -0.0292 0.9878 0.1530
vn 0.0125 0.9895 0.1440
vn 0.0258 0.9893 0.1437
vn -0.0026 0.9894 0.1452
vn -0.0309 0.9907 0.1327
vn -0.0173 0.9932 0.1149
vn 0.0230 0.9936 0.1108
vn 0.0480 0.9920 0.1168
vn 0.0453 0.9920 0.1175
vn 0.0032 0.9950 0.1001
vn -0.0581 0.9961 0.0671
vn -0.1069 0.9935 0.0385
vn -0.1884 0.9814 0.0380
vn -0.2198 0.9736 0.0612
vn -0.1836 0.9804 0.0713
vn -0.1756 0.9826 0.0612
vn -0.1982 0.9793 0.0420
vn -0.2019 0.9794 0.0026
vn -0.1476 0.9869 -0.0653
vn -0.0743 0.9883 -0.1335
vn -0.0470 0.9867 -0.1558
vn -0.0658 0.9901 -0.1243
vn -0.0903 0.9932 -0.0731
vn -0.0782 0.9963 -0.0363
vn -0.0399 0.9991 -0.0118
vn -0.0457 0.9989 0.0057
vn -0.0601 0.9981 0.0156
vn -0.0442 0.9985 0.0326
vn -0.0105 0.9982 0.0585
vn -0.0024 0.9971 0.0762
vn -0.0330 0.9967 0.0747
vn -0.0680 0.9958 0.0614
vn -0.0676 0.9968 0.0430
vn -0.0409 0.9990 0.0192
vn -0.0256 0.9997 -0.0033
vn 0.0165 0.9996 -0.0250
vn 0.0645 0.9967 -0.0485
vn 0.0689 0.9957 -0.0626
vn -0.0113 0.9984 -0.0559
vn -0.0863 0.9959 -0.0285
vn -0.0896 0.9960 0.0033
vn -0.0817 0.9965 0.0166
vn -0.0545 0.9983 0.0196
vn -0.0300 0.9989 0.0361
vn -0.0250 0.9985 0.0485
vn -0.0184 0.9992 0.0369
vn -0.0095 0.9998 0.0154
vn -0.0021 1.0000 0.0004
vn 0.0098 0.9999 -0.0140
vn -0.0000 0.9994 -0.0343
vn -0.0323 0.9983 -0.0490
vn -0.0664 0.9962 -0.0565
vn -0.0808 0.9949 -0.0602
vn 0.0311 0.9947 -0.0978
vn 0.0029 0.9983 -0.0590
vn -0.0396 0.9992 0.0019
vn -0.1115 0.9915 0.0666
vn -0.1556 0.9821 0.1066
vn -0.1353 0.9826 0.1270
vn -0.0770 0.9871 0.1405
vn -0.0477 0.9879 0.1476
vn -0.0691 0.9854 0.1555
vn -0.0629 0.9850 0.1609
vn -0.0212 0.9877 0.1551
vn 0.0153 0.9888 0.1484
vn 0.0205 0.9881 0.1523
vn -0.0011 0.9877 0.1563
vn -0.0160 0.9893 0.1448
vn -0.0087 0.9917 0.1281
vn 0.0188 0.9919 0.1257
vn 0.0425 0.9901 0.1334
vn 0.0496 0.9897 0.1342
vn 0.0242 0.9931 0.1144
vn -0.0320 0.9965 0.0772
vn -0.0931 0.9946 0.0455
vn -0.2006 0.9787 0.0439
vn -0.2351 0.9698 0.0649
vn -0.1756 0.9821 0.0683
vn -0.1639 0.9853 0.0481
vn -0.1807 0.9833 0.0213
vn -0.1667 0.9858 -0.0216
vn -0.0927 0.9914 -0.0921
vn -0.0372 0.9862 -0.1615
vn -0.0551 0.9819 -0.1811
vn -0.1037 0.9842 -0.1437
vn -0.1227 0.9885 -0.0889
vn -0.0936 0.9942 -0.0534
vn -0.0574 0.9979 -0.0285
vn -0.0541 0.9985 -0.0073
vn -0.0672 0.9977 0.0061
vn -0.0621 0.9977 0.0268
vn -0.0309 0.9978 0.0585
vn -0.0095 0.9966 0.0818
vn -0.0248 0.9963 0.0817
vn -0.0574 0.9961 0.0668
vn -0.0518 0.9976 0.0457
vn -0.0226 0.9996 0.0184
vn -0.0119 0.9999 -0.0072
vn 0.0333 0.9990 -0.0313
vn 0.0798 0.9952 -0.0559
vn 0.0715 0.9951 -0.0687
vn -0.0244 0.9979 -0.0599
vn -0.1114 0.9933 -0.0291
vn -0.1104 0.9939 0.0087
vn -0.0794 0.9966 0.0235
vn -0.0582 0.9980 0.0227
vn -0.0488 0.9980 0.0402
vn -0.0252 0.9981 0.0566
vn -0.0023 0.9990 0.0445
vn 0.0054 0.9998 0.0194
vn 0.0043 1.0000 0.0025
vn 0.0227 0.9997 -0.0121
vn 0.0146 0.9994 -0.0329
vn -0.0273 0.9985 -0.0477
vn -0.0603 0.9966 -0.0566
vn -0.0798 0.9948 -0.0634
vn 0.0122 0.9962 -0.0867
vn -0.0296 0.9984 -0.0487
vn -0.0843 0.9964 0.0064
vn -0.1465 0.9873 0.0616
vn -0.1697 0.9809 0.0949
vn -0.1432 0.9838 0.1081
vn -0.0816 0.9901 0.1140
vn -0.0515 0.9915 0.1194
vn -0.0745 0.9895 0.1238
vn -0.0642 0.9898 0.1272
vn -0.0203 0.9908 0.1340
vn 0.0117 0.9894 0.1447
vn 0.0148 0.9879 0.1543
vn 0.0004 0.9877 0.1565
vn -0.0069 0.9883 0.1525
vn -0.0067 0.9882 0.1528
vn 0.0110 0.9865 0.1635
vn 0.0361 0.9837 0.1759
vn 0.0538 0.9827 0.1771
vn 0.0513 0.9873 0.1501
vn 0.0043 0.9956 0.0932
vn -0.0716 0.9967 0.0378
vn -0.1993 0.9799 0.0035
vn -0.2400 0.9707 -0.0118
vn -0.1734 0.9848 -0.0096
vn -0.1572 0.9876 -0.0035
vn -0.1608 0.9868 -0.0182
vn -0.1294 0.9896 -0.0631
vn -0.0449 0.9916 -0.1215
vn -0.0121 0.9870 -0.1603
vn -0.0697 0.9854 -0.1555
vn -0.1404 0.9833 -0.1162
vn -0.1530 0.9857 -0.0699
vn -0.1085 0.9934 -0.0377
vn -0.0729 0.9972 -0.0171
vn -0.0615 0.9981 -0.0039
vn -0.0734 0.9973 0.0033
vn -0.0771 0.9969 0.0146
vn -0.0485 0.9983 0.0318
vn -0.0172 0.9988 0.0461
vn -0.0196 0.9986 0.0498
vn -0.0477 0.9980 0.0421
vn -0.0375 0.9989 0.0270
vn -0.0068 0.9999 0.0091
vn 0.0012 1.0000 -0.0086
vn 0.0466 0.9986 -0.0240
vn 0.0875 0.9957 -0.0307
vn 0.0671 0.9975 -0.0225
vn -0.0363 0.9993 -0.0067
vn -0.1285 0.9917 0.0068
vn -0.1246 0.9921 0.0166
vn -0.0765 0.9969 0.0193
vn -0.0582 0.9982 0.0158
vn -0.0594 0.9981 0.0140
vn -0.0238 0.9996 0.0115
vn 0.0097 0.9999 0.0038
vn 0.0168 0.9998 -0.0062
vn 0.0104 0.9998 -0.0155
vn 0.0323 0.9992 -0.0246
vn 0.0243 0.9992 -0.0328
vn -0.0242 0.9990 -0.0372
vn -0.0565 0.9977 -0.0385
vn -0.0809 0.9961 -0.0359
vn -0.0068 0.9972 -0.0745
vn -0.0607 0.9975 -0.0374
vn -0.1220 0.9925 0.0114
vn -0.1747 0.9830 0.0560
vn -0.1809 0.9801 0.0821
vn -0.1439 0.9857 0.0874
vn -0.0831 0.9929 0.0851
vn -0.0561 0.9945 0.0884
vn -0.0737 0.9933 0.0888
vn -0.0688 0.9935 0.0903
vn -0.0341 0.9933 0.1108
vn -0.0019 0.9901 0.1405
vn 0.0108 0.9876 0.1566
vn 0.0028 0.9877 0.1566
vn -0.0095 0.9869 0.1608
vn -0.0174 0.9836 0.1797
vn -0.0029 0.9788 0.2046
vn 0.0289 0.9746 0.2219
vn 0.0579 0.9730 0.2236
vn 0.0885 0.9780 0.1890
vn 0.0589 0.9921 0.1105
vn -0.0347 0.9990 0.0292
vn -0.1672 0.9851 -0.0410
vn -0.2267 0.9692 -0.0958
vn -0.1893 0.9774 -0.0946
vn -0.1674 0.9841 -0.0599
vn -0.1395 0.9883 -0.0614
vn -0.0900 0.9900 -0.1083
vn -0.0150 0.9880 -0.1535
vn -0.0121 0.9872 -0.1588
vn -0.0936 0.9874 -0.1275
vn -0.1699 0.9817 -0.0859
vn -0.1780 0.9828 -0.0491
vn -0.1239 0.9921 -0.0204
vn -0.0816 0.9967 -0.0046
vn -0.0643 0.9979 -0.0003
vn -0.0758 0.9971 0.0003
vn -0.0828 0.9966 0.0012
vn -0.0552 0.9985 0.0026
vn -0.0231 0.9997 0.0070
vn -0.0212 0.9997 0.0147
vn -0.0412 0.9990 0.0150
vn -0.0284 0.9996 0.0066
vn 0.0013 1.0000 -0.0012
vn 0.0109 0.9999 -0.0101
vn 0.0511 0.9986 -0.0160
vn 0.0789 0.9969 -0.0030
vn 0.0497 0.9984 0.0281
vn -0.0451 0.9977 0.0515
vn -0.1253 0.9911 0.0461
vn -0.1203 0.9924 0.0252
vn -0.0754 0.9970 0.0146
vn -0.0527 0.9986 0.0082
vn -0.0486 0.9987 -0.0147
vn -0.0176 0.9991 -0.0378
vn 0.0106 0.9991 -0.0408
vn 0.0181 0.9992 -0.0343
vn 0.0158 0.9993 -0.0352
vn 0.0350 0.9987 -0.0382
vn 0.0235 0.9992 -0.0327
vn -0.0250 0.9994 -0.0258
vn -0.0595 0.9981 -0.0187
vn -0.0883 0.9961 -0.0057
vn -0.0258 0.9972 -0.0703
vn -0.0904 0.9953 -0.0341
vn -0.1550 0.9878 0.0125
vn -0.1985 0.9786 0.0548
vn -0.1901 0.9785 0.0797
vn -0.1406 0.9864 0.0849
vn -0.0827 0.9931 0.0828
vn -0.0611 0.9944 0.0867
vn -0.0695 0.9938 0.0871
vn -0.0749 0.9933 0.0884
vn -0.0557 0.9924 0.1093
vn -0.0210 0.9899 0.1399
vn 0.0077 0.9877 0.1565
vn 0.0057 0.9876 0.1568
vn -0.0185 0.9867 0.1616
vn -0.0345 0.9829 0.1806
vn -0.0195 0.9787 0.2045
vn 0.0216 0.9750 0.2212
vn 0.0620 0.9728 0.2232
vn 0.1297 0.9732 0.1901
vn 0.1213 0.9860 0.1146
vn 0.0100 0.9993 0.0357
vn -0.1188 0.9923 -0.0356
vn -0.2028 0.9749 -0.0922
vn -0.2149 0.9723 -0.0918
vn -0.1863 0.9808 -0.0583
vn -0.1176 0.9912 -0.0614
vn -0.0504 0.9929 -0.1076
vn 0.0041 0.9887 -0.1498
vn -0.0259 0.9880 -0.1523
vn -0.1219 0.9853 -0.1198
vn -0.1946 0.9777 -0.0790
vn -0.1995 0.9789 -0.0439
vn -0.1390 0.9901 -0.0168
vn -0.0864 0.9963 -0.0024
vn -0.0644 0.9979 0.0007
vn -0.0758 0.9971 0.0002
vn -0.0830 0.9965 -0.0004
vn -0.0557 0.9984 -0.0005
vn -0.0280 0.9996 0.0032
vn -0.0267 0.9996 0.0111
vn -0.0364 0.9993 0.0118
vn -0.0223 0.9997 0.0038
vn 0.0047 1.0000 -0.0028
vn 0.0185 0.9998 -0.0104
vn 0.0504 0.9986 -0.0147
vn 0.0612 0.9981 0.0001
vn 0.0255 0.9992 0.0321
vn -0.0516 0.9972 0.0548
vn -0.1107 0.9927 0.0471
vn -0.1058 0.9941 0.0236
vn -0.0753 0.9971 0.0118
vn -0.0444 0.9990 0.0056
vn -0.0264 0.9995 -0.0174
vn -0.0087 0.9991 -0.0410
vn 0.0056 0.9990 -0.0438
vn 0.0139 0.9992 -0.0363
vn 0.0208 0.9991 -0.0364
vn 0.0338 0.9987 -0.0389
vn 0.0167 0.9993 -0.0324
vn -0.0280 0.9993 -0.0248
vn -0.0662 0.9977 -0.0173
vn -0.0991 0.9951 -0.0039
vn -0.0436 0.9986 -0.0298
vn -0.1132 0.9936 -0.0046
vn -0.1801 0.9834 0.0223
vn -0.2171 0.9750 0.0477
vn -0.1981 0.9781 0.0644
vn -0.1422 0.9870 0.0751
vn -0.0871 0.9924 0.0871
vn -0.0672 0.9928 0.0992
vn -0.0669 0.9923 0.1041
vn -0.0793 0.9912 0.1057
vn -0.0726 0.9905 0.1171
vn -0.0376 0.9899 0.1367
vn 0.0024 0.9883 0.1525
vn 0.0058 0.9872 0.1597
vn -0.0245 0.9863 0.1634
vn -0.0415 0.9858 0.1630
vn -0.0266 0.9870 0.1587
vn 0.0160 0.9870 0.1601
vn 0.0613 0.9839 0.1679
vn 0.1502 0.9739 0.1700
vn 0.1586 0.9749 0.1562
vn 0.0439 0.9909 0.1273
vn -0.0790 0.9930 0.0872
vn -0.1811 0.9821 0.0511
vn -0.2266 0.9734 0.0350
vn -0.1886 0.9818 0.0218
vn -0.0937 0.9956 -0.0095
vn -0.0215 0.9988 -0.0434
vn 0.0186 0.9977 -0.0654
vn -0.0350 0.9969 -0.0702
vn -0.1443 0.9880 -0.0553
vn -0.2165 0.9759 -0.0277
vn -0.2165 0.9763 -0.0027
vn -0.1479 0.9890 0.0095
vn -0.0887 0.9960 0.0122
vn -0.0625 0.9980 0.0099
vn -0.0725 0.9974 0.0026
vn -0.0807 0.9967 -0.0053
vn -0.0566 0.9984 -0.0074
vn -0.0333 0.9994 -0.0018
vn -0.0305 0.9995 0.0041
vn -0.0309 0.9995 0.0008
vn -0.0164 0.9998 -0.0085
vn 0.0062 0.9999 -0.0129
vn 0.0215 0.9997 -0.0121
vn 0.0465 0.9989 -0.0063
vn 0.0457 0.9989 0.0082
vn 0.0075 0.9996 0.0265
vn -0.0526 0.9981 0.0319
vn -0.0945 0.9954 0.0157
vn -0.0916 0.9958 -0.0070
vn -0.0741 0.9971 -0.0184
vn -0.0410 0.9990 -0.0189
vn -0.0133 0.9997 -0.0206
vn -0.0015 0.9996 -0.0273
vn 0.0031 0.9995 -0.0316
vn 0.0104 0.9995 -0.0302
vn 0.0243 0.9992 -0.0303
vn 0.0327 0.9990 -0.0314
vn 0.0114 0.9995 -0.0283
vn -0.0303 0.9992 -0.0247
vn -0.0712 0.9972 -0.0210
vn -0.1070 0.9941 -0.0146
vn -0.0596 0.9982 0.0076
vn -0.1239 0.9920 0.0226
vn -0.1927 0.9808 0.0312
vn -0.2275 0.9729 0.0412
vn -0.2042 0.9776 0.0503
vn -0.1529 0.9860 0.0661
vn -0.1002 0.9908 0.0909
vn -0.0752 0.9910 0.1108
vn -0.0679 0.9905 0.1197
vn -0.0806 0.9893 0.1217
vn -0.0803 0.9890 0.1243
vn -0.0492 0.9898 0.1337
vn -0.0069 0.9888 0.1488
vn 0.0010 0.9867 0.1623
vn -0.0242 0.9860 0.1651
vn -0.0291 0.9888 0.1466
vn -0.0158 0.9931 0.1162
vn 0.0128 0.9946 0.1033
vn 0.0506 0.9919 0.1166
vn 0.1352 0.9792 0.1516
vn 0.1533 0.9688 0.1946
vn 0.0585 0.9756 0.2114
vn -0.0584 0.9780 0.2002
vn -0.1651 0.9692 0.1827
vn -0.2087 0.9662 0.1515
vn -0.1567 0.9830 0.0955
vn -0.0655 0.9971 0.0385
vn -0.0121 0.9998 0.0160
vn 0.0259 0.9996 0.0131
vn -0.0339 0.9994 0.0055
vn -0.1548 0.9879 0.0043
vn -0.2337 0.9721 0.0195
vn -0.2246 0.9738 0.0354
vn -0.1454 0.9888 0.0337
vn -0.0873 0.9959 0.0256
vn -0.0575 0.9982 0.0184
vn -0.0638 0.9980 0.0049
vn -0.0744 0.9972 -0.0098
vn -0.0591 0.9982 -0.0137
vn -0.0395 0.9992 -0.0064
vn -0.0309 0.9995 -0.0024
vn -0.0237 0.9997 -0.0094
vn -0.0104 0.9997 -0.0198
vn 0.0048 0.9997 -0.0222
vn 0.0166 0.9998 -0.0136
vn 0.0375 0.9993 0.0014
vn 0.0355 0.9992 0.0158
vn 0.0018 0.9998 0.0213
vn -0.0436 0.9990 0.0108
vn -0.0769 0.9969 -0.0133
vn -0.0797 0.9962 -0.0352
vn -0.0711 0.9964 -0.0462
vn -0.0467 0.9980 -0.0415
vn -0.0184 0.9996 -0.0236
vn 0.0021 0.9999 -0.0147
vn 0.0061 0.9998 -0.0204
vn 0.0093 0.9997 -0.0246
vn 0.0255 0.9994 -0.0246
vn 0.0097 0.9997 -0.0246
vn -0.0310 0.9992 -0.0246
vn -0.0729 0.9970 -0.0245
vn -0.1096 0.9937 -0.0245
vn -0.0736 0.9972 0.0110
vn -0.1288 0.9914 0.0243
vn -0.1987 0.9795 0.0320
vn -0.2335 0.9715 0.0407
vn -0.2096 0.9765 0.0502
vn -0.1674 0.9837 0.0661
vn -0.1166 0.9892 0.0891
vn -0.0843 0.9906 0.1081
vn -0.0713 0.9905 0.1180
vn -0.0810 0.9893 0.1213
vn -0.0831 0.9889 0.1233
vn -0.0567 0.9899 0.1297
vn -0.0173 0.9898 0.1414
vn -0.0052 0.9883 0.1522
vn -0.0191 0.9884 0.1509
vn -0.0071 0.9915 0.1296
vn 0.0029 0.9950 0.1000
vn 0.0104 0.9960 0.0886
vn 0.0343 0.9941 0.1031
vn 0.1015 0.9847 0.1415
vn 0.1250 0.9736 0.1912
vn 0.0600 0.9742 0.2175
vn -0.0491 0.9757 0.2136
vn -0.1512 0.9694 0.1935
vn -0.1769 0.9721 0.1541
vn -0.1109 0.9893 0.0948
vn -0.0383 0.9983 0.0429
vn -0.0134 0.9996 0.0264
vn 0.0282 0.9992 0.0279
vn -0.0278 0.9993 0.0230
vn -0.1565 0.9875 0.0177
vn -0.2439 0.9696 0.0212
vn -0.2272 0.9735 0.0268
vn -0.1393 0.9899 0.0247
vn -0.0851 0.9962 0.0204
vn -0.0516 0.9985 0.0157
vn -0.0531 0.9986 0.0043
vn -0.0667 0.9977 -0.0086
vn -0.0620 0.9980 -0.0120
vn -0.0457 0.9989 -0.0056
vn -0.0295 0.9996 -0.0023
vn -0.0158 0.9998 -0.0094
vn -0.0042 0.9998 -0.0203
vn 0.0028 0.9997 -0.0242
vn 0.0086 0.9998 -0.0177
vn 0.0264 0.9996 -0.0041
vn 0.0280 0.9996 0.0094
vn 0.0026 0.9999 0.0140
vn -0.0300 0.9995 0.0030
vn -0.0595 0.9980 -0.0194
vn -0.0701 0.9968 -0.0381
vn -0.0683 0.9966 -0.0459
vn -0.0563 0.9976 -0.0406
vn -0.0315 0.9992 -0.0245
vn 0.0022 0.9999 -0.0138
vn 0.0103 0.9998 -0.0145
vn 0.0098 0.9998 -0.0174
vn 0.0256 0.9995 -0.0184
vn 0.0323 0.9993 -0.0186
vn 0.0100 0.9998 -0.0190
vn -0.0304 0.9993 -0.0202
vn -0.0722 0.9971 -0.0221
vn -0.1086 0.9938 -0.0245
vn -0.0816 0.9963 0.0252
vn -0.1337 0.9905 0.0313
vn -0.2019 0.9788 0.0353
vn -0.2382 0.9704 0.0387
vn -0.2180 0.9747 0.0501
vn -0.1793 0.9815 0.0666
vn -0.1293 0.9882 0.0821
vn -0.0940 0.9908 0.0973
vn -0.0773 0.9908 0.1109
vn -0.0830 0.9894 0.1192
vn -0.0827 0.9894 0.1196
vn -0.0568 0.9920 0.1131
vn -0.0234 0.9936 0.1105
vn -0.0063 0.9939 0.1101
vn -0.0049 0.9958 0.0917
vn 0.0154 0.9982 0.0584
vn 0.0177 0.9993 0.0328
vn 0.0068 0.9996 0.0276
vn 0.0154 0.9988 0.0469
vn 0.0607 0.9934 0.0977
vn 0.0815 0.9813 0.1744
vn 0.0399 0.9694 0.2421
vn -0.0444 0.9626 0.2673
vn -0.1208 0.9641 0.2364
vn -0.1297 0.9782 0.1621
vn -0.0694 0.9935 0.0897
vn -0.0252 0.9979 0.0602
vn -0.0214 0.9974 0.0689
vn 0.0221 0.9958 0.0883
vn -0.0228 0.9953 0.0941
vn -0.1440 0.9869 0.0728
vn -0.2307 0.9726 0.0286
vn -0.2210 0.9752 -0.0083
vn -0.1413 0.9899 -0.0124
vn -0.0879 0.9961 -0.0008
vn -0.0493 0.9988 0.0047
vn -0.0460 0.9989 0.0019
vn -0.0615 0.9981 -0.0037
vn -0.0640 0.9979 -0.0052
vn -0.0498 0.9988 -0.0024
vn -0.0278 0.9996 -0.0020
vn -0.0078 0.9999 -0.0094
vn 0.0038 0.9997 -0.0224
vn 0.0042 0.9995 -0.0325
vn 0.0040 0.9994 -0.0342
vn 0.0170 0.9995 -0.0267
vn 0.0216 0.9996 -0.0165
vn 0.0055 0.9999 -0.0160
vn -0.0172 0.9994 -0.0287
vn -0.0470 0.9979 -0.0443
vn -0.0665 0.9965 -0.0497
vn -0.0701 0.9965 -0.0445
vn -0.0631 0.9973 -0.0368
vn -0.0412 0.9988 -0.0282
vn -0.0076 0.9999 -0.0098
vn 0.0077 0.9999 0.0096
vn 0.0128 0.9998 0.0120
vn 0.0265 0.9996 0.0071
vn 0.0323 0.9995 0.0060
vn 0.0114 0.9999 0.0041
vn -0.0268 0.9996 -0.0022
vn -0.0680 0.9976 -0.0120
vn -0.1028 0.9944 -0.0248
vn -0.0814 0.9960 0.0358
vn -0.1386 0.9897 0.0365
vn -0.2012 0.9788 0.0379
vn -0.2410 0.9698 0.0372
vn -0.2303 0.9718 0.0500
vn -0.1876 0.9800 0.0670
vn -0.1367 0.9876 0.0768
vn -0.1045 0.9905 0.0891
vn -0.0868 0.9906 0.1055
vn -0.0874 0.9892 0.1177
vn -0.0779 0.9901 0.1167
vn -0.0462 0.9939 0.1005
vn -0.0233 0.9959 0.0870
vn -0.0001 0.9970 0.0780
vn 0.0223 0.9987 0.0465
vn 0.0386 0.9992 0.0042
vn 0.0267 0.9995 -0.0184
vn 0.0014 0.9998 -0.0187
vn -0.0072 1.0000 0.0041
vn 0.0093 0.9979 0.0643
vn 0.0160 0.9868 0.1614
vn -0.0106 0.9654 0.2604
vn -0.0468 0.9503 0.3078
vn -0.0678 0.9609 0.2685
vn -0.0605 0.9839 0.1681
vn -0.0343 0.9957 0.0859
vn -0.0322 0.9968 0.0732
vn -0.0388 0.9941 0.1009
vn 0.0043 0.9910 0.1336
vn -0.0192 0.9888 0.1480
vn -0.1116 0.9872 0.1143
vn -0.1834 0.9824 0.0342
vn -0.2022 0.9787 -0.0348
vn -0.1550 0.9871 -0.0406
vn -0.0976 0.9951 -0.0168
vn -0.0520 0.9986 -0.0036
vn -0.0438 0.9990 -0.0000
vn -0.0599 0.9982 -0.0000
vn -0.0645 0.9979 -0.0000
vn -0.0511 0.9987 -0.0000
vn -0.0257 0.9997 -0.0017
vn 0.0002 1.0000 -0.0094
vn 0.0142 0.9996 -0.0239
vn 0.0105 0.9992 -0.0388
vn 0.0041 0.9989 -0.0468
vn 0.0098 0.9990 -0.0438
vn 0.0169 0.9992 -0.0362
vn 0.0115 0.9992 -0.0387
vn -0.0053 0.9986 -0.0527
vn -0.0413 0.9972 -0.0631
vn -0.0715 0.9957 -0.0585
vn -0.0785 0.9960 -0.0434
vn -0.0660 0.9972 -0.0340
vn -0.0461 0.9985 -0.0311
vn -0.0312 0.9995 -0.0068
vn -0.0048 0.9996 0.0279
vn 0.0194 0.9992 0.0343
vn 0.0285 0.9992 0.0264
vn 0.0323 0.9992 0.0246
vn 0.0147 0.9997 0.0216
vn -0.0190 0.9998 0.0114
vn -0.0588 0.9983 -0.0044
vn -0.0899 0.9956 -0.0250
vn -0.0807 0.9964 0.0268
vn -0.1460 0.9886 0.0361
vn -0.2016 0.9784 0.0457
vn -0.2435 0.9686 0.0504
vn -0.2420 0.9684 0.0608
vn -0.1926 0.9787 0.0717
vn -0.1402 0.9872 0.0763
vn -0.1133 0.9901 0.0830
vn -0.0964 0.9909 0.0943
vn -0.0912 0.9906 0.1018
vn -0.0699 0.9929 0.0963
vn -0.0309 0.9965 0.0781
vn -0.0183 0.9980 0.0612
vn 0.0100 0.9988 0.0474
vn 0.0511 0.9985 0.0207
vn 0.0578 0.9983 -0.0091
vn 0.0308 0.9993 -0.0215
vn -0.0059 0.9998 -0.0163
vn -0.0317 0.9995 0.0086
vn -0.0440 0.9969 0.0650
vn -0.0533 0.9874 0.1492
vn -0.0687 0.9703 0.2320
vn -0.0530 0.9607 0.2723
vn -0.0135 0.9697 0.2441
vn 0.0086 0.9857 0.1681
vn -0.0051 0.9944 0.1054
vn -0.0447 0.9946 0.0931
vn -0.0557 0.9924 0.1095
vn -0.0136 0.9916 0.1289
vn -0.0138 0.9910 0.1329
vn -0.0715 0.9927 0.0973
vn -0.1238 0.9920 0.0245
vn -0.1763 0.9836 -0.0387
vn -0.1693 0.9842 -0.0512
vn -0.1083 0.9934 -0.0369
vn -0.0576 0.9980 -0.0254
vn -0.0457 0.9988 -0.0177
vn -0.0616 0.9980 -0.0123
vn -0.0672 0.9977 -0.0059
vn -0.0531 0.9986 0.0011
vn -0.0240 0.9997 0.0032
vn 0.0073 1.0000 -0.0024
vn 0.0250 0.9996 -0.0148
vn 0.0192 0.9994 -0.0292
vn 0.0072 0.9992 -0.0389
vn 0.0042 0.9993 -0.0380
vn 0.0124 0.9995 -0.0306
vn 0.0178 0.9994 -0.0309
vn 0.0042 0.9992 -0.0405
vn -0.0392 0.9981 -0.0474
vn -0.0783 0.9959 -0.0449
vn -0.0868 0.9955 -0.0374
vn -0.0669 0.9972 -0.0332
vn -0.0501 0.9983 -0.0289
vn -0.0584 0.9983 -0.0064
vn -0.0216 0.9995 0.0249
vn 0.0242 0.9990 0.0364
vn 0.0300 0.9989 0.0348
vn 0.0330 0.9989 0.0334
vn 0.0190 0.9994 0.0289
vn -0.0101 0.9998 0.0193
vn -0.0486 0.9988 0.0065
vn -0.0766 0.9970 -0.0084
vn -0.0907 0.9959 0.0047
vn -0.1622 0.9861 0.0349
vn -0.2116 0.9752 0.0649
vn -0.2479 0.9653 0.0828
vn -0.2458 0.9654 0.0874
vn -0.1912 0.9780 0.0834
vn -0.1379 0.9876 0.0750
vn -0.1154 0.9910 0.0684
vn -0.1011 0.9926 0.0670
vn -0.0891 0.9941 0.0627
vn -0.0577 0.9973 0.0460
vn -0.0155 0.9996 0.0228
vn -0.0055 1.0000 -0.0025
vn 0.0230 0.9994 -0.0274
vn 0.0658 0.9969 -0.0424
vn 0.0621 0.9972 -0.0415
vn 0.0262 0.9992 -0.0289
vn -0.0170 0.9998 -0.0106
vn -0.0572 0.9982 0.0196
vn -0.0874 0.9939 0.0667
vn -0.1021 0.9876 0.1192
vn -0.1072 0.9811 0.1609
vn -0.0598 0.9815 0.1820
vn 0.0138 0.9834 0.1812
vn 0.0441 0.9849 0.1671
vn 0.0119 0.9882 0.1524
vn -0.0459 0.9889 0.1416
vn -0.0575 0.9898 0.1305
vn -0.0156 0.9930 0.1174
vn 0.0005 0.9954 0.0953
vn -0.0348 0.9979 0.0545
vn -0.0767 0.9971 0.0005
vn -0.1492 0.9876 -0.0483
vn -0.1688 0.9826 -0.0774
vn -0.1125 0.9899 -0.0861
vn -0.0659 0.9947 -0.0784
vn -0.0541 0.9967 -0.0608
vn -0.0688 0.9967 -0.0424
vn -0.0788 0.9967 -0.0203
vn -0.0621 0.9981 0.0039
vn -0.0240 0.9996 0.0153
vn 0.0117 0.9998 0.0146
vn 0.0337 0.9994 0.0074
vn 0.0289 0.9996 -0.0058
vn 0.0132 0.9997 -0.0196
vn 0.0004 0.9997 -0.0238
vn 0.0067 0.9998 -0.0169
vn 0.0204 0.9997 -0.0119
vn 0.0073 0.9999 -0.0107
vn -0.0390 0.9992 -0.0088
vn -0.0783 0.9969 -0.0116
vn -0.0844 0.9962 -0.0228
vn -0.0664 0.9973 -0.0313
vn -0.0584 0.9980 -0.0238
vn -0.0774 0.9970 -0.0052
vn -0.0385 0.9991 0.0177
vn 0.0176 0.9990 0.0416
vn 0.0283 0.9981 0.0555
vn 0.0359 0.9978 0.0549
vn 0.0245 0.9986 0.0467
vn -0.0040 0.9992 0.0389
vn -0.0424 0.9985 0.0333
vn -0.0720 0.9969 0.0321
vn -0.1124 0.9936 -0.0084
vn -0.1880 0.9816 0.0341
vn -0.2325 0.9696 0.0761
vn -0.2550 0.9616 0.1018
vn -0.2413 0.9650 0.1031
vn -0.1829 0.9790 0.0903
vn -0.1293 0.9888 0.0744
vn -0.1098 0.9922 0.0597
vn -0.0999 0.9937 0.0508
vn -0.0799 0.9960 0.0394
vn -0.0404 0.9991 0.0161
vn -0.0000 0.9999 -0.0101
vn 0.0159 0.9991 -0.0402
vn 0.0394 0.9966 -0.0717
vn 0.0648 0.9947 -0.0797
vn 0.0496 0.9969 -0.0607
vn 0.0118 0.9994 -0.0333
vn -0.0323 0.9995 -0.0072
vn -0.0840 0.9961 0.0260
vn -0.1196 0.9905 0.0676
vn -0.1273 0.9867 0.1011
vn -0.1220 0.9855 0.1178
vn -0.0664 0.9896 0.1273
vn 0.0104 0.9896 0.1431
vn 0.0415 0.9852 0.1663
vn 0.0151 0.9835 0.1801
vn -0.0348 0.9848 0.1700
vn -0.0424 0.9888 0.1429
vn 0.0004 0.9939 0.1106
vn 0.0247 0.9970 0.0730
vn -0.0022 0.9996 0.0289
vn -0.0449 0.9989 -0.0138
vn -0.1215 0.9911 -0.0542
vn -0.1518 0.9840 -0.0930
vn -0.1098 0.9873 -0.1150
vn -0.0776 0.9909 -0.1096
vn -0.0698 0.9938 -0.0862
vn -0.0824 0.9948 -0.0602
vn -0.1007 0.9945 -0.0288
vn -0.0789 0.9969 0.0055
vn -0.0260 0.9994 0.0225
vn 0.0129 0.9996 0.0246
vn 0.0400 0.9990 0.0205
vn 0.0396 0.9992 0.0080
vn 0.0225 0.9997 -0.0082
vn -0.0013 0.9999 -0.0153
vn -0.0005 1.0000 -0.0088
vn 0.0187 0.9998 -0.0006
vn 0.0031 1.0000 0.0069
vn -0.0409 0.9991 0.0141
vn -0.0706 0.9975 0.0081
vn -0.0701 0.9974 -0.0141
vn -0.0645 0.9975 -0.0302
vn -0.0717 0.9972 -0.0207
vn -0.0872 0.9962 -0.0045
vn -0.0557 0.9984 0.0134
vn -0.0020 0.9990 0.0446
vn 0.0232 0.9974 0.0676
vn 0.0414 0.9969 0.0676
vn 0.0314 0.9979 0.0572
vn -0.0012 0.9987 0.0504
vn -0.0407 0.9980 0.0491
vn -0.0775 0.9954 0.0560
vn -0.1372 0.9905 -0.0030
vn -0.2149 0.9760 0.0342
vn -0.2562 0.9640 0.0707
vn -0.2623 0.9605 0.0931
vn -0.2322 0.9686 0.0893
vn -0.1713 0.9826 0.0713
vn -0.1190 0.9914 0.0546
vn -0.1022 0.9939 0.0421
vn -0.0959 0.9948 0.0332
vn -0.0682 0.9975 0.0209
vn -0.0222 0.9998 -0.0007
vn 0.0148 0.9996 -0.0240
vn 0.0377 0.9981 -0.0487
vn 0.0538 0.9960 -0.0714
vn 0.0573 0.9956 -0.0737
vn 0.0309 0.9981 -0.0537
vn -0.0075 0.9997 -0.0242
vn -0.0502 0.9987 0.0055
vn -0.1074 0.9936 0.0346
vn -0.1420 0.9879 0.0623
vn -0.1399 0.9868 0.0814
vn -0.1258 0.9881 0.0888
vn -0.0720 0.9930 0.0936
vn -0.0051 0.9940 0.1093
vn 0.0232 0.9904 0.1360
vn 0.0107 0.9877 0.1560
vn -0.0218 0.9879 0.1535
vn -0.0232 0.9908 0.1332
vn 0.0203 0.9940 0.1078
vn 0.0500 0.9957 0.0779
vn 0.0278 0.9988 0.0391
vn -0.0182 0.9998 -0.0032
vn -0.0936 0.9946 -0.0449
vn -0.1292 0.9882 -0.0828
vn -0.1036 0.9890 -0.1055
vn -0.0871 0.9905 -0.1069
vn -0.0852 0.9920 -0.0932
vn -0.0969 0.9925 -0.0740
vn -0.1229 0.9912 -0.0493
vn -0.0975 0.9950 -0.0210
vn -0.0319 0.9995 -0.0007
vn 0.0114 0.9999 0.0083
vn 0.0439 0.9990 0.0087
vn 0.0476 0.9989 0.0034
vn 0.0298 0.9995 -0.0034
vn -0.0029 1.0000 -0.0050
vn -0.0081 1.0000 0.0023
vn 0.0138 0.9998 0.0130
vn -0.0031 0.9997 0.0222
vn -0.0422 0.9988 0.0262
vn -0.0616 0.9979 0.0205
vn -0.0550 0.9985 0.0065
vn -0.0633 0.9980 -0.0020
vn -0.0843 0.9964 0.0056
vn -0.0915 0.9957 0.0151
vn -0.0713 0.9971 0.0274
vn -0.0252 0.9982 0.0544
vn 0.0168 0.9970 0.0755
vn 0.0459 0.9959 0.0780
vn 0.0366 0.9966 0.0736
vn 0.0001 0.9975 0.0707
vn -0.0406 0.9967 0.0701
vn -0.0853 0.9935 0.0749
vn -0.1590 0.9873 0.0063
vn -0.2355 0.9713 0.0344
vn -0.2764 0.9591 0.0617
vn -0.2663 0.9607 0.0780
vn -0.2171 0.9740 0.0652
vn -0.1570 0.9869 0.0379
vn -0.1108 0.9936 0.0201
vn -0.0966 0.9953 0.0114
vn -0.0899 0.9959 0.0027
vn -0.0567 0.9983 -0.0115
vn -0.0071 0.9995 -0.0299
vn 0.0276 0.9984 -0.0484
vn 0.0516 0.9966 -0.0636
vn 0.0597 0.9957 -0.0707
vn 0.0481 0.9968 -0.0633
vn 0.0122 0.9991 -0.0415
vn -0.0306 0.9995 -0.0083
vn -0.0708 0.9971 0.0276
vn -0.1209 0.9914 0.0498
vn -0.1490 0.9874 0.0530
vn -0.1419 0.9888 0.0469
vn -0.1235 0.9916 0.0379
vn -0.0758 0.9965 0.0346
vn -0.0223 0.9985 0.0499
vn 0.0006 0.9966 0.0824
vn -0.0010 0.9935 0.1134
vn -0.0159 0.9921 0.1244
vn -0.0096 0.9932 0.1160
vn 0.0327 0.9942 0.1028
vn 0.0683 0.9939 0.0865
vn 0.0551 0.9969 0.0568
vn 0.0105 0.9998 0.0152
vn -0.0656 0.9974 -0.0284
vn -0.1083 0.9920 -0.0647
vn -0.0941 0.9916 -0.0887
vn -0.0871 0.9909 -0.1022
vn -0.0919 0.9902 -0.1056
vn -0.1075 0.9894 -0.0981
vn -0.1365 0.9870 -0.0850
vn -0.1139 0.9912 -0.0671
vn -0.0463 0.9981 -0.0411
vn 0.0059 0.9998 -0.0202
vn 0.0435 0.9990 -0.0118
vn 0.0467 0.9989 -0.0046
vn 0.0288 0.9996 0.0050
vn -0.0061 0.9999 0.0130
vn -0.0157 0.9996 0.0218
vn 0.0042 0.9993 0.0369
vn -0.0074 0.9988 0.0487
vn -0.0396 0.9981 0.0473
vn -0.0570 0.9975 0.0422
vn -0.0503 0.9978 0.0423
vn -0.0654 0.9967 0.0470
vn -0.0901 0.9946 0.0515
vn -0.0902 0.9947 0.0491
vn -0.0824 0.9953 0.0517
vn -0.0450 0.9964 0.0714
vn 0.0108 0.9960 0.0892
vn 0.0454 0.9943 0.0961
vn 0.0360 0.9941 0.1020
vn -0.0001 0.9944 0.1059
vn -0.0405 0.9935 0.1066
vn -0.0893 0.9902 0.1077
vn -0.1779 0.9840 0.0102
vn -0.2504 0.9675 0.0345
vn -0.2935 0.9542 0.0577
vn -0.2671 0.9610 0.0715
vn -0.1962 0.9790 0.0550
vn -0.1398 0.9899 0.0237
vn -0.1042 0.9945 0.0053
vn -0.0929 0.9957 -0.0017
vn -0.0821 0.9966 -0.0104
vn -0.0453 0.9987 -0.0253
vn 0.0051 0.9991 -0.0424
vn 0.0386 0.9975 -0.0587
vn 0.0584 0.9958 -0.0700
vn 0.0579 0.9958 -0.0704
vn 0.0371 0.9976 -0.0588
vn -0.0065 0.9993 -0.0363
vn -0.0572 0.9984 -0.0015
vn -0.0938 0.9949 0.0370
vn -0.1256 0.9905 0.0562
vn -0.1421 0.9886 0.0491
vn -0.1338 0.9905 0.0322
vn -0.1152 0.9932 0.0162
vn -0.0776 0.9969 0.0094
vn -0.0408 0.9989 0.0244
vn -0.0260 0.9979 0.0593
vn -0.0193 0.9953 0.0951
vn -0.0165 0.9936 0.1119
vn -0.0012 0.9941 0.1086
vn 0.0385 0.9942 0.1007
vn 0.0803 0.9927 0.0901
vn 0.0799 0.9947 0.0643
vn 0.0409 0.9989 0.0230
vn -0.0374 0.9991 -0.0214
vn -0.0887 0.9944 -0.0570
vn -0.0815 0.9933 -0.0816
vn -0.0784 0.9919 -0.1002
vn -0.0909 0.9897 -0.1109
vn -0.1148 0.9875 -0.1082
vn -0.1425 0.9847 -0.1000
vn -0.1284 0.9879 -0.0866
vn -0.0684 0.9960 -0.0582
vn -0.0033 0.9995 -0.0323
vn 0.0392 0.9990 -0.0205
vn 0.0380 0.9992 -0.0080
vn 0.0202 0.9998 0.0086
vn -0.0109 0.9997 0.0207
vn -0.0230 0.9993 0.0301
vn -0.0098 0.9988 0.0470
vn -0.0101 0.9981 0.0600
vn -0.0336 0.9978 0.0564
vn -0.0563 0.9971 0.0515
vn -0.0549 0.9968 0.0575
vn -0.0707 0.9952 0.0678
vn -0.0898 0.9934 0.0710
vn -0.0837 0.9945 0.0636
vn -0.0894 0.9941 0.0620
vn -0.0620 0.9950 0.0786
vn 0.0051 0.9955 0.0950
vn 0.0403 0.9938 0.1038
vn 0.0302 0.9930 0.1141
vn -0.0014 0.9927 0.1209
vn -0.0404 0.9917 0.1220
vn -0.0902 0.9885 0.1216
vn -0.1885 0.9817 0.0284
vn -0.2572 0.9659 0.0308
vn -0.3022 0.9527 0.0310
vn -0.2656 0.9636 0.0298
vn -0.1813 0.9832 0.0230
vn -0.1270 0.9918 0.0119
vn -0.0983 0.9952 0.0019
vn -0.0888 0.9960 -0.0062
vn -0.0747 0.9971 -0.0149
vn -0.0349 0.9990 -0.0268
vn 0.0153 0.9991 -0.0405
vn 0.0460 0.9977 -0.0504
vn 0.0615 0.9966 -0.0545
vn 0.0546 0.9971 -0.0535
vn 0.0278 0.9985 -0.0462
vn -0.0218 0.9993 -0.0320
vn -0.0795 0.9968 -0.0100
vn -0.1139 0.9934 0.0156
vn -0.1303 0.9909 0.0334
vn -0.1353 0.9901 0.0366
vn -0.1237 0.9919 0.0276
vn -0.1040 0.9945 0.0115
vn -0.0778 0.9970 0.0017
vn -0.0589 0.9982 0.0143
vn -0.0524 0.9976 0.0462
vn -0.0400 0.9959 0.0809
vn -0.0211 0.9946 0.1016
vn 0.0040 0.9946 0.1040
vn 0.0415 0.9942 0.0996
vn 0.0886 0.9917 0.0928
vn 0.1000 0.9921 0.0758
vn 0.0676 0.9966 0.0468
vn -0.0102 0.9999 0.0101
vn -0.0675 0.9973 -0.0273
vn -0.0659 0.9961 -0.0584
vn -0.0652 0.9944 -0.0833
vn -0.0834 0.9911 -0.1036
vn -0.1146 0.9865 -0.1171
vn -0.1419 0.9820 -0.1249
vn -0.1389 0.9828 -0.1220
vn -0.0903 0.9908 -0.1012
vn -0.0166 0.9971 -0.0741
vn 0.0284 0.9983 -0.0499
vn 0.0226 0.9995 -0.0232
vn 0.0050 1.0000 0.0061
vn -0.0203 0.9993 0.0308
vn -0.0325 0.9982 0.0497
vn -0.0246 0.9973 0.0693
vn -0.0139 0.9963 0.0843
vn -0.0291 0.9958 0.0870
vn -0.0568 0.9947 0.0862
vn -0.0609 0.9940 0.0903
vn -0.0756 0.9924 0.0967
vn -0.0885 0.9911 0.0993
vn -0.0784 0.9921 0.0976
vn -0.0897 0.9917 0.0923
vn -0.0681 0.9939 0.0864
vn 0.0010 0.9963 0.0859
vn 0.0318 0.9949 0.0958
vn 0.0215 0.9936 0.1112
vn -0.0031 0.9928 0.1200
vn -0.0391 0.9921 0.1193
vn -0.0857 0.9902 0.1102
vn -0.1819 0.9819 0.0531
vn -0.2487 0.9682 0.0258
vn -0.2923 0.9563 -0.0051
vn -0.2624 0.9646 -0.0267
vn -0.1850 0.9825 -0.0203
vn -0.1267 0.9919 -0.0040
vn -0.0928 0.9957 -0.0027
vn -0.0826 0.9965 -0.0124
vn -0.0695 0.9974 -0.0209
vn -0.0269 0.9992 -0.0289
vn 0.0224 0.9990 -0.0379
vn 0.0463 0.9982 -0.0391
vn 0.0604 0.9976 -0.0336
vn 0.0531 0.9981 -0.0306
vn 0.0235 0.9993 -0.0291
vn -0.0289 0.9992 -0.0261
vn -0.0899 0.9957 -0.0215
vn -0.1257 0.9920 -0.0134
vn -0.1408 0.9900 0.0026
vn -0.1381 0.9902 0.0197
vn -0.1159 0.9930 0.0213
vn -0.0905 0.9959 0.0052
vn -0.0757 0.9971 -0.0086
vn -0.0754 0.9972 0.0006
vn -0.0758 0.9967 0.0285
vn -0.0617 0.9962 0.0616
vn -0.0306 0.9957 0.0876
vn 0.0051 0.9952 0.0978
vn 0.0429 0.9942 0.0983
vn 0.0924 0.9910 0.0966
vn 0.1106 0.9897 0.0913
vn 0.0844 0.9933 0.0789
vn 0.0148 0.9985 0.0528
vn -0.0411 0.9991 0.0130
vn -0.0453 0.9986 -0.0267
vn -0.0469 0.9971 -0.0603
vn -0.0658 0.9934 -0.0937
vn -0.0990 0.9867 -0.1290
vn -0.1310 0.9787 -0.1583
vn -0.1422 0.9752 -0.1697
vn -0.1073 0.9814 -0.1590
vn -0.0371 0.9908 -0.1304
vn 0.0052 0.9960 -0.0896
vn -0.0029 0.9990 -0.0437
vn -0.0200 0.9998 0.0027
vn -0.0396 0.9982 0.0444
vn -0.0471 0.9960 0.0762
vn -0.0386 0.9943 0.0994
vn -0.0217 0.9929 0.1171
vn -0.0306 0.9913 0.1283
vn -0.0576 0.9895 0.1328
vn -0.0635 0.9889 0.1344
vn -0.0777 0.9877 0.1356
vn -0.0889 0.9865 0.1375
vn -0.0797 0.9865 0.1432
vn -0.0775 0.9880 0.1333
vn -0.0512 0.9940 0.0969
vn 0.0003 0.9973 0.0736
vn 0.0183 0.9962 0.0848
vn 0.0095 0.9942 0.1072
vn -0.0050 0.9929 0.1188
vn -0.0347 0.9927 0.1156
vn -0.0703 0.9930 0.0945
vn -0.1628 0.9849 0.0596
vn -0.2290 0.9731 0.0246
vn -0.2686 0.9631 -0.0146
vn -0.2571 0.9655 -0.0415
vn -0.2021 0.9789 -0.0315
vn -0.1354 0.9908 -0.0081
vn -0.0876 0.9962 -0.0039
vn -0.0748 0.9971 -0.0140
vn -0.0660 0.9976 -0.0225
vn -0.0206 0.9994 -0.0294
vn 0.0274 0.9989 -0.0372
vn 0.0415 0.9985 -0.0362
vn 0.0563 0.9980 -0.0281
vn 0.0528 0.9983 -0.0246
vn 0.0227 0.9994 -0.0246
vn -0.0301 0.9992 -0.0246
vn -0.0917 0.9955 -0.0245
vn -0.1315 0.9911 -0.0209
vn -0.1554 0.9878 -0.0054
vn -0.1480 0.9889 0.0152
vn -0.1099 0.9938 0.0197
vn -0.0752 0.9972 0.0035
vn -0.0720 0.9973 -0.0113
vn -0.0907 0.9959 -0.0030
vn -0.0969 0.9950 0.0239
vn -0.0842 0.9948 0.0565
vn -0.0437 0.9955 0.0839
vn 0.0032 0.9954 0.0961
vn 0.0432 0.9943 0.0979
vn 0.0930 0.9909 0.0976
vn 0.1145 0.9888 0.0954
vn 0.0944 0.9917 0.0872
vn 0.0382 0.9972 0.0638
vn -0.0110 0.9997 0.0236
vn -0.0209 0.9996 -0.0184
vn -0.0250 0.9982 -0.0543
vn -0.0407 0.9950 -0.0912
vn -0.0724 0.9886 -0.1323
vn -0.1132 0.9794 -0.1672
vn -0.1411 0.9731 -0.1819
vn -0.1214 0.9773 -0.1737
vn -0.0629 0.9875 -0.1448
vn -0.0270 0.9946 -0.0999
vn -0.0355 0.9982 -0.0491
vn -0.0522 0.9986 0.0018
vn -0.0660 0.9967 0.0480
vn -0.0653 0.9944 0.0831
vn -0.0520 0.9929 0.1072
vn -0.0324 0.9916 0.1255
vn -0.0366 0.9896 0.1390
vn -0.0587 0.9877 0.1449
vn -0.0639 0.9873 0.1458
vn -0.0780 0.9863 0.1456
vn -0.0910 0.9849 0.1474
vn -0.0862 0.9842 0.1549
vn -0.0562 0.9880 0.1440
vn -0.0177 0.9949 0.0997
vn 0.0021 0.9975 0.0704
vn 0.0012 0.9966 0.0819
vn -0.0047 0.9943 0.1062
vn -0.0069 0.9929 0.1185
vn -0.0281 0.9930 0.1146
vn -0.0467 0.9948 0.0904
vn -0.1403 0.9898 0.0255
vn -0.2061 0.9785 -0.0116
vn -0.2465 0.9682 -0.0437
vn -0.2545 0.9654 -0.0564
vn -0.2200 0.9745 -0.0430
vn -0.1477 0.9888 -0.0196
vn -0.0863 0.9962 -0.0069
vn -0.0681 0.9976 -0.0089
vn -0.0617 0.9980 -0.0170
vn -0.0148 0.9996 -0.0254
vn 0.0309 0.9990 -0.0315
vn 0.0365 0.9989 -0.0303
vn 0.0496 0.9986 -0.0208
vn 0.0477 0.9988 -0.0066
vn 0.0194 0.9998 0.0061
vn -0.0270 0.9996 0.0063
vn -0.0862 0.9963 -0.0067
vn -0.1327 0.9910 -0.0166
vn -0.1667 0.9859 -0.0128
vn -0.1542 0.9880 -0.0064
vn -0.1031 0.9946 -0.0113
vn -0.0656 0.9977 -0.0197
vn -0.0726 0.9972 -0.0183
vn -0.1039 0.9946 -0.0055
vn -0.1132 0.9935 0.0124
vn -0.1017 0.9943 0.0310
vn -0.0554 0.9973 0.0475
vn -0.0010 0.9982 0.0592
vn 0.0407 0.9969 0.0674
vn 0.0883 0.9930 0.0784
vn 0.1110 0.9895 0.0928
vn 0.0989 0.9901 0.0997
vn 0.0572 0.9945 0.0880
vn 0.0161 0.9981 0.0592
vn 0.0031 0.9997 0.0244
vn -0.0022 0.9999 -0.0099
vn -0.0150 0.9988 -0.0456
vn -0.0447 0.9954 -0.0842
vn -0.0923 0.9883 -0.1216
vn -0.1361 0.9798 -0.1462
vn -0.1334 0.9801 -0.1468
vn -0.0894 0.9885 -0.1218
vn -0.0599 0.9950 -0.0797
vn -0.0671 0.9972 -0.0344
vn -0.0830 0.9965 0.0087
vn -0.0899 0.9949 0.0449
vn -0.0824 0.9940 0.0713
vn -0.0676 0.9931 0.0961
vn -0.0427 0.9923 0.1163
vn -0.0406 0.9915 0.1237
vn -0.0592 0.9906 0.1235
vn -0.0624 0.9908 0.1204
vn -0.0769 0.9903 0.1157
vn -0.0921 0.9894 0.1125
vn -0.0890 0.9900 0.1093
vn -0.0359 0.9949 0.0938
vn 0.0117 0.9978 0.0647
vn 0.0056 0.9990 0.0450
vn -0.0130 0.9987 0.0494
vn -0.0179 0.9977 0.0657
vn -0.0078 0.9972 0.0741
vn -0.0178 0.9978 0.0638
vn -0.0216 0.9992 0.0347
vn -0.1153 0.9932 -0.0124
vn -0.1810 0.9821 -0.0516
vn -0.2339 0.9693 -0.0757
vn -0.2595 0.9630 -0.0729
vn -0.2345 0.9705 -0.0557
vn -0.1637 0.9860 -0.0324
vn -0.0932 0.9956 -0.0102
vn -0.0644 0.9979 -0.0033
vn -0.0550 0.9984 -0.0108
vn -0.0092 0.9997 -0.0209
vn 0.0322 0.9992 -0.0252
vn 0.0334 0.9992 -0.0238
vn 0.0389 0.9992 -0.0126
vn 0.0317 0.9994 0.0134
vn 0.0092 0.9992 0.0400
vn -0.0172 0.9990 0.0405
vn -0.0692 0.9975 0.0131
vn -0.1266 0.9919 -0.0119
vn -0.1689 0.9854 -0.0210
vn -0.1499 0.9882 -0.0303
vn -0.0943 0.9945 -0.0455
vn -0.0690 0.9966 -0.0453
vn -0.0829 0.9962 -0.0260
vn -0.1137 0.9935 -0.0083
vn -0.1207 0.9927 -0.0002
vn -0.1084 0.9941 0.0027
vn -0.0627 0.9980 0.0072
vn -0.0088 0.9998 0.0183
vn 0.0328 0.9989 0.0337
vn 0.0734 0.9957 0.0571
vn 0.0945 0.9914 0.0900
vn 0.0952 0.9890 0.1135
vn 0.0680 0.9911 0.1148
vn 0.0356 0.9945 0.0986
vn 0.0249 0.9971 0.0717
vn 0.0206 0.9990 0.0393
vn 0.0090 0.9999 0.0049
vn -0.0191 0.9993 -0.0308
vn -0.0663 0.9953 -0.0710
vn -0.1227 0.9867 -0.1064
vn -0.1408 0.9831 -0.1168
vn -0.1141 0.9888 -0.0962
vn -0.0900 0.9943 -0.0572
vn -0.0932 0.9955 -0.0181
vn -0.1081 0.9940 0.0163
vn -0.1054 0.9936 0.0414
vn -0.0957 0.9937 0.0584
vn -0.0879 0.9926 0.0839
vn -0.0508 0.9930 0.1062
vn -0.0378 0.9936 0.1067
vn -0.0575 0.9934 0.0997
vn -0.0573 0.9941 0.0922
vn -0.0728 0.9939 0.0823
vn -0.0892 0.9933 0.0737
vn -0.0803 0.9951 0.0585
vn -0.0214 0.9990 0.0384
vn 0.0252 0.9993 0.0259
vn 0.0115 0.9998 0.0168
vn -0.0194 0.9997 0.0132
vn -0.0275 0.9994 0.0208
vn -0.0065 0.9997 0.0247
vn -0.0005 1.0000 0.0072
vn 0.0034 0.9996 -0.0271
vn -0.0896 0.9958 -0.0169
vn -0.1558 0.9863 -0.0549
vn -0.2278 0.9707 -0.0769
vn -0.2692 0.9604 -0.0721
vn -0.2466 0.9675 -0.0552
vn -0.1815 0.9828 -0.0331
vn -0.1049 0.9944 -0.0107
vn -0.0627 0.9980 -0.0026
vn -0.0471 0.9988 -0.0096
vn -0.0037 0.9998 -0.0197
vn 0.0324 0.9992 -0.0238
vn 0.0315 0.9992 -0.0227
vn 0.0258 0.9996 -0.0115
vn 0.0095 0.9998 0.0156
vn -0.0048 0.9990 0.0434
vn -0.0039 0.9990 0.0439
vn -0.0455 0.9988 0.0156
vn -0.1160 0.9932 -0.0113
vn -0.1656 0.9859 -0.0233
vn -0.1398 0.9896 -0.0347
vn -0.0850 0.9952 -0.0492
vn -0.0800 0.9957 -0.0469
vn -0.0985 0.9948 -0.0261
vn -0.1210 0.9926 -0.0089
vn -0.1228 0.9924 -0.0026
vn -0.1088 0.9941 -0.0018
vn -0.0672 0.9977 0.0009
vn -0.0187 0.9998 0.0115
vn 0.0215 0.9994 0.0278
vn 0.0523 0.9972 0.0530
vn 0.0704 0.9936 0.0878
vn 0.0865 0.9898 0.1132
vn 0.0738 0.9904 0.1165
vn 0.0503 0.9935 0.1025
vn 0.0452 0.9960 0.0774
vn 0.0429 0.9980 0.0462
vn 0.0314 0.9994 0.0133
vn 0.0052 0.9998 -0.0210
vn -0.0368 0.9974 -0.0612
vn -0.1035 0.9898 -0.0980
vn -0.1446 0.9834 -0.1099
vn -0.1371 0.9864 -0.0907
vn -0.1180 0.9916 -0.0532
vn -0.1157 0.9932 -0.0160
vn -0.1291 0.9915 0.0157
vn -0.1159 0.9925 0.0386
vn -0.1067 0.9928 0.0543
vn -0.1101 0.9908 0.0789
vn -0.0574 0.9933 0.1006
vn -0.0314 0.9944 0.1008
vn -0.0543 0.9942 0.0932
vn -0.0500 0.9951 0.0849
vn -0.0665 0.9950 0.0743
vn -0.0834 0.9944 0.0644
vn -0.0645 0.9968 0.0471
vn -0.0101 0.9996 0.0264
vn 0.0290 0.9995 0.0161
vn 0.0183 0.9998 0.0092
vn -0.0215 0.9998 0.0057
vn -0.0350 0.9993 0.0125
vn -0.0039 0.9999 0.0160
vn 0.0201 0.9998 -0.0012
vn 0.0276 0.9990 -0.0340
vn -0.0698 0.9972 -0.0277
vn -0.1393 0.9893 -0.0444
vn -0.2267 0.9728 -0.0475
vn -0.2775 0.9599 -0.0399
vn -0.2539 0.9667 -0.0336
vn -0.1936 0.9807 -0.0271
vn -0.1164 0.9931 -0.0138
vn -0.0652 0.9979 -0.0005
vn -0.0406 0.9992 0.0005
vn 0.0017 1.0000 -0.0074
vn 0.0334 0.9994 -0.0128
vn 0.0317 0.9994 -0.0157
vn 0.0120 0.9999 -0.0065
vn -0.0130 0.9997 0.0209
vn -0.0166 0.9989 0.0446
vn 0.0061 0.9989 0.0467
vn -0.0225 0.9994 0.0255
vn -0.0972 0.9952 -0.0105
vn -0.1529 0.9872 -0.0460
vn -0.1331 0.9890 -0.0640
vn -0.0876 0.9946 -0.0558
vn -0.0934 0.9950 -0.0341
vn -0.1099 0.9938 -0.0174
vn -0.1232 0.9923 -0.0140
vn -0.1210 0.9925 -0.0197
vn -0.1055 0.9940 -0.0282
vn -0.0683 0.9971 -0.0340
vn -0.0273 0.9992 -0.0299
vn 0.0068 0.9999 -0.0113
vn 0.0286 0.9994 0.0210
vn 0.0460 0.9972 0.0582
vn 0.0740 0.9934 0.0881
vn 0.0733 0.9918 0.1049
vn 0.0594 0.9925 0.1065
vn 0.0610 0.9937 0.0942
vn 0.0585 0.9952 0.0780
vn 0.0467 0.9969 0.0641
vn 0.0257 0.9987 0.0445
vn -0.0081 0.9999 0.0108
vn -0.0814 0.9963 -0.0283
vn -0.1433 0.9883 -0.0522
vn -0.1544 0.9868 -0.0489
vn -0.1398 0.9898 -0.0281
vn -0.1302 0.9914 -0.0101
vn -0.1401 0.9901 -0.0030
vn -0.1237 0.9923 0.0029
vn -0.1169 0.9930 0.0143
vn -0.1240 0.9920 0.0254
vn -0.0635 0.9974 0.0338
vn -0.0280 0.9989 0.0378
vn -0.0484 0.9984 0.0308
vn -0.0426 0.9989 0.0185
vn -0.0579 0.9983 0.0045
vn -0.0710 0.9973 -0.0176
vn -0.0456 0.9978 -0.0472
vn -0.0005 0.9976 -0.0690
vn 0.0271 0.9971 -0.0705
vn 0.0182 0.9980 -0.0611
vn -0.0254 0.9983 -0.0519
vn -0.0402 0.9982 -0.0447
vn -0.0028 0.9991 -0.0419
vn 0.0313 0.9986 -0.0435
vn 0.0415 0.9980 -0.0486
vn -0.0607 0.9974 -0.0378
vn -0.1390 0.9897 -0.0346
vn -0.2338 0.9721 -0.0201
vn -0.2816 0.9595 -0.0099
vn -0.2519 0.9677 -0.0134
vn -0.1952 0.9805 -0.0215
vn -0.1271 0.9917 -0.0166
vn -0.0752 0.9972 0.0014
vn -0.0369 0.9993 0.0099
vn 0.0072 1.0000 0.0041
vn 0.0360 0.9993 -0.0026
vn 0.0354 0.9993 -0.0092
vn -0.0027 1.0000 -0.0018
vn -0.0350 0.9991 0.0259
vn -0.0235 0.9987 0.0457
vn 0.0093 0.9987 0.0492
vn -0.0019 0.9994 0.0346
vn -0.0645 0.9979 -0.0097
vn -0.1239 0.9900 -0.0670
vn -0.1343 0.9867 -0.0913
vn -0.1119 0.9918 -0.0619
vn -0.1099 0.9937 -0.0221
vn -0.1128 0.9936 -0.0093
vn -0.1163 0.9930 -0.0186
vn -0.1128 0.9930 -0.0356
vn -0.0968 0.9939 -0.0527
vn -0.0640 0.9957 -0.0665
vn -0.0331 0.9971 -0.0683
vn -0.0134 0.9988 -0.0477
vn 0.0013 1.0000 -0.0087
vn 0.0224 0.9993 0.0305
vn 0.0548 0.9964 0.0648
vn 0.0619 0.9936 0.0942
vn 0.0592 0.9922 0.1101
vn 0.0694 0.9915 0.1098
vn 0.0623 0.9923 0.1075
vn 0.0493 0.9926 0.1112
vn 0.0399 0.9936 0.1054
vn 0.0188 0.9968 0.0779
vn -0.0547 0.9978 0.0366
vn -0.1318 0.9913 0.0018
vn -0.1607 0.9869 -0.0099
vn -0.1507 0.9886 -0.0047
vn -0.1312 0.9913 -0.0046
vn -0.1335 0.9908 -0.0203
vn -0.1276 0.9914 -0.0304
vn -0.1255 0.9918 -0.0230
vn -0.1219 0.9922 -0.0244
vn -0.0689 0.9972 -0.0285
vn -0.0305 0.9993 -0.0211
vn -0.0371 0.9989 -0.0274
vn -0.0350 0.9984 -0.0434
vn -0.0447 0.9972 -0.0605
vn -0.0468 0.9945 -0.0939
vn -0.0220 0.9906 -0.1347
vn 0.0062 0.9875 -0.1574
vn 0.0164 0.9884 -0.1507
vn 0.0055 0.9920 -0.1263
vn -0.0331 0.9939 -0.1052
vn -0.0418 0.9943 -0.0979
vn -0.0044 0.9954 -0.0958
vn 0.0253 0.9962 -0.0829
vn 0.0369 0.9974 -0.0622
vn -0.0567 0.9978 -0.0340
vn -0.1448 0.9889 -0.0336
vn -0.2420 0.9700 -0.0251
vn -0.2824 0.9591 -0.0202
vn -0.2458 0.9690 -0.0252
vn -0.1928 0.9808 -0.0310
vn -0.1375 0.9902 -0.0244
vn -0.0883 0.9961 -0.0070
vn -0.0357 0.9994 0.0025
vn 0.0121 0.9999 -0.0008
vn 0.0395 0.9992 -0.0066
vn 0.0402 0.9991 -0.0125
vn -0.0165 0.9998 -0.0064
vn -0.0551 0.9983 0.0167
vn -0.0283 0.9990 0.0343
vn 0.0106 0.9993 0.0361
vn 0.0184 0.9997 0.0182
vn -0.0264 0.9993 -0.0252
vn -0.0902 0.9931 -0.0755
vn -0.1408 0.9858 -0.0916
vn -0.1462 0.9875 -0.0591
vn -0.1273 0.9917 -0.0204
vn -0.1118 0.9937 -0.0082
vn -0.1060 0.9942 -0.0161
vn -0.1027 0.9943 -0.0301
vn -0.0865 0.9953 -0.0441
vn -0.0573 0.9968 -0.0563
vn -0.0369 0.9976 -0.0591
vn -0.0344 0.9985 -0.0428
vn -0.0257 0.9996 -0.0099
vn 0.0005 0.9997 0.0241
vn 0.0337 0.9980 0.0544
vn 0.0461 0.9957 0.0804
vn 0.0543 0.9940 0.0954
vn 0.0727 0.9925 0.0981
vn 0.0599 0.9932 0.0994
vn 0.0460 0.9935 0.1044
vn 0.0499 0.9937 0.1003
vn 0.0424 0.9961 0.0779
vn -0.0264 0.9988 0.0414
vn -0.1137 0.9935 0.0058
vn -0.1587 0.9872 -0.0130
vn -0.1550 0.9878 -0.0147
vn -0.1270 0.9918 -0.0147
vn -0.1201 0.9924 -0.0258
vn -0.1300 0.9910 -0.0324
vn -0.1336 0.9908 -0.0238
vn -0.1131 0.9933 -0.0235
vn -0.0728 0.9970 -0.0272
vn -0.0344 0.9991 -0.0230
vn -0.0233 0.9992 -0.0315
vn -0.0267 0.9985 -0.0486
vn -0.0294 0.9973 -0.0669
vn -0.0184 0.9949 -0.0987
vn 0.0022 0.9907 -0.1358
vn 0.0113 0.9877 -0.1561
vn 0.0028 0.9887 -0.1502
vn -0.0121 0.9916 -0.1287
vn -0.0419 0.9930 -0.1107
vn -0.0420 0.9936 -0.1044
vn -0.0087 0.9950 -0.0999
vn 0.0102 0.9964 -0.0840
vn 0.0227 0.9979 -0.0610
vn -0.0516 0.9985 -0.0180
vn -0.1422 0.9894 -0.0296
vn -0.2385 0.9700 -0.0463
vn -0.2764 0.9589 -0.0645
vn -0.2413 0.9675 -0.0751
vn -0.1955 0.9781 -0.0715
vn -0.1480 0.9873 -0.0577
vn -0.0989 0.9942 -0.0426
vn -0.0401 0.9988 -0.0291
vn 0.0137 0.9997 -0.0216
vn 0.0433 0.9988 -0.0240
vn 0.0421 0.9988 -0.0267
vn -0.0229 0.9994 -0.0260
vn -0.0665 0.9975 -0.0221
vn -0.0337 0.9993 -0.0143
vn 0.0183 0.9996 -0.0197
vn 0.0438 0.9977 -0.0515
vn 0.0035 0.9959 -0.0909
vn -0.0729 0.9912 -0.1104
vn -0.1574 0.9831 -0.0929
vn -0.1795 0.9826 -0.0482
vn -0.1423 0.9897 -0.0133
vn -0.1111 0.9938 -0.0036
vn -0.1003 0.9949 -0.0054
vn -0.0987 0.9951 -0.0064
vn -0.0811 0.9967 -0.0071
vn -0.0514 0.9986 -0.0124
vn -0.0362 0.9991 -0.0198
vn -0.0447 0.9988 -0.0219
vn -0.0418 0.9990 -0.0151
vn -0.0141 0.9999 -0.0032
vn 0.0194 0.9998 0.0097
vn 0.0356 0.9991 0.0210
vn 0.0479 0.9983 0.0318
vn 0.0672 0.9966 0.0477
vn 0.0537 0.9964 0.0649
vn 0.0426 0.9963 0.0748
vn 0.0535 0.9954 0.0789
vn 0.0546 0.9955 0.0781
vn -0.0033 0.9981 0.0618
vn -0.0875 0.9959 0.0229
vn -0.1402 0.9898 -0.0262
vn -0.1518 0.9868 -0.0572
vn -0.1297 0.9899 -0.0573
vn -0.1155 0.9921 -0.0487
vn -0.1351 0.9900 -0.0409
vn -0.1426 0.9894 -0.0275
vn -0.1097 0.9938 -0.0193
vn -0.0725 0.9971 -0.0215
vn -0.0309 0.9990 -0.0315
vn -0.0092 0.9987 -0.0492
vn -0.0148 0.9974 -0.0707
vn -0.0133 0.9955 -0.0940
vn 0.0038 0.9929 -0.1191
vn 0.0195 0.9899 -0.1403
vn 0.0147 0.9885 -0.1504
vn -0.0064 0.9890 -0.1479
vn -0.0235 0.9900 -0.1389
vn -0.0456 0.9899 -0.1340
vn -0.0436 0.9903 -0.1321
vn -0.0200 0.9929 -0.1176
vn -0.0087 0.9960 -0.0887
vn 0.0042 0.9984 -0.0557
vn -0.0448 0.9990 -0.0057
vn -0.1276 0.9915 -0.0265
vn -0.2180 0.9740 -0.0626
vn -0.2615 0.9602 -0.0983
vn -0.2398 0.9642 -0.1132
vn -0.2062 0.9731 -0.1024
vn -0.1592 0.9837 -0.0831
vn -0.1065 0.9919 -0.0698
vn -0.0526 0.9972 -0.0533
vn 0.0107 0.9992 -0.0376
vn 0.0476 0.9982 -0.0372
vn 0.0398 0.9985 -0.0376
vn -0.0189 0.9990 -0.0409
vn -0.0656 0.9965 -0.0519
vn -0.0400 0.9979 -0.0516
vn 0.0353 0.9974 -0.0624
vn 0.0761 0.9916 -0.1046
vn 0.0213 0.9898 -0.1406
vn -0.0794 0.9874 -0.1369
vn -0.1886 0.9776 -0.0937
vn -0.2111 0.9767 -0.0397
vn -0.1539 0.9881 -0.0078
vn -0.1109 0.9938 -0.0000
vn -0.1011 0.9949 0.0028
vn -0.1030 0.9946 0.0117
vn -0.0825 0.9964 0.0212
vn -0.0465 0.9987 0.0212
vn -0.0289 0.9995 0.0103
vn -0.0399 0.9992 -0.0059
vn -0.0423 0.9989 -0.0191
vn -0.0181 0.9995 -0.0242
vn 0.0151 0.9996 -0.0246
vn 0.0389 0.9991 -0.0170
vn 0.0484 0.9988 0.0090
vn 0.0418 0.9984 0.0383
vn 0.0388 0.9979 0.0522
vn 0.0478 0.9969 0.0625
vn 0.0504 0.9957 0.0782
vn 0.0123 0.9969 0.0775
vn -0.0496 0.9981 0.0359
vn -0.0979 0.9945 -0.0363
vn -0.1381 0.9864 -0.0896
vn -0.1426 0.9857 -0.0899
vn -0.1236 0.9901 -0.0663
vn -0.1443 0.9884 -0.0473
vn -0.1530 0.9878 -0.0303
vn -0.1141 0.9933 -0.0161
vn -0.0659 0.9977 -0.0172
vn -0.0171 0.9991 -0.0380
vn 0.0052 0.9980 -0.0627
vn 0.0019 0.9962 -0.0876
vn 0.0039 0.9934 -0.1147
vn 0.0171 0.9907 -0.1346
vn 0.0268 0.9892 -0.1438
vn 0.0158 0.9891 -0.1461
vn -0.0092 0.9892 -0.1461
vn -0.0264 0.9888 -0.1466
vn -0.0422 0.9875 -0.1518
vn -0.0471 0.9871 -0.1532
vn -0.0413 0.9905 -0.1311
vn -0.0332 0.9952 -0.0922
vn -0.0206 0.9985 -0.0517
vn -0.0338 0.9994 0.0082
vn -0.1079 0.9940 -0.0175
vn -0.1920 0.9801 -0.0511
vn -0.2436 0.9663 -0.0838
vn -0.2381 0.9659 -0.1018
vn -0.2149 0.9711 -0.1038
vn -0.1665 0.9810 -0.0997
vn -0.1128 0.9893 -0.0926
vn -0.0703 0.9948 -0.0733
vn 0.0017 0.9988 -0.0491
vn 0.0475 0.9982 -0.0357
vn 0.0328 0.9992 -0.0247
vn -0.0127 0.9997 -0.0202
vn -0.0584 0.9979 -0.0293
vn -0.0428 0.9984 -0.0365
vn 0.0558 0.9971 -0.0524
vn 0.1075 0.9903 -0.0878
vn 0.0316 0.9929 -0.1146
vn -0.0959 0.9895 -0.1082
vn -0.2216 0.9724 -0.0725
vn -0.2381 0.9707 -0.0312
vn -0.1649 0.9863 -0.0039
vn -0.1130 0.9936 0.0086
vn -0.1045 0.9944 0.0141
vn -0.1090 0.9939 0.0193
vn -0.0862 0.9960 0.0246
vn -0.0431 0.9987 0.0254
vn -0.0195 0.9997 0.0173
vn -0.0282 0.9996 0.0017
vn -0.0344 0.9993 -0.0146
vn -0.0161 0.9996 -0.0244
vn 0.0149 0.9995 -0.0266
vn 0.0318 0.9992 -0.0254
vn 0.0305 0.9993 -0.0195
vn 0.0279 0.9996 -0.0021
vn 0.0291 0.9994 0.0186
vn 0.0344 0.9989 0.0304
vn 0.0388 0.9984 0.0402
vn 0.0395 0.9977 0.0544
vn 0.0224 0.9981 0.0566
vn -0.0111 0.9996 0.0254
vn -0.0482 0.9982 -0.0353
vn -0.1185 0.9893 -0.0852
vn -0.1576 0.9833 -0.0905
vn -0.1379 0.9880 -0.0700
vn -0.1563 0.9865 -0.0487
vn -0.1629 0.9861 -0.0319
vn -0.1195 0.9926 -0.0229
vn -0.0560 0.9980 -0.0285
vn 0.0002 0.9988 -0.0485
vn 0.0184 0.9974 -0.0695
vn 0.0190 0.9958 -0.0897
vn 0.0203 0.9935 -0.1121
vn 0.0263 0.9912 -0.1300
vn 0.0299 0.9898 -0.1390
vn 0.0158 0.9898 -0.1413
vn -0.0092 0.9899 -0.1413
vn -0.0259 0.9896 -0.1415
vn -0.0377 0.9889 -0.1436
vn -0.0527 0.9887 -0.1405
vn -0.0649 0.9907 -0.1198
vn -0.0581 0.9945 -0.0869
vn -0.0469 0.9976 -0.0510
vn -0.0109 0.9990 0.0430
vn -0.0885 0.9961 0.0051
vn -0.1719 0.9849 -0.0217
vn -0.2271 0.9728 -0.0464
vn -0.2275 0.9710 -0.0731
vn -0.2035 0.9731 -0.1077
vn -0.1592 0.9771 -0.1413
vn -0.1193 0.9816 -0.1489
vn -0.0936 0.9880 -0.1228
vn -0.0212 0.9968 -0.0777
vn 0.0310 0.9990 -0.0319
vn 0.0155 0.9999 0.0077
vn -0.0145 0.9994 0.0318
vn -0.0476 0.9985 0.0273
vn -0.0318 0.9995 0.0015
vn 0.0747 0.9968 -0.0274
vn 0.1249 0.9911 -0.0460
vn 0.0339 0.9982 -0.0490
vn -0.1104 0.9932 -0.0364
vn -0.2399 0.9706 -0.0201
vn -0.2521 0.9677 -0.0102
vn -0.1790 0.9838 0.0060
vn -0.1225 0.9920 0.0299
vn -0.1065 0.9934 0.0422
vn -0.1075 0.9935 0.0381
vn -0.0877 0.9956 0.0331
vn -0.0438 0.9984 0.0358
vn -0.0127 0.9993 0.0348
vn -0.0150 0.9997 0.0205
vn -0.0207 0.9998 -0.0035
vn -0.0092 0.9997 -0.0247
vn 0.0139 0.9994 -0.0315
vn 0.0293 0.9992 -0.0275
vn 0.0280 0.9993 -0.0258
vn 0.0213 0.9993 -0.0297
vn 0.0225 0.9993 -0.0307
vn 0.0289 0.9993 -0.0243
vn 0.0320 0.9994 -0.0156
vn 0.0300 0.9995 -0.0054
vn 0.0242 0.9997 0.0042
vn 0.0117 0.9999 -0.0012
vn -0.0096 0.9994 -0.0325
vn -0.0955 0.9927 -0.0739
vn -0.1638 0.9822 -0.0925
vn -0.1538 0.9849 -0.0795
vn -0.1717 0.9837 -0.0525
vn -0.1690 0.9850 -0.0359
vn -0.1168 0.9924 -0.0398
vn -0.0438 0.9974 -0.0568
vn 0.0135 0.9971 -0.0750
vn 0.0270 0.9959 -0.0867
vn 0.0293 0.9951 -0.0948
vn 0.0323 0.9939 -0.1056
vn 0.0352 0.9923 -0.1184
vn 0.0331 0.9914 -0.1270
vn 0.0158 0.9915 -0.1293
vn -0.0092 0.9916 -0.1293
vn -0.0262 0.9913 -0.1287
vn -0.0401 0.9916 -0.1227
vn -0.0619 0.9921 -0.1087
vn -0.0813 0.9925 -0.0917
vn -0.0761 0.9944 -0.0738
vn -0.0691 0.9964 -0.0495
vn 0.0254 0.9976 0.0639
vn -0.0696 0.9974 0.0187
vn -0.1585 0.9874 -0.0039
vn -0.2119 0.9770 -0.0239
vn -0.2058 0.9770 -0.0560
vn -0.1687 0.9795 -0.1104
vn -0.1356 0.9767 -0.1663
vn -0.1267 0.9750 -0.1823
vn -0.1236 0.9806 -0.1520
vn -0.0602 0.9937 -0.0947
vn -0.0041 0.9996 -0.0296
vn -0.0137 0.9995 0.0272
vn -0.0253 0.9977 0.0630
vn -0.0326 0.9976 0.0612
vn -0.0049 0.9997 0.0243
vn 0.0916 0.9957 -0.0123
vn 0.1262 0.9918 -0.0208
vn 0.0270 0.9996 -0.0094
vn -0.1226 0.9924 0.0069
vn -0.2419 0.9702 0.0114
vn -0.2513 0.9679 0.0023
vn -0.1966 0.9804 0.0118
vn -0.1404 0.9892 0.0427
vn -0.1071 0.9925 0.0591
vn -0.0976 0.9940 0.0494
vn -0.0868 0.9955 0.0382
vn -0.0490 0.9979 0.0421
vn -0.0089 0.9989 0.0453
vn -0.0003 0.9995 0.0318
vn -0.0004 1.0000 0.0032
vn 0.0035 0.9997 -0.0250
vn 0.0121 0.9993 -0.0345
vn 0.0246 0.9993 -0.0288
vn 0.0322 0.9990 -0.0296
vn 0.0308 0.9985 -0.0463
vn 0.0229 0.9979 -0.0602
vn 0.0220 0.9981 -0.0571
vn 0.0278 0.9984 -0.0492
vn 0.0221 0.9989 -0.0414
vn 0.0164 0.9995 -0.0274
vn 0.0162 0.9997 -0.0171
vn 0.0158 0.9994 -0.0307
vn -0.0687 0.9954 -0.0672
vn -0.1597 0.9827 -0.0937
vn -0.1718 0.9814 -0.0852
vn -0.1910 0.9801 -0.0546
vn -0.1708 0.9846 -0.0384
vn -0.1049 0.9932 -0.0500
vn -0.0289 0.9969 -0.0737
vn 0.0221 0.9956 -0.0908
vn 0.0303 0.9948 -0.0970
vn 0.0322 0.9947 -0.0979
vn 0.0392 0.9940 -0.1017
vn 0.0435 0.9928 -0.1114
vn 0.0362 0.9921 -0.1198
vn 0.0158 0.9924 -0.1221
vn -0.0092 0.9925 -0.1221
vn -0.0275 0.9923 -0.1209
vn -0.0502 0.9926 -0.1102
vn -0.0752 0.9931 -0.0895
vn -0.0893 0.9932 -0.0748
vn -0.0862 0.9941 -0.0658
vn -0.0868 0.9950 -0.0485
vn 0.0611 0.9942 0.0890
vn -0.0495 0.9975 0.0503
vn -0.1433 0.9895 0.0194
vn -0.1930 0.9811 -0.0134
vn -0.1778 0.9825 -0.0547
vn -0.1267 0.9859 -0.1090
vn -0.1084 0.9815 -0.1578
vn -0.1339 0.9760 -0.1715
vn -0.1517 0.9771 -0.1493
vn -0.1027 0.9895 -0.1020
vn -0.0463 0.9981 -0.0406
vn -0.0454 0.9989 0.0136
vn -0.0391 0.9982 0.0460
vn -0.0200 0.9986 0.0496
vn 0.0214 0.9994 0.0283
vn 0.1029 0.9947 0.0086
vn 0.1196 0.9928 0.0102
vn 0.0179 0.9996 0.0224
vn -0.1280 0.9914 0.0280
vn -0.2342 0.9720 0.0189
vn -0.2440 0.9698 0.0033
vn -0.2101 0.9777 0.0030
vn -0.1560 0.9876 0.0176
vn -0.1067 0.9940 0.0249
vn -0.0876 0.9960 0.0187
vn -0.0868 0.9961 0.0147
vn -0.0559 0.9982 0.0213
vn -0.0062 0.9997 0.0245
vn 0.0150 0.9998 0.0110
vn 0.0217 0.9996 -0.0165
vn 0.0172 0.9990 -0.0418
vn 0.0096 0.9988 -0.0490
vn 0.0190 0.9989 -0.0426
vn 0.0370 0.9985 -0.0406
vn 0.0419 0.9980 -0.0479
vn 0.0252 0.9982 -0.0540
vn 0.0162 0.9985 -0.0518
vn 0.0239 0.9987 -0.0451
vn 0.0143 0.9993 -0.0353
vn 0.0050 0.9998 -0.0205
vn 0.0126 0.9999 -0.0082
vn 0.0318 0.9994 -0.0132
vn -0.0445 0.9983 -0.0369
vn -0.1505 0.9868 -0.0602
vn -0.1830 0.9809 -0.0658
vn -0.2034 0.9773 -0.0596
vn -0.1666 0.9840 -0.0627
vn -0.0884 0.9927 -0.0824
vn -0.0140 0.9943 -0.1059
vn 0.0281 0.9924 -0.1200
vn 0.0313 0.9917 -0.1244
vn 0.0321 0.9916 -0.1251
vn 0.0427 0.9910 -0.1267
vn 0.0485 0.9903 -0.1299
vn 0.0360 0.9910 -0.1291
vn 0.0118 0.9926 -0.1208
vn -0.0127 0.9939 -0.1097
vn -0.0299 0.9943 -0.1023
vn -0.0613 0.9938 -0.0929
vn -0.0878 0.9931 -0.0780
vn -0.0938 0.9933 -0.0672
vn -0.0933 0.9939 -0.0589
vn -0.1007 0.9939 -0.0445
vn 0.0821 0.9876 0.1335
vn -0.0258 0.9940 0.1059
vn -0.1167 0.9913 0.0606
vn -0.1628 0.9866 0.0056
vn -0.1442 0.9882 -0.0521
vn -0.0901 0.9903 -0.1058
vn -0.0880 0.9859 -0.1421
vn -0.1377 0.9787 -0.1524
vn -0.1674 0.9752 -0.1450
vn -0.1389 0.9836 -0.1153
vn -0.0886 0.9943 -0.0598
vn -0.0719 0.9974 -0.0105
vn -0.0519 0.9985 0.0159
vn -0.0183 0.9994 0.0289
vn 0.0298 0.9989 0.0352
vn 0.1005 0.9939 0.0456
vn 0.1078 0.9920 0.0651
vn 0.0127 0.9968 0.0786
vn -0.1184 0.9908 0.0654
vn -0.2175 0.9755 0.0323
vn -0.2337 0.9723 0.0051
vn -0.2090 0.9778 -0.0127
vn -0.1573 0.9872 -0.0271
vn -0.1047 0.9939 -0.0356
vn -0.0854 0.9957 -0.0356
vn -0.0919 0.9954 -0.0271
vn -0.0627 0.9979 -0.0156
vn -0.0035 0.9999 -0.0124
vn 0.0303 0.9992 -0.0259
vn 0.0416 0.9978 -0.0513
vn 0.0276 0.9970 -0.0717
vn 0.0058 0.9972 -0.0746
vn 0.0135 0.9977 -0.0671
vn 0.0365 0.9975 -0.0601
vn 0.0409 0.9979 -0.0507
vn 0.0250 0.9988 -0.0429
vn 0.0145 0.9990 -0.0423
vn 0.0181 0.9991 -0.0377
vn 0.0048 0.9997 -0.0246
vn -0.0064 0.9999 -0.0082
vn 0.0054 1.0000 0.0075
vn 0.0353 0.9992 0.0179
vn -0.0316 0.9994 0.0168
vn -0.1368 0.9906 -0.0005
vn -0.1732 0.9844 -0.0315
vn -0.1932 0.9787 -0.0687
vn -0.1507 0.9829 -0.1058
vn -0.0691 0.9878 -0.1393
vn -0.0019 0.9867 -0.1624
vn 0.0311 0.9848 -0.1712
vn 0.0317 0.9845 -0.1725
vn 0.0318 0.9845 -0.1727
vn 0.0421 0.9844 -0.1705
vn 0.0451 0.9857 -0.1623
vn 0.0270 0.9890 -0.1454
vn -0.0034 0.9930 -0.1183
vn -0.0256 0.9958 -0.0877
vn -0.0345 0.9970 -0.0691
vn -0.0674 0.9958 -0.0624
vn -0.0948 0.9938 -0.0578
vn -0.0969 0.9938 -0.0537
vn -0.1005 0.9938 -0.0467
vn -0.1092 0.9933 -0.0375
vn 0.0901 0.9842 0.1527
vn 0.0010 0.9915 0.1300
vn -0.0794 0.9937 0.0787
vn -0.1217 0.9925 0.0139
vn -0.1051 0.9931 -0.0511
vn -0.0587 0.9928 -0.1044
vn -0.0740 0.9880 -0.1354
vn -0.1380 0.9799 -0.1440
vn -0.1719 0.9747 -0.1431
vn -0.1694 0.9781 -0.1207
vn -0.1307 0.9891 -0.0679
vn -0.0935 0.9954 -0.0209
vn -0.0635 0.9980 0.0028
vn -0.0266 0.9994 0.0199
vn 0.0217 0.9990 0.0382
vn 0.0857 0.9944 0.0617
vn 0.0915 0.9918 0.0890
vn 0.0111 0.9946 0.1030
vn -0.0947 0.9921 0.0817
vn -0.1926 0.9805 0.0383
vn -0.2207 0.9753 0.0058
vn -0.1946 0.9807 -0.0195
vn -0.1454 0.9883 -0.0465
vn -0.1013 0.9929 -0.0619
vn -0.0905 0.9941 -0.0593
vn -0.1016 0.9938 -0.0452
vn -0.0696 0.9971 -0.0316
vn -0.0008 0.9996 -0.0285
vn 0.0456 0.9981 -0.0419
vn 0.0597 0.9960 -0.0664
vn 0.0350 0.9958 -0.0846
vn 0.0010 0.9963 -0.0857
vn 0.0079 0.9969 -0.0778
vn 0.0313 0.9972 -0.0686
vn 0.0288 0.9982 -0.0520
vn 0.0225 0.9990 -0.0381
vn 0.0166 0.9991 -0.0382
vn 0.0105 0.9993 -0.0345
vn -0.0061 0.9998 -0.0199
vn -0.0178 0.9998 -0.0028
vn -0.0050 0.9999 0.0143
vn 0.0273 0.9991 0.0314
vn -0.0289 0.9988 0.0403
vn -0.1187 0.9926 0.0256
vn -0.1437 0.9895 -0.0166
vn -0.1620 0.9841 -0.0729
vn -0.1244 0.9844 -0.1248
vn -0.0476 0.9853 -0.1640
vn 0.0078 0.9824 -0.1868
vn 0.0317 0.9807 -0.1931
vn 0.0381 0.9812 -0.1895
vn 0.0341 0.9837 -0.1763
vn 0.0099 0.9882 -0.1525
vn -0.0287 0.9927 -0.1172
vn -0.0472 0.9958 -0.0780
vn -0.0412 0.9977 -0.0545
vn -0.0688 0.9964 -0.0491
vn -0.0964 0.9941 -0.0489
vn -0.0987 0.9940 -0.0478
vn -0.1076 0.9933 -0.0413
vn -0.1127 0.9930 -0.0344
vn 0.0942 0.9856 0.1404
vn 0.0263 0.9923 0.1214
vn -0.0402 0.9963 0.0764
vn -0.0767 0.9970 0.0139
vn -0.0652 0.9966 -0.0495
vn -0.0330 0.9949 -0.0950
vn -0.0643 0.9911 -0.1161
vn -0.1357 0.9829 -0.1241
vn -0.1711 0.9768 -0.1291
vn -0.1894 0.9743 -0.1224
vn -0.1627 0.9820 -0.0959
vn -0.1117 0.9916 -0.0659
vn -0.0744 0.9962 -0.0454
vn -0.0397 0.9989 -0.0264
vn 0.0018 1.0000 0.0047
vn 0.0589 0.9970 0.0512
vn 0.0700 0.9929 0.0966
vn 0.0110 0.9932 0.1155
vn -0.0672 0.9932 0.0950
vn -0.1629 0.9854 0.0501
vn -0.2031 0.9791 0.0087
vn -0.1759 0.9841 -0.0226
vn -0.1291 0.9904 -0.0500
vn -0.0960 0.9931 -0.0677
vn -0.0968 0.9929 -0.0686
vn -0.1090 0.9921 -0.0617
vn -0.0726 0.9956 -0.0595
vn 0.0011 0.9981 -0.0610
vn 0.0552 0.9964 -0.0649
vn 0.0708 0.9949 -0.0716
vn 0.0397 0.9962 -0.0773
vn -0.0009 0.9968 -0.0804
vn 0.0022 0.9970 -0.0771
vn 0.0208 0.9979 -0.0620
vn 0.0130 0.9991 -0.0394
vn 0.0167 0.9996 -0.0210
vn 0.0166 0.9998 -0.0121
vn 0.0036 1.0000 -0.0053
vn -0.0141 0.9999 0.0025
vn -0.0251 0.9997 0.0082
vn -0.0126 0.9998 0.0135
vn 0.0186 0.9996 0.0209
vn -0.0264 0.9994 0.0211
vn -0.0984 0.9951 0.0006
vn -0.1126 0.9930 -0.0354
vn -0.1286 0.9887 -0.0770
vn -0.0955 0.9881 -0.1205
vn -0.0242 0.9868 -0.1604
vn 0.0188 0.9820 -0.1879
vn 0.0314 0.9799 -0.1968
vn 0.0287 0.9810 -0.1920
vn 0.0290 0.9826 -0.1836
vn 0.0329 0.9839 -0.1757
vn 0.0223 0.9862 -0.1641
vn -0.0091 0.9897 -0.1431
vn -0.0549 0.9922 -0.1115
vn -0.0684 0.9945 -0.0798
vn -0.0472 0.9969 -0.0626
vn -0.0664 0.9958 -0.0624
vn -0.0959 0.9932 -0.0665
vn -0.1037 0.9928 -0.0607
vn -0.1155 0.9922 -0.0475
vn -0.1126 0.9927 -0.0423
vn 0.0982 0.9875 0.1234
vn 0.0454 0.9929 0.1096
vn -0.0044 0.9973 0.0732
vn -0.0313 0.9994 0.0140
vn -0.0276 0.9985 -0.0473
vn -0.0173 0.9965 -0.0819
vn -0.0605 0.9941 -0.0898
vn -0.1296 0.9869 -0.0966
vn -0.1651 0.9801 -0.1100
vn -0.1899 0.9739 -0.1246
vn -0.1728 0.9757 -0.1344
vn -0.1259 0.9839 -0.1271
vn -0.0840 0.9903 -0.1110
vn -0.0566 0.9944 -0.0897
vn -0.0344 0.9986 -0.0412
vn 0.0123 0.9993 0.0366
vn 0.0391 0.9935 0.1069
vn 0.0120 0.9911 0.1326
vn -0.0414 0.9927 0.1132
vn -0.1285 0.9895 0.0662
vn -0.1765 0.9842 0.0126
vn -0.1570 0.9872 -0.0268
vn -0.1123 0.9922 -0.0547
vn -0.0875 0.9933 -0.0756
vn -0.1007 0.9916 -0.0814
vn -0.1074 0.9906 -0.0844
vn -0.0667 0.9930 -0.0978
vn 0.0012 0.9944 -0.1055
vn 0.0516 0.9940 -0.0965
vn 0.0667 0.9947 -0.0786
vn 0.0398 0.9969 -0.0673
vn 0.0051 0.9973 -0.0732
vn -0.0039 0.9971 -0.0762
vn 0.0013 0.9986 -0.0531
vn -0.0034 0.9998 -0.0221
vn 0.0045 1.0000 0.0025
vn 0.0089 0.9997 0.0236
vn -0.0006 0.9994 0.0347
vn -0.0140 0.9994 0.0331
vn -0.0225 0.9995 0.0233
vn -0.0114 0.9999 0.0123
vn 0.0164 0.9998 0.0065
vn -0.0166 0.9998 -0.0052
vn -0.0759 0.9966 -0.0337
vn -0.0930 0.9938 -0.0610
vn -0.1063 0.9909 -0.0823
vn -0.0680 0.9911 -0.1144
vn 0.0025 0.9879 -0.1554
vn 0.0345 0.9813 -0.1895
vn 0.0303 0.9789 -0.2019
vn 0.0185 0.9815 -0.1905
vn 0.0199 0.9851 -0.1706
vn 0.0273 0.9873 -0.1567
vn 0.0138 0.9890 -0.1473
vn -0.0267 0.9912 -0.1300
vn -0.0761 0.9917 -0.1037
vn -0.0826 0.9932 -0.0823
vn -0.0505 0.9960 -0.0735
vn -0.0584 0.9950 -0.0806
vn -0.0939 0.9915 -0.0905
vn -0.1169 0.9900 -0.0784
vn -0.1258 0.9905 -0.0559
vn -0.1076 0.9928 -0.0530
vn 0.1020 0.9877 0.1187
vn 0.0598 0.9925 0.1063
vn 0.0286 0.9970 0.0723
vn 0.0142 0.9998 0.0140
vn 0.0082 0.9989 -0.0467
vn -0.0088 0.9969 -0.0783
vn -0.0606 0.9947 -0.0827
vn -0.1201 0.9887 -0.0892
vn -0.1549 0.9823 -0.1049
vn -0.1765 0.9763 -0.1255
vn -0.1675 0.9752 -0.1447
vn -0.1377 0.9801 -0.1433
vn -0.0933 0.9873 -0.1285
vn -0.0764 0.9914 -0.1066
vn -0.0824 0.9952 -0.0534
vn -0.0487 0.9983 0.0326
vn 0.0014 0.9940 0.1097
vn 0.0137 0.9904 0.1372
vn -0.0171 0.9929 0.1181
vn -0.0905 0.9934 0.0706
vn -0.1430 0.9896 0.0138
vn -0.1378 0.9901 -0.0280
vn -0.0950 0.9939 -0.0561
vn -0.0766 0.9940 -0.0778
vn -0.1028 0.9911 -0.0849
vn -0.0994 0.9909 -0.0906
vn -0.0544 0.9927 -0.1081
vn 0.0001 0.9931 -0.1174
vn 0.0384 0.9937 -0.1050
vn 0.0516 0.9954 -0.0806
vn 0.0366 0.9972 -0.0646
vn 0.0167 0.9973 -0.0712
vn -0.0103 0.9971 -0.0760
vn -0.0247 0.9984 -0.0506
vn -0.0202 0.9996 -0.0174
vn -0.0125 0.9999 0.0088
vn -0.0046 0.9994 0.0333
vn -0.0028 0.9990 0.0455
vn -0.0080 0.9991 0.0414
vn -0.0126 0.9995 0.0274
vn -0.0037 0.9999 0.0120
vn 0.0188 0.9998 0.0026
vn -0.0013 0.9999 -0.0123
vn -0.0517 0.9977 -0.0430
vn -0.0821 0.9943 -0.0680
vn -0.0924 0.9922 -0.0839
vn -0.0416 0.9927 -0.1128
vn 0.0314 0.9876 -0.1539
vn 0.0539 0.9803 -0.1898
vn 0.0287 0.9787 -0.2033
vn 0.0029 0.9818 -0.1901
vn 0.0059 0.9859 -0.1671
vn 0.0211 0.9882 -0.1515
vn 0.0076 0.9897 -0.1428
vn -0.0433 0.9910 -0.1264
vn -0.0937 0.9904 -0.1015
vn -0.0917 0.9923 -0.0829
vn -0.0517 0.9957 -0.0765
vn -0.0464 0.9953 -0.0855
vn -0.0912 0.9911 -0.0969
vn -0.1361 0.9872 -0.0830
vn -0.1377 0.9888 -0.0580
vn -0.0991 0.9935 -0.0559
vn 0.1085 0.9818 0.1558
vn 0.0799 0.9885 0.1285
vn 0.0632 0.9947 0.0812
vn 0.0582 0.9981 0.0218
vn 0.0437 0.9984 -0.0368
vn -0.0001 0.9975 -0.0713
vn -0.0614 0.9950 -0.0786
vn -0.1122 0.9903 -0.0821
vn -0.1465 0.9851 -0.0905
vn -0.1655 0.9811 -0.0998
vn -0.1633 0.9809 -0.1059
vn -0.1487 0.9838 -0.1006
vn -0.1069 0.9909 -0.0817
vn -0.0980 0.9938 -0.0523
vn -0.1210 0.9925 -0.0153
vn -0.0974 0.9948 0.0303
vn -0.0312 0.9967 0.0749
vn 0.0122 0.9951 0.0982
vn 0.0019 0.9958 0.0918
vn -0.0563 0.9966 0.0594
vn -0.1112 0.9937 0.0157
vn -0.1201 0.9926 -0.0179
vn -0.0846 0.9959 -0.0329
vn -0.0712 0.9968 -0.0352
vn -0.1018 0.9941 -0.0379
vn -0.0890 0.9948 -0.0504
vn -0.0403 0.9967 -0.0707
vn 0.0029 0.9962 -0.0870
vn 0.0283 0.9957 -0.0885
vn 0.0380 0.9963 -0.0775
vn 0.0324 0.9972 -0.0668
vn 0.0230 0.9977 -0.0632
vn -0.0192 0.9983 -0.0546
vn -0.0493 0.9983 -0.0300
vn -0.0378 0.9993 -0.0001
vn -0.0300 0.9992 0.0264
vn -0.0167 0.9988 0.0465
vn -0.0023 0.9987 0.0516
vn 0.0002 0.9991 0.0428
vn -0.0012 0.9996 0.0274
vn 0.0065 0.9999 0.0105
vn 0.0258 0.9997 -0.0058
vn 0.0153 0.9995 -0.0264
vn -0.0307 0.9982 -0.0520
vn -0.0745 0.9948 -0.0694
vn -0.0844 0.9935 -0.0768
vn -0.0237 0.9959 -0.0872
vn 0.0530 0.9932 -0.1036
vn 0.0721 0.9897 -0.1239
vn 0.0328 0.9893 -0.1419
vn -0.0067 0.9891 -0.1473
vn -0.0075 0.9905 -0.1371
vn 0.0113 0.9929 -0.1185
vn 0.0004 0.9948 -0.1018
vn -0.0538 0.9943 -0.0919
vn -0.1030 0.9909 -0.0871
vn -0.0961 0.9917 -0.0852
vn -0.0523 0.9951 -0.0845
vn -0.0408 0.9957 -0.0830
vn -0.0930 0.9927 -0.0767
vn -0.1518 0.9864 -0.0633
vn -0.1479 0.9878 -0.0490
vn -0.0913 0.9947 -0.0479
vn 0.1219 0.9728 0.1970
vn 0.1142 0.9816 0.1532
vn 0.1023 0.9906 0.0909
vn 0.0986 0.9947 0.0306
vn 0.0795 0.9965 -0.0257
vn 0.0121 0.9979 -0.0635
vn -0.0617 0.9953 -0.0740
vn -0.1092 0.9913 -0.0740
vn -0.1435 0.9869 -0.0744
vn -0.1649 0.9838 -0.0710
vn -0.1666 0.9841 -0.0623
vn -0.1567 0.9862 -0.0525
vn -0.1282 0.9913 -0.0289
vn -0.1214 0.9926 0.0084
vn -0.1347 0.9905 0.0274
vn -0.1138 0.9931 0.0277
vn -0.0497 0.9981 0.0360
vn 0.0030 0.9985 0.0543
vn 0.0101 0.9980 0.0623
vn -0.0326 0.9984 0.0468
vn -0.0869 0.9961 0.0178
vn -0.1061 0.9943 -0.0067
vn -0.0888 0.9960 -0.0069
vn -0.0785 0.9968 0.0125
vn -0.0943 0.9954 0.0147
vn -0.0753 0.9971 -0.0052
vn -0.0251 0.9993 -0.0287
vn 0.0148 0.9985 -0.0529
vn 0.0289 0.9971 -0.0700
vn 0.0327 0.9967 -0.0740
vn 0.0275 0.9972 -0.0694
vn 0.0153 0.9984 -0.0543
vn -0.0329 0.9990 -0.0308
vn -0.0679 0.9977 -0.0069
vn -0.0565 0.9982 0.0192
vn -0.0467 0.9978 0.0460
vn -0.0234 0.9979 0.0611
vn 0.0029 0.9983 0.0584
vn 0.0103 0.9990 0.0443
vn 0.0102 0.9996 0.0274
vn 0.0188 0.9998 0.0088
vn 0.0403 0.9991 -0.0152
vn 0.0323 0.9986 -0.0420
vn -0.0172 0.9979 -0.0621
vn -0.0702 0.9950 -0.0709
vn -0.0850 0.9940 -0.0689
vn -0.0236 0.9980 -0.0583
vn 0.0567 0.9973 -0.0468
vn 0.0850 0.9951 -0.0496
vn 0.0483 0.9962 -0.0731
vn -0.0012 0.9951 -0.0992
vn -0.0173 0.9945 -0.1034
vn -0.0064 0.9967 -0.0813
vn -0.0100 0.9984 -0.0559
vn -0.0518 0.9972 -0.0534
vn -0.0965 0.9928 -0.0710
vn -0.0929 0.9918 -0.0877
vn -0.0525 0.9942 -0.0934
vn -0.0504 0.9955 -0.0802
vn -0.1049 0.9930 -0.0541
vn -0.1571 0.9867 -0.0413
vn -0.1537 0.9874 -0.0390
vn -0.0866 0.9955 -0.0390
vn 0.1397 0.9702 0.1980
vn 0.1561 0.9758 0.1532
vn 0.1434 0.9855 0.0910
vn 0.1363 0.9902 0.0321
vn 0.1146 0.9932 -0.0221
vn 0.0268 0.9979 -0.0597
vn -0.0610 0.9955 -0.0721
vn -0.1086 0.9914 -0.0733
vn -0.1432 0.9870 -0.0736
vn -0.1700 0.9830 -0.0690
vn -0.1741 0.9830 -0.0583
vn -0.1632 0.9855 -0.0469
vn -0.1535 0.9879 -0.0223
vn -0.1452 0.9893 0.0151
vn -0.1341 0.9905 0.0316
vn -0.1115 0.9934 0.0271
vn -0.0599 0.9977 0.0310
vn -0.0103 0.9988 0.0478
vn 0.0119 0.9983 0.0570
vn -0.0155 0.9989 0.0441
vn -0.0675 0.9976 0.0180
vn -0.0946 0.9955 -0.0043
vn -0.1011 0.9949 -0.0030
vn -0.0927 0.9955 0.0175
vn -0.0831 0.9963 0.0197
vn -0.0599 0.9982 -0.0006
vn -0.0095 0.9997 -0.0239
vn 0.0315 0.9983 -0.0481
vn 0.0357 0.9972 -0.0661
vn 0.0321 0.9969 -0.0712
vn 0.0220 0.9975 -0.0667
vn -0.0004 0.9987 -0.0501
vn -0.0493 0.9985 -0.0255
vn -0.0825 0.9966 -0.0027
vn -0.0755 0.9969 0.0218
vn -0.0627 0.9969 0.0476
vn -0.0270 0.9977 0.0620
vn 0.0107 0.9982 0.0587
vn 0.0216 0.9988 0.0441
vn 0.0218 0.9994 0.0267
vn 0.0324 0.9994 0.0076
vn 0.0589 0.9981 -0.0167
vn 0.0490 0.9979 -0.0430
vn -0.0085 0.9981 -0.0612
vn -0.0678 0.9953 -0.0687
vn -0.0903 0.9937 -0.0662
vn -0.0336 0.9980 -0.0544
vn 0.0499 0.9979 -0.0406
vn 0.0942 0.9947 -0.0410
vn 0.0700 0.9955 -0.0641
vn 0.0133 0.9957 -0.0921
vn -0.0245 0.9948 -0.0986
vn -0.0283 0.9966 -0.0773
vn -0.0224 0.9984 -0.0515
vn -0.0427 0.9979 -0.0491
vn -0.0808 0.9944 -0.0685
vn -0.0852 0.9925 -0.0871
vn -0.0524 0.9942 -0.0936
vn -0.0686 0.9945 -0.0797
vn -0.1220 0.9912 -0.0523
vn -0.1561 0.9869 -0.0404
vn -0.1565 0.9869 -0.0401
vn -0.0836 0.9957 -0.0408
vn 0.1558 0.9763 0.1501
vn 0.1891 0.9742 0.1230
vn 0.1789 0.9804 0.0826
vn 0.1650 0.9853 0.0437
vn 0.1375 0.9903 0.0183
vn 0.0471 0.9988 -0.0100
vn -0.0478 0.9977 -0.0479
vn -0.1026 0.9919 -0.0750
vn -0.1395 0.9863 -0.0885
vn -0.1756 0.9805 -0.0886
vn -0.1873 0.9798 -0.0695
vn -0.1774 0.9834 -0.0388
vn -0.1770 0.9842 -0.0056
vn -0.1624 0.9865 0.0199
vn -0.1322 0.9908 0.0273
vn -0.1066 0.9941 0.0217
vn -0.0637 0.9978 0.0163
vn -0.0186 0.9997 0.0175
vn 0.0116 0.9997 0.0212
vn -0.0065 0.9998 0.0211
vn -0.0567 0.9982 0.0173
vn -0.0888 0.9959 0.0146
vn -0.1087 0.9939 0.0161
vn -0.0994 0.9949 0.0174
vn -0.0732 0.9973 0.0106
vn -0.0466 0.9989 -0.0040
vn 0.0026 0.9998 -0.0189
vn 0.0423 0.9987 -0.0289
vn 0.0400 0.9986 -0.0335
vn 0.0293 0.9991 -0.0305
vn 0.0129 0.9998 -0.0170
vn -0.0163 0.9999 0.0038
vn -0.0613 0.9979 0.0211
vn -0.0898 0.9956 0.0276
vn -0.0867 0.9957 0.0313
vn -0.0748 0.9964 0.0408
vn -0.0314 0.9982 0.0513
vn 0.0169 0.9985 0.0519
vn 0.0339 0.9987 0.0387
vn 0.0364 0.9992 0.0158
vn 0.0467 0.9989 -0.0084
vn 0.0724 0.9970 -0.0259
vn 0.0567 0.9979 -0.0317
vn -0.0061 0.9996 -0.0288
vn -0.0652 0.9975 -0.0286
vn -0.0900 0.9953 -0.0356
vn -0.0386 0.9984 -0.0412
vn 0.0428 0.9984 -0.0370
vn 0.0976 0.9948 -0.0307
vn 0.0867 0.9955 -0.0381
vn 0.0295 0.9978 -0.0597
vn -0.0235 0.9966 -0.0789
vn -0.0440 0.9960 -0.0783
vn -0.0363 0.9975 -0.0599
vn -0.0393 0.9981 -0.0464
vn -0.0670 0.9964 -0.0526
vn -0.0751 0.9947 -0.0702
vn -0.0511 0.9954 -0.0814
vn -0.0823 0.9937 -0.0764
vn -0.1337 0.9889 -0.0645
vn -0.1518 0.9863 -0.0644
vn -0.1532 0.9853 -0.0755
vn -0.0789 0.9931 -0.0865
vn 0.1666 0.9804 0.1049
vn 0.2038 0.9745 0.0944
vn 0.2039 0.9761 0.0747
vn 0.1786 0.9824 0.0545
vn 0.1392 0.9887 0.0563
vn 0.0776 0.9963 0.0368
vn -0.0117 0.9996 -0.0251
vn -0.0860 0.9933 -0.0767
vn -0.1293 0.9863 -0.1025
vn -0.1812 0.9776 -0.1069
vn -0.2102 0.9744 -0.0801
vn -0.2057 0.9781 -0.0312
vn -0.1968 0.9804 0.0102
vn -0.1680 0.9855 0.0243
vn -0.1306 0.9912 0.0232
vn -0.1002 0.9948 0.0165
vn -0.0573 0.9984 0.0025
vn -0.0167 0.9998 -0.0110
vn 0.0083 0.9999 -0.0125
vn -0.0112 0.9999 -0.0005
vn -0.0607 0.9980 0.0166
vn -0.0934 0.9951 0.0324
vn -0.1063 0.9937 0.0341
vn -0.0914 0.9957 0.0172
vn -0.0665 0.9978 0.0020
vn -0.0375 0.9993 -0.0071
vn 0.0082 0.9999 -0.0142
vn 0.0411 0.9991 -0.0108
vn 0.0390 0.9992 -0.0028
vn 0.0214 0.9997 0.0077
vn -0.0030 0.9996 0.0298
vn -0.0309 0.9980 0.0546
vn -0.0650 0.9958 0.0648
vn -0.0845 0.9949 0.0559
vn -0.0839 0.9957 0.0402
vn -0.0799 0.9962 0.0343
vn -0.0378 0.9984 0.0412
vn 0.0200 0.9988 0.0456
vn 0.0477 0.9983 0.0336
vn 0.0564 0.9984 0.0056
vn 0.0620 0.9978 -0.0235
vn 0.0761 0.9965 -0.0346
vn 0.0479 0.9986 -0.0211
vn -0.0146 0.9999 0.0017
vn -0.0620 0.9980 0.0092
vn -0.0781 0.9969 -0.0067
vn -0.0323 0.9991 -0.0288
vn 0.0369 0.9988 -0.0336
vn 0.0911 0.9956 -0.0210
vn 0.0935 0.9955 -0.0138
vn 0.0475 0.9984 -0.0292
vn -0.0079 0.9981 -0.0604
vn -0.0475 0.9957 -0.0791
vn -0.0527 0.9963 -0.0678
vn -0.0478 0.9979 -0.0439
vn -0.0587 0.9976 -0.0377
vn -0.0610 0.9967 -0.0542
vn -0.0474 0.9964 -0.0700
vn -0.0868 0.9935 -0.0734
vn -0.1348 0.9880 -0.0759
vn -0.1429 0.9859 -0.0870
vn -0.1397 0.9842 -0.1088
vn -0.0717 0.9890 -0.1296
vn 0.1721 0.9804 0.0960
vn 0.2083 0.9739 0.0900
vn 0.2222 0.9722 0.0738
vn 0.1848 0.9812 0.0561
vn 0.1314 0.9897 0.0570
vn 0.1105 0.9931 0.0394
vn 0.0334 0.9993 -0.0160
vn -0.0638 0.9958 -0.0653
vn -0.1149 0.9889 -0.0938
vn -0.1855 0.9773 -0.1022
vn -0.2359 0.9685 -0.0801
vn -0.2387 0.9704 -0.0366
vn -0.2144 0.9767 0.0020
vn -0.1690 0.9855 0.0174
vn -0.1297 0.9914 0.0189
vn -0.0936 0.9955 0.0143
vn -0.0466 0.9989 0.0023
vn -0.0104 0.9999 -0.0098
vn 0.0039 0.9999 -0.0111
vn -0.0217 0.9998 -0.0009
vn -0.0710 0.9974 0.0131
vn -0.1024 0.9944 0.0262
vn -0.0998 0.9946 0.0281
vn -0.0776 0.9969 0.0143
vn -0.0619 0.9981 0.0017
vn -0.0314 0.9995 -0.0055
vn 0.0102 0.9999 -0.0106
vn 0.0344 0.9994 -0.0068
vn 0.0350 0.9994 0.0013
vn 0.0113 0.9999 0.0118
vn -0.0208 0.9993 0.0317
vn -0.0437 0.9976 0.0528
vn -0.0644 0.9961 0.0607
vn -0.0737 0.9959 0.0522
vn -0.0744 0.9965 0.0371
vn -0.0805 0.9963 0.0295
vn -0.0434 0.9985 0.0321
vn 0.0225 0.9992 0.0324
vn 0.0618 0.9979 0.0194
vn 0.0775 0.9970 -0.0057
vn 0.0762 0.9966 -0.0298
vn 0.0736 0.9966 -0.0361
vn 0.0304 0.9993 -0.0195
vn -0.0282 0.9996 0.0044
vn -0.0584 0.9982 0.0120
vn -0.0610 0.9981 -0.0034
vn -0.0204 0.9995 -0.0252
vn 0.0329 0.9989 -0.0323
vn 0.0810 0.9964 -0.0234
vn 0.0949 0.9953 -0.0174
vn 0.0647 0.9975 -0.0300
vn 0.0134 0.9983 -0.0567
vn -0.0442 0.9963 -0.0743
vn -0.0678 0.9954 -0.0677
vn -0.0602 0.9969 -0.0503
vn -0.0531 0.9975 -0.0463
vn -0.0465 0.9971 -0.0597
vn -0.0439 0.9965 -0.0710
vn -0.0866 0.9936 -0.0728
vn -0.1301 0.9885 -0.0769
vn -0.1319 0.9872 -0.0895
vn -0.1217 0.9863 -0.1118
vn -0.0631 0.9892 -0.1324
vn 0.1679 0.9842 0.0567
vn 0.2074 0.9757 0.0706
vn 0.2332 0.9699 0.0708
vn 0.1902 0.9797 0.0633
vn 0.1281 0.9900 0.0597
vn 0.1310 0.9901 0.0511
vn 0.0666 0.9975 0.0247
vn -0.0384 0.9992 -0.0143
vn -0.0947 0.9940 -0.0546
vn -0.1816 0.9800 -0.0812
vn -0.2516 0.9644 -0.0820
vn -0.2626 0.9630 -0.0614
vn -0.2313 0.9723 -0.0343
vn -0.1754 0.9844 -0.0129
vn -0.1326 0.9912 0.0002
vn -0.0904 0.9959 0.0046
vn -0.0393 0.9992 0.0010
vn -0.0061 1.0000 -0.0043
vn 0.0009 1.0000 -0.0049
vn -0.0269 0.9996 -0.0027
vn -0.0753 0.9972 -0.0024
vn -0.1078 0.9942 -0.0010
vn -0.0974 0.9952 0.0016
vn -0.0707 0.9975 0.0014
vn -0.0598 0.9982 0.0004
vn -0.0295 0.9996 0.0016
vn 0.0092 0.9999 0.0052
vn 0.0288 0.9995 0.0112
vn 0.0298 0.9994 0.0193
vn 0.0025 0.9996 0.0298
vn -0.0322 0.9987 0.0402
vn -0.0498 0.9977 0.0450
vn -0.0622 0.9971 0.0427
vn -0.0653 0.9972 0.0352
vn -0.0647 0.9976 0.0230
vn -0.0752 0.9971 0.0079
vn -0.0398 0.9992 -0.0082
vn 0.0305 0.9992 -0.0259
vn 0.0739 0.9963 -0.0432
vn 0.0901 0.9944 -0.0556
vn 0.0808 0.9950 -0.0579
vn 0.0630 0.9971 -0.0429
vn 0.0093 0.9999 -0.0120
vn -0.0420 0.9990 0.0166
vn -0.0549 0.9982 0.0244
vn -0.0457 0.9989 0.0116
vn -0.0075 0.9999 -0.0091
vn 0.0362 0.9990 -0.0264
vn 0.0770 0.9964 -0.0340
vn 0.0944 0.9950 -0.0333
vn 0.0737 0.9967 -0.0336
vn 0.0265 0.9988 -0.0402
vn -0.0372 0.9979 -0.0527
vn -0.0693 0.9953 -0.0676
vn -0.0629 0.9949 -0.0787
vn -0.0493 0.9952 -0.0842
vn -0.0415 0.9956 -0.0839
vn -0.0470 0.9960 -0.0754
vn -0.0855 0.9939 -0.0702
vn -0.1209 0.9893 -0.0811
vn -0.1197 0.9877 -0.1005
vn -0.1034 0.9869 -0.1240
vn -0.0545 0.9880 -0.1443
vn 0.1490 0.9885 0.0263
vn 0.1982 0.9786 0.0557
vn 0.2337 0.9699 0.0684
vn 0.1950 0.9784 0.0689
vn 0.1312 0.9894 0.0617
vn 0.1344 0.9891 0.0602
vn 0.0835 0.9949 0.0564
vn -0.0082 0.9996 0.0253
vn -0.0653 0.9976 -0.0242
vn -0.1657 0.9840 -0.0651
vn -0.2534 0.9638 -0.0834
vn -0.2743 0.9583 -0.0805
vn -0.2478 0.9668 -0.0623
vn -0.1896 0.9812 -0.0363
vn -0.1412 0.9899 -0.0144
vn -0.0922 0.9957 -0.0030
vn -0.0371 0.9993 -0.0000
vn -0.0048 1.0000 -0.0000
vn -0.0247 0.9997 -0.0042
vn -0.0709 0.9974 -0.0144
vn -0.1079 0.9939 -0.0221
vn -0.1010 0.9947 -0.0190
vn -0.0738 0.9972 -0.0086
vn -0.0614 0.9981 -0.0005
vn -0.0337 0.9994 0.0071
vn 0.0041 0.9998 0.0175
vn 0.0249 0.9994 0.0251
vn 0.0229 0.9992 0.0333
vn -0.0046 0.9990 0.0437
vn -0.0342 0.9983 0.0467
vn -0.0459 0.9982 0.0390
vn -0.0578 0.9979 0.0287
vn -0.0604 0.9979 0.0220
vn -0.0549 0.9984 0.0121
vn -0.0611 0.9981 -0.0088
vn -0.0229 0.9990 -0.0394
vn 0.0466 0.9964 -0.0710
vn 0.0831 0.9923 -0.0915
vn 0.0904 0.9915 -0.0941
vn 0.0717 0.9942 -0.0796
vn 0.0408 0.9980 -0.0481
vn -0.0171 0.9998 -0.0062
vn -0.0560 0.9981 0.0259
vn -0.0516 0.9981 0.0341
vn -0.0332 0.9992 0.0232
vn 0.0070 1.0000 0.0033
vn 0.0500 0.9985 -0.0218
vn 0.0821 0.9957 -0.0422
vn 0.0912 0.9948 -0.0457
vn 0.0707 0.9968 -0.0364
vn 0.0278 0.9992 -0.0275
vn -0.0245 0.9991 -0.0360
vn -0.0509 0.9964 -0.0676
vn -0.0515 0.9936 -0.1007
vn -0.0481 0.9924 -0.1135
vn -0.0500 0.9935 -0.1026
vn -0.0599 0.9951 -0.0789
vn -0.0831 0.9942 -0.0683
vn -0.1053 0.9909 -0.0844
vn -0.1060 0.9884 -0.1090
vn -0.0851 0.9874 -0.1334
vn -0.0458 0.9871 -0.1536
vn 0.1239 0.9919 0.0280
vn 0.1853 0.9811 0.0561
vn 0.2296 0.9709 0.0685
vn 0.1989 0.9776 0.0695
vn 0.1362 0.9886 0.0645
vn 0.1293 0.9894 0.0661
vn 0.0914 0.9936 0.0664
vn 0.0228 0.9989 0.0398
vn -0.0315 0.9995 -0.0080
vn -0.1430 0.9884 -0.0512
vn -0.2477 0.9660 -0.0739
vn -0.2790 0.9572 -0.0773
vn -0.2629 0.9627 -0.0647
vn -0.2066 0.9775 -0.0414
vn -0.1513 0.9883 -0.0215
vn -0.0957 0.9953 -0.0120
vn -0.0381 0.9992 -0.0082
vn -0.0064 1.0000 -0.0044
vn -0.0007 1.0000 -0.0010
vn -0.0202 0.9998 -0.0025
vn -0.0640 0.9979 -0.0092
vn -0.1055 0.9943 -0.0155
vn -0.1061 0.9943 -0.0145
vn -0.0810 0.9967 -0.0064
vn -0.0650 0.9979 0.0019
vn -0.0404 0.9991 0.0099
vn -0.0021 0.9998 0.0189
vn 0.0220 0.9994 0.0250
vn 0.0160 0.9994 0.0316
vn -0.0102 0.9991 0.0400
vn -0.0323 0.9986 0.0424
vn -0.0385 0.9986 0.0362
vn -0.0522 0.9983 0.0270
vn -0.0560 0.9983 0.0186
vn -0.0439 0.9990 0.0053
vn -0.0421 0.9989 -0.0189
vn -0.0006 0.9987 -0.0504
vn 0.0638 0.9949 -0.0779
vn 0.0900 0.9916 -0.0933
vn 0.0861 0.9918 -0.0948
vn 0.0581 0.9949 -0.0828
vn 0.0154 0.9983 -0.0561
vn -0.0435 0.9988 -0.0203
vn -0.0693 0.9976 0.0073
vn -0.0502 0.9986 0.0171
vn -0.0233 0.9997 0.0113
vn 0.0217 0.9997 -0.0057
vn 0.0674 0.9973 -0.0289
vn 0.0899 0.9949 -0.0463
vn 0.0866 0.9951 -0.0478
vn 0.0633 0.9972 -0.0391
vn 0.0244 0.9992 -0.0317
vn -0.0103 0.9992 -0.0393
vn -0.0257 0.9974 -0.0667
vn -0.0356 0.9948 -0.0950
vn -0.0489 0.9933 -0.1049
vn -0.0637 0.9935 -0.0945
vn -0.0747 0.9943 -0.0755
vn -0.0799 0.9944 -0.0686
vn -0.0882 0.9926 -0.0829
vn -0.0923 0.9902 -0.1045
vn -0.0683 0.9897 -0.1260
vn -0.0372 0.9888 -0.1442
vn 0.1011 0.9943 0.0323
vn 0.1730 0.9833 0.0569
vn 0.2256 0.9718 0.0686
vn 0.2013 0.9770 0.0711
vn 0.1377 0.9879 0.0716
vn 0.1203 0.9894 0.0813
vn 0.0935 0.9914 0.0919
vn 0.0487 0.9959 0.0769
vn 0.0032 0.9994 0.0337
vn -0.1164 0.9931 -0.0151
vn -0.2365 0.9704 -0.0495
vn -0.2754 0.9588 -0.0693
vn -0.2734 0.9593 -0.0712
vn -0.2220 0.9735 -0.0547
vn -0.1585 0.9866 -0.0397
vn -0.0979 0.9946 -0.0349
vn -0.0424 0.9987 -0.0291
vn -0.0137 0.9998 -0.0155
vn -0.0036 1.0000 -0.0035
vn -0.0196 0.9998 0.0016
vn -0.0618 0.9981 0.0041
vn -0.1020 0.9948 0.0015
vn -0.1072 0.9942 -0.0031
vn -0.0869 0.9962 -0.0007
vn -0.0704 0.9975 0.0080
vn -0.0462 0.9988 0.0169
vn -0.0060 0.9997 0.0225
vn 0.0202 0.9995 0.0248
vn 0.0118 0.9996 0.0272
vn -0.0137 0.9994 0.0304
vn -0.0311 0.9990 0.0313
vn -0.0339 0.9990 0.0289
vn -0.0466 0.9987 0.0226
vn -0.0476 0.9988 0.0098
vn -0.0289 0.9995 -0.0120
vn -0.0191 0.9988 -0.0448
vn 0.0199 0.9967 -0.0785
vn 0.0731 0.9927 -0.0955
vn 0.0927 0.9909 -0.0978
vn 0.0835 0.9918 -0.0966
vn 0.0488 0.9946 -0.0912
vn -0.0033 0.9971 -0.0764
vn -0.0620 0.9965 -0.0564
vn -0.0797 0.9960 -0.0402
vn -0.0555 0.9981 -0.0263
vn -0.0189 0.9996 -0.0192
vn 0.0351 0.9990 -0.0289
vn 0.0815 0.9956 -0.0471
vn 0.0938 0.9940 -0.0568
vn 0.0811 0.9953 -0.0530
vn 0.0581 0.9973 -0.0459
vn 0.0222 0.9988 -0.0425
vn 0.0004 0.9989 -0.0478
vn -0.0070 0.9979 -0.0643
vn -0.0246 0.9965 -0.0803
vn -0.0516 0.9952 -0.0827
vn -0.0740 0.9945 -0.0738
vn -0.0817 0.9944 -0.0670
vn -0.0760 0.9947 -0.0693
vn -0.0762 0.9940 -0.0789
vn -0.0809 0.9924 -0.0926
vn -0.0564 0.9927 -0.1066
vn -0.0284 0.9924 -0.1198
vn 0.0812 0.9961 0.0349
vn 0.1612 0.9852 0.0574
vn 0.2215 0.9727 0.0686
vn 0.2019 0.9767 0.0721
vn 0.1352 0.9879 0.0760
vn 0.1067 0.9901 0.0907
vn 0.0889 0.9902 0.1074
vn 0.0688 0.9927 0.0994
vn 0.0390 0.9975 0.0590
vn -0.0853 0.9963 0.0069
vn -0.2182 0.9753 -0.0347
vn -0.2621 0.9629 -0.0645
vn -0.2787 0.9574 -0.0752
vn -0.2357 0.9698 -0.0627
vn -0.1627 0.9854 -0.0508
vn -0.0985 0.9939 -0.0489
vn -0.0505 0.9978 -0.0419
vn -0.0276 0.9994 -0.0223
vn -0.0093 0.9999 -0.0050
vn -0.0234 0.9997 0.0042
vn -0.0649 0.9978 0.0122
vn -0.0970 0.9952 0.0118
vn -0.1039 0.9946 0.0038
vn -0.0912 0.9958 0.0028
vn -0.0778 0.9969 0.0118
vn -0.0510 0.9985 0.0212
vn -0.0070 0.9997 0.0246
vn 0.0197 0.9995 0.0246
vn 0.0106 0.9996 0.0246
vn -0.0146 0.9996 0.0246
vn -0.0308 0.9992 0.0246
vn -0.0325 0.9992 0.0245
vn -0.0408 0.9990 0.0200
vn -0.0346 0.9994 0.0045
vn -0.0093 0.9997 -0.0226
vn 0.0085 0.9981 -0.0605
vn 0.0385 0.9947 -0.0956
vn 0.0733 0.9916 -0.1062
vn 0.0904 0.9908 -0.1006
vn 0.0828 0.9918 -0.0976
vn 0.0446 0.9944 -0.0962
vn -0.0142 0.9960 -0.0887
vn -0.0712 0.9944 -0.0782
vn -0.0869 0.9938 -0.0691
vn -0.0684 0.9963 -0.0528
vn -0.0207 0.9991 -0.0378
vn 0.0470 0.9980 -0.0430
vn 0.0918 0.9941 -0.0581
vn 0.0932 0.9936 -0.0631
vn 0.0745 0.9956 -0.0562
vn 0.0558 0.9972 -0.0501
vn 0.0216 0.9986 -0.0492
vn 0.0071 0.9986 -0.0530
vn 0.0041 0.9980 -0.0629
vn -0.0194 0.9973 -0.0712
vn -0.0565 0.9960 -0.0691
vn -0.0803 0.9949 -0.0611
vn -0.0795 0.9949 -0.0618
vn -0.0714 0.9950 -0.0698
vn -0.0700 0.9946 -0.0764
vn -0.0719 0.9937 -0.0854
vn -0.0501 0.9942 -0.0947
vn -0.0192 0.9943 -0.1049
vn 0.0624 0.9971 0.0429
vn 0.1453 0.9868 0.0719
vn 0.2129 0.9724 0.0957
vn 0.2018 0.9739 0.1042
vn 0.1361 0.9857 0.0997
vn 0.0977 0.9904 0.0974
vn 0.0854 0.9913 0.0998
vn 0.0853 0.9924 0.0890
vn 0.0695 0.9958 0.0594
vn -0.0525 0.9985 0.0163
vn -0.1940 0.9806 -0.0292
vn -0.2463 0.9672 -0.0614
vn -0.2796 0.9573 -0.0735
vn -0.2429 0.9672 -0.0738
vn -0.1628 0.9838 -0.0750
vn -0.1002 0.9922 -0.0744
vn -0.0642 0.9962 -0.0585
vn -0.0476 0.9985 -0.0276
vn -0.0203 0.9998 0.0015
vn -0.0291 0.9994 0.0173
vn -0.0662 0.9976 0.0199
vn -0.0894 0.9959 0.0105
vn -0.0981 0.9952 -0.0019
vn -0.0944 0.9955 -0.0048
vn -0.0850 0.9964 0.0019
vn -0.0558 0.9984 0.0105
vn -0.0086 0.9998 0.0167
vn 0.0184 0.9996 0.0211
vn 0.0101 0.9997 0.0238
vn -0.0139 0.9996 0.0235
vn -0.0293 0.9994 0.0202
vn -0.0309 0.9994 0.0155
vn -0.0350 0.9994 0.0087
vn -0.0209 0.9998 -0.0050
vn 0.0116 0.9995 -0.0297
vn 0.0368 0.9972 -0.0655
vn 0.0553 0.9937 -0.0977
vn 0.0696 0.9919 -0.1063
vn 0.0854 0.9915 -0.0985
vn 0.0819 0.9923 -0.0927
vn 0.0435 0.9949 -0.0915
vn -0.0177 0.9956 -0.0923
vn -0.0730 0.9929 -0.0943
vn -0.0907 0.9914 -0.0942
vn -0.0816 0.9931 -0.0845
vn -0.0268 0.9972 -0.0703
vn 0.0510 0.9968 -0.0618
vn 0.0932 0.9941 -0.0546
vn 0.0890 0.9950 -0.0454
vn 0.0689 0.9969 -0.0377
vn 0.0540 0.9980 -0.0328
vn 0.0222 0.9992 -0.0318
vn 0.0116 0.9993 -0.0356
vn 0.0097 0.9991 -0.0409
vn -0.0184 0.9989 -0.0426
vn -0.0607 0.9974 -0.0399
vn -0.0814 0.9959 -0.0401
vn -0.0716 0.9962 -0.0500
vn -0.0650 0.9958 -0.0637
vn -0.0656 0.9951 -0.0734
vn -0.0642 0.9945 -0.0824
vn -0.0445 0.9947 -0.0931
vn -0.0093 0.9943 -0.1061
vn 0.0435 0.9974 0.0571
vn 0.1171 0.9883 0.0979
vn 0.1920 0.9708 0.1439
vn 0.2029 0.9658 0.1614
vn 0.1509 0.9783 0.1418
vn 0.1058 0.9883 0.1094
vn 0.0913 0.9921 0.0860
vn 0.0972 0.9928 0.0704
vn 0.0845 0.9946 0.0600
vn -0.0213 0.9992 0.0332
vn -0.1614 0.9867 -0.0192
vn -0.2342 0.9706 -0.0555
vn -0.2740 0.9591 -0.0704
vn -0.2344 0.9676 -0.0939
vn -0.1555 0.9807 -0.1185
vn -0.1070 0.9870 -0.1198
vn -0.0889 0.9921 -0.0882
vn -0.0775 0.9963 -0.0369
vn -0.0433 0.9990 0.0134
vn -0.0351 0.9985 0.0410
vn -0.0571 0.9978 0.0337
vn -0.0754 0.9971 0.0082
vn -0.0903 0.9958 -0.0122
vn -0.0961 0.9952 -0.0184
vn -0.0894 0.9959 -0.0157
vn -0.0615 0.9981 -0.0089
vn -0.0146 0.9999 0.0026
vn 0.0134 0.9998 0.0147
vn 0.0081 0.9997 0.0224
vn -0.0112 0.9997 0.0216
vn -0.0236 0.9996 0.0122
vn -0.0249 0.9997 -0.0007
vn -0.0293 0.9995 -0.0115
vn -0.0104 0.9997 -0.0221
vn 0.0312 0.9986 -0.0425
vn 0.0626 0.9953 -0.0745
vn 0.0693 0.9924 -0.1016
vn 0.0647 0.9922 -0.1063
vn 0.0776 0.9925 -0.0948
vn 0.0785 0.9934 -0.0837
vn 0.0455 0.9955 -0.0831
vn -0.0088 0.9951 -0.0986
vn -0.0634 0.9904 -0.1231
vn -0.0885 0.9863 -0.1391
vn -0.0878 0.9861 -0.1413
vn -0.0383 0.9910 -0.1285
vn 0.0345 0.9948 -0.0955
vn 0.0735 0.9961 -0.0482
vn 0.0798 0.9967 -0.0135
vn 0.0671 0.9977 -0.0043
vn 0.0508 0.9987 -0.0016
vn 0.0242 0.9997 -0.0006
vn 0.0147 0.9999 -0.0044
vn 0.0082 1.0000 -0.0014
vn -0.0229 0.9997 0.0091
vn -0.0604 0.9981 0.0126
vn -0.0718 0.9974 -0.0023
vn -0.0574 0.9979 -0.0286
vn -0.0542 0.9971 -0.0527
vn -0.0599 0.9959 -0.0679
vn -0.0580 0.9954 -0.0769
vn -0.0350 0.9953 -0.0900
vn 0.0021 0.9941 -0.1083
vn 0.0244 0.9977 0.0634
vn 0.0776 0.9909 0.1096
vn 0.1605 0.9731 0.1655
vn 0.2060 0.9606 0.1865
vn 0.1792 0.9707 0.1599
vn 0.1300 0.9849 0.1144
vn 0.1059 0.9912 0.0798
vn 0.1048 0.9925 0.0621
vn 0.0852 0.9945 0.0603
vn 0.0091 0.9991 0.0408
vn -0.1205 0.9926 -0.0147
vn -0.2254 0.9728 -0.0529
vn -0.2624 0.9625 -0.0693
vn -0.2113 0.9720 -0.1032
vn -0.1418 0.9802 -0.1378
vn -0.1189 0.9830 -0.1398
vn -0.1238 0.9871 -0.1011
vn -0.1163 0.9924 -0.0410
vn -0.0772 0.9968 0.0186
vn -0.0415 0.9978 0.0516
vn -0.0381 0.9985 0.0399
vn -0.0556 0.9984 0.0071
vn -0.0807 0.9966 -0.0168
vn -0.0965 0.9950 -0.0245
vn -0.0914 0.9955 -0.0236
vn -0.0682 0.9975 -0.0175
vn -0.0248 0.9997 -0.0037
vn 0.0050 0.9999 0.0119
vn 0.0048 0.9998 0.0218
vn -0.0066 0.9998 0.0207
vn -0.0139 0.9999 0.0087
vn -0.0148 0.9999 -0.0079
vn -0.0237 0.9995 -0.0204
vn -0.0028 0.9996 -0.0296
vn 0.0496 0.9976 -0.0482
vn 0.0858 0.9932 -0.0784
vn 0.0805 0.9914 -0.1032
vn 0.0586 0.9926 -0.1064
vn 0.0671 0.9934 -0.0931
vn 0.0727 0.9942 -0.0797
vn 0.0505 0.9956 -0.0793
vn 0.0115 0.9948 -0.1014
vn -0.0434 0.9898 -0.1359
vn -0.0812 0.9839 -0.1589
vn -0.0880 0.9822 -0.1662
vn -0.0549 0.9865 -0.1541
vn -0.0010 0.9939 -0.1104
vn 0.0340 0.9984 -0.0454
vn 0.0657 0.9978 0.0007
vn 0.0686 0.9976 0.0105
vn 0.0462 0.9989 0.0123
vn 0.0275 0.9995 0.0132
vn 0.0163 0.9998 0.0095
vn 0.0001 0.9999 0.0162
vn -0.0324 0.9990 0.0321
vn -0.0558 0.9978 0.0360
vn -0.0521 0.9985 0.0145
vn -0.0372 0.9991 -0.0191
vn -0.0392 0.9981 -0.0478
vn -0.0529 0.9964 -0.0655
vn -0.0529 0.9958 -0.0745
vn -0.0218 0.9958 -0.0887
vn 0.0150 0.9939 -0.1093
vn 0.0067 0.9979 0.0651
vn 0.0401 0.9941 0.1012
vn 0.1294 0.9809 0.1452
vn 0.2076 0.9640 0.1662
vn 0.2070 0.9667 0.1507
vn 0.1592 0.9808 0.1125
vn 0.1234 0.9893 0.0775
vn 0.1093 0.9921 0.0621
vn 0.0830 0.9947 0.0606
vn 0.0337 0.9983 0.0470
vn -0.0824 0.9966 0.0082
vn -0.2102 0.9771 -0.0338
vn -0.2398 0.9678 -0.0765
vn -0.1813 0.9753 -0.1266
vn -0.1291 0.9789 -0.1583
vn -0.1329 0.9791 -0.1540
vn -0.1575 0.9803 -0.1195
vn -0.1523 0.9857 -0.0727
vn -0.1108 0.9935 -0.0260
vn -0.0477 0.9989 0.0016
vn -0.0186 0.9998 -0.0064
vn -0.0373 0.9988 -0.0303
vn -0.0711 0.9963 -0.0481
vn -0.0951 0.9939 -0.0566
vn -0.0917 0.9940 -0.0589
vn -0.0725 0.9957 -0.0577
vn -0.0296 0.9979 -0.0575
vn 0.0027 0.9981 -0.0622
vn 0.0017 0.9980 -0.0638
vn -0.0055 0.9982 -0.0598
vn -0.0090 0.9983 -0.0567
vn -0.0135 0.9987 -0.0495
vn -0.0231 0.9989 -0.0399
vn 0.0048 0.9991 -0.0430
vn 0.0660 0.9960 -0.0604
vn 0.1039 0.9912 -0.0818
vn 0.0870 0.9917 -0.0942
vn 0.0511 0.9946 -0.0898
vn 0.0546 0.9958 -0.0729
vn 0.0651 0.9963 -0.0557
vn 0.0550 0.9972 -0.0513
vn 0.0310 0.9974 -0.0650
vn -0.0227 0.9957 -0.0901
vn -0.0710 0.9910 -0.1131
vn -0.0851 0.9883 -0.1265
vn -0.0705 0.9900 -0.1219
vn -0.0364 0.9951 -0.0915
vn -0.0048 0.9989 -0.0461
vn 0.0478 0.9988 -0.0073
vn 0.0657 0.9977 0.0140
vn 0.0415 0.9989 0.0236
vn 0.0320 0.9992 0.0231
vn 0.0185 0.9997 0.0170
vn -0.0072 0.9998 0.0180
vn -0.0386 0.9990 0.0222
vn -0.0479 0.9987 0.0156
vn -0.0326 0.9995 -0.0041
vn -0.0202 0.9995 -0.0253
vn -0.0267 0.9988 -0.0408
vn -0.0462 0.9976 -0.0518
vn -0.0480 0.9970 -0.0605
vn -0.0106 0.9974 -0.0707
vn 0.0249 0.9964 -0.0812
vn -0.0077 0.9977 0.0674
vn 0.0156 0.9959 0.0894
vn 0.1056 0.9876 0.1165
vn 0.2021 0.9696 0.1379
vn 0.2231 0.9649 0.1383
vn 0.1884 0.9759 0.1099
vn 0.1415 0.9872 0.0743
vn 0.1096 0.9920 0.0621
vn 0.0845 0.9945 0.0611
vn 0.0452 0.9974 0.0556
vn -0.0579 0.9975 0.0400
vn -0.1772 0.9841 -0.0072
vn -0.1955 0.9769 -0.0863
vn -0.1469 0.9763 -0.1587
vn -0.1237 0.9746 -0.1865
vn -0.1486 0.9736 -0.1735
vn -0.1818 0.9726 -0.1448
vn -0.1760 0.9775 -0.1166
vn -0.1363 0.9868 -0.0876
vn -0.0537 0.9963 -0.0675
vn -0.0052 0.9975 -0.0704
vn -0.0268 0.9963 -0.0820
vn -0.0631 0.9938 -0.0912
vn -0.0901 0.9908 -0.1009
vn -0.0899 0.9901 -0.1076
vn -0.0706 0.9910 -0.1134
vn -0.0189 0.9911 -0.1317
vn 0.0171 0.9863 -0.1638
vn -0.0000 0.9835 -0.1809
vn -0.0141 0.9854 -0.1699
vn -0.0184 0.9890 -0.1466
vn -0.0357 0.9936 -0.1069
vn -0.0341 0.9972 -0.0669
vn 0.0143 0.9980 -0.0615
vn 0.0788 0.9939 -0.0773
vn 0.1116 0.9900 -0.0864
vn 0.0843 0.9931 -0.0817
vn 0.0407 0.9969 -0.0668
vn 0.0389 0.9982 -0.0446
vn 0.0545 0.9983 -0.0221
vn 0.0563 0.9983 -0.0123
vn 0.0404 0.9991 -0.0142
vn -0.0071 0.9996 -0.0262
vn -0.0563 0.9972 -0.0490
vn -0.0772 0.9945 -0.0708
vn -0.0785 0.9939 -0.0769
vn -0.0572 0.9962 -0.0652
vn -0.0268 0.9985 -0.0469
vn 0.0250 0.9995 -0.0184
vn 0.0497 0.9986 0.0188
vn 0.0374 0.9985 0.0394
vn 0.0380 0.9986 0.0368
vn 0.0228 0.9994 0.0274
vn -0.0076 0.9998 0.0205
vn -0.0329 0.9994 0.0084
vn -0.0352 0.9993 -0.0127
vn -0.0208 0.9993 -0.0298
vn -0.0152 0.9993 -0.0339
vn -0.0234 0.9992 -0.0310
vn -0.0409 0.9986 -0.0329
vn -0.0421 0.9983 -0.0410
vn -0.0069 0.9989 -0.0455
vn 0.0261 0.9988 -0.0421
vn -0.0196 0.9975 0.0681
vn 0.0008 0.9963 0.0860
vn 0.0866 0.9903 0.1086
vn 0.1905 0.9730 0.1302
vn 0.2304 0.9637 0.1347
vn 0.2174 0.9700 0.1087
vn 0.1597 0.9844 0.0731
vn 0.1068 0.9923 0.0621
vn 0.0889 0.9942 0.0612
vn 0.0468 0.9972 0.0580
vn -0.0433 0.9979 0.0489
vn -0.1298 0.9915 0.0001
vn -0.1337 0.9870 -0.0896
vn -0.1094 0.9797 -0.1681
vn -0.1244 0.9730 -0.1943
vn -0.1658 0.9699 -0.1785
vn -0.1997 0.9681 -0.1514
vn -0.1914 0.9731 -0.1284
vn -0.1561 0.9822 -0.1045
vn -0.0596 0.9944 -0.0867
vn 0.0037 0.9961 -0.0882
vn -0.0223 0.9951 -0.0964
vn -0.0566 0.9930 -0.1032
vn -0.0830 0.9901 -0.1133
vn -0.0870 0.9888 -0.1212
vn -0.0646 0.9896 -0.1288
vn 0.0030 0.9884 -0.1521
vn 0.0440 0.9805 -0.1913
vn -0.0006 0.9771 -0.2126
vn -0.0297 0.9794 -0.1998
vn -0.0384 0.9845 -0.1711
vn -0.0753 0.9896 -0.1226
vn -0.0538 0.9958 -0.0743
vn 0.0253 0.9975 -0.0666
vn 0.0889 0.9927 -0.0820
vn 0.1116 0.9899 -0.0877
vn 0.0746 0.9941 -0.0783
vn 0.0283 0.9978 -0.0603
vn 0.0208 0.9991 -0.0367
vn 0.0418 0.9990 -0.0127
vn 0.0549 0.9985 -0.0014
vn 0.0046 1.0000 -0.0082
vn -0.0377 0.9988 -0.0309
vn -0.0650 0.9964 -0.0552
vn -0.0807 0.9947 -0.0642
vn -0.0673 0.9961 -0.0578
vn -0.0363 0.9982 -0.0471
vn -0.0017 0.9998 -0.0215
vn 0.0238 0.9995 0.0202
vn 0.0339 0.9985 0.0438
vn 0.0453 0.9981 0.0406
vn 0.0288 0.9991 0.0303
vn -0.0029 0.9998 0.0212
vn -0.0184 0.9998 0.0045
vn -0.0190 0.9996 -0.0206
vn -0.0147 0.9992 -0.0370
vn -0.0190 0.9992 -0.0363
vn -0.0268 0.9992 -0.0283
vn -0.0367 0.9989 -0.0276
vn -0.0356 0.9987 -0.0356
vn -0.0086 0.9992 -0.0384
vn 0.0208 0.9993 -0.0311
vt 0.015625 0.015625
vt 0.031250 0.015625
vt 0.031250 0.031250
vt 0.015625 0.031250
vt 0.046875 0.015625
vt 0.046875 0.031250
vt 0.062500 0.015625
vt 0.062500 0.031250
vt 0.078125 0.015625
vt 0.078125 0.031250
vt 0.093750 0.015625
vt 0.093750 0.031250
vt 0.109375 0.015625
vt 0.109375 0.031250
vt 0.125000 0.015625
vt 0.125000 0.031250
vt 0.140625 0.015625
vt 0.140625 0.031250
vt 0.156250 0.015625
vt 0.156250 0.031250
vt 0.171875 0.015625
vt 0.171875 0.031250
vt 0.187500 0.015625
vt 0.187500 0.031250
vt 0.203125 0.015625
vt 0.203125 0.031250
vt 0.218750 0.015625
vt 0.218750 0.031250
vt 0.234375 0.015625
vt 0.234375 0.031250
vt 0.250000 0.015625
vt 0.250000 0.031250
vt 0.265625 0.015625
vt 0.265625 0.031250
vt 0.281250 0.015625
vt 0.281250 0.031250
vt 0.296875 0.015625
vt 0.296875 0.031250
vt 0.312500 0.015625
vt 0.312500 0.031250
vt 0.328125 0.015625
vt 0.328125 0.031250
vt 0.343750 0.015625
vt 0.343750 0.031250
vt 0.359375 0.015625
vt 0.359375 0.031250
vt 0.375000 0.015625
vt 0.375000 0.031250
vt 0.390625 0.015625
vt 0.390625 0.031250
vt 0.406250 0.015625
vt 0.406250 0.031250
vt 0.421875 0.015625
vt 0.421875 0.031250
vt 0.437500 0.015625
vt 0.437500 0.031250
vt 0.453125 0.015625
vt 0.453125 0.031250
vt 0.468750 0.015625
vt 0.468750 0.031250
vt 0.484375 0.015625
vt 0.484375 0.031250
vt 0.500000 0.015625
vt 0.500000 0.031250
vt 0.515625 0.015625
vt 0.515625 0.031250
vt 0.531250 0.015625
vt 0.531250 0.031250
vt 0.546875 0.015625
vt 0.546875 0.031250
vt 0.562500 0.015625
vt 0.562500 0.031250
vt 0.578125 0.015625
vt 0.578125 0.031250
vt 0.593750 0.015625
vt 0.593750 0.031250
vt 0.609375 0.015625
vt 0.609375 0.031250
vt 0.625000 0.015625
vt 0.625000 0.031250
vt 0.640625 0.015625
vt 0.640625 0.031250
vt 0.656250 0.015625
vt 0.656250 0.031250
vt 0.671875 0.015625
vt 0.671875 0.031250
vt 0.687500 0.015625
vt 0.687500 0.031250
vt 0.703125 0.015625
vt 0.703125 0.031250
vt 0.718750 0.015625
vt 0.718750 0.031250
vt 0.734375 0.015625
vt 0.734375 0.031250
vt 0.750000 0.015625
vt 0.750000 0.031250
vt 0.765625 0.015625
vt 0.765625 0.031250
vt 0.781250 0.015625
vt 0.781250 0.031250
vt 0.796875 0.015625
vt 0.796875 0.031250
vt 0.812500 0.015625
vt 0.812500 0.031250
vt 0.828125 0.015625
vt 0.828125 0.031250
vt 0.843750 0.015625
vt 0.843750 0.031250
vt 0.859375 0.015625
vt 0.859375 0.031250
vt 0.875000 0.015625
vt 0.875000 0.031250
vt 0.890625 0.015625
vt 0.890625 0.031250
vt 0.906250 0.015625
vt 0.906250 0.031250
vt 0.921875 0.015625
vt 0.921875 0.031250
vt 0.937500 0.015625
vt 0.937500 0.031250
vt 0.953125 0.015625
vt 0.953125 0.031250
vt 0.968750 0.015625
vt 0.968750 0.031250
vt 0.984375 0.015625
vt 0.984375 0.031250
vt 0.031250 0.046875
vt 0.015625 0.046875
vt 0.046875 0.046875
vt 0.062500 0.046875
vt 0.078125 0.046875
vt 0.093750 0.046875
vt 0.109375 0.046875
vt 0.125000 0.046875
vt 0.140625 0.046875
vt 0.156250 0.046875
vt 0.171875 0.046875
vt 0.187500 0.046875
vt 0.203125 0.046875
vt 0.218750 0.046875
vt 0.234375 0.046875
vt 0.250000 0.046875
vt 0.265625 0.046875
vt 0.281250 0.046875
vt 0.296875 0.046875
vt 0.312500 0.046875
vt 0.328125 0.046875
vt 0.343750 0.046875
vt 0.359375 0.046875
vt 0.375000 0.046875
vt 0.390625 0.046875
vt 0.406250 0.046875
vt 0.421875 0.046875
vt 0.437500 0.046875
vt 0.453125 0.046875
vt 0.468750 0.046875
vt 0.484375 0.046875
vt 0.500000 0.046875
vt 0.515625 0.046875
vt 0.531250 0.046875
vt 0.546875 0.046875
vt 0.562500 0.046875
vt 0.578125 0.046875
vt 0.593750 0.046875
vt 0.609375 0.046875
vt 0.625000 0.046875
vt 0.640625 0.046875
vt 0.656250 0.046875
vt 0.671875 0.046875
vt 0.687500 0.046875
vt 0.703125 0.046875
vt 0.718750 0.046875
vt 0.734375 0.046875
vt 0.750000 0.046875
vt 0.765625 0.046875
vt 0.781250 0.046875
vt 0.796875 0.046875
vt 0.812500 0.046875
vt 0.828125 0.046875
vt 0.843750 0.046875
vt 0.859375 0.046875
vt 0.875000 0.046875
vt 0.890625 0.046875
vt 0.906250 0.046875
vt 0.921875 0.046875
vt 0.937500 0.046875
vt 0.953125 0.046875
vt 0.968750 0.046875
vt 0.984375 0.046875
vt 0.031250 0.062500
vt 0.015625 0.062500
vt 0.046875 0.062500
vt 0.062500 0.062500
vt 0.078125 0.062500
vt 0.093750 0.062500
vt 0.109375 0.062500
vt 0.125000 0.062500
vt 0.140625 0.062500
vt 0.156250 0.062500
vt 0.171875 0.062500
vt 0.187500 0.062500
vt 0.203125 0.062500
vt 0.218750 0.062500
vt 0.234375 0.062500
vt 0.250000 0.062500
vt 0.265625 0.062500
vt 0.281250 0.062500
vt 0.296875 0.062500
vt 0.312500 0.062500
vt 0.328125 0.062500
vt 0.343750 0.062500
vt 0.359375 0.062500
vt 0.375000 0.062500
vt 0.390625 0.062500
vt 0.406250 0.062500
vt 0.421875 0.062500
vt 0.437500 0.062500
vt 0.453125 0.062500
vt 0.468750 0.062500
vt 0.484375 0.062500
vt 0.500000 0.062500
vt 0.515625 0.062500
vt 0.531250 0.062500
vt 0.546875 0.062500
vt 0.562500 0.062500
vt 0.578125 0.062500
vt 0.593750 0.062500
vt 0.609375 0.062500
vt 0.625000 0.062500
vt 0.640625 0.062500
vt 0.656250 0.062500
vt 0.671875 0.062500
vt 0.687500 0.062500
vt 0.703125 0.062500
vt 0.718750 0.062500
vt 0.734375 0.062500
vt 0.750000 0.062500
vt 0.765625 0.062500
vt 0.781250 0.062500
vt 0.796875 0.062500
vt 0.812500 0.062500
vt 0.828125 0.062500
vt 0.843750 0.062500
vt 0.859375 0.062500
vt 0.875000 0.062500
vt 0.890625 0.062500
vt 0.906250 0.062500
vt 0.921875 0.062500
vt 0.937500 0.062500
vt 0.953125 0.062500
vt 0.968750 0.062500
vt 0.984375 0.062500
vt 0.031250 0.078125
vt 0.015625 0.078125
vt 0.046875 0.078125
vt 0.062500 0.078125
vt 0.078125 0.078125
vt 0.093750 0.078125
vt 0.109375 0.078125
vt 0.125000 0.078125
vt 0.140625 0.078125
vt 0.156250 0.078125
vt 0.171875 0.078125
vt 0.187500 0.078125
vt 0.203125 0.078125
vt 0.218750 0.078125
vt 0.234375 0.078125
vt 0.250000 0.078125
vt 0.265625 0.078125
vt 0.281250 0.078125
vt 0.296875 0.078125
vt 0.312500 0.078125
vt 0.328125 0.078125
vt 0.343750 0.078125
vt 0.359375 0.078125
vt 0.375000 0.078125
vt 0.390625 0.078125
vt 0.406250 0.078125
vt 0.421875 0.078125
vt 0.437500 0.078125
vt 0.453125 0.078125
vt 0.468750 0.078125
vt 0.484375 0.078125
vt 0.500000 0.078125
vt 0.515625 0.078125
vt 0.531250 0.078125
vt 0.546875 0.078125
vt 0.562500 0.078125
vt 0.578125 0.078125
vt 0.593750 0.078125
vt 0.609375 0.078125
vt 0.625000 0.078125
vt 0.640625 0.078125
vt 0.656250 0.078125
vt 0.671875 0.078125
vt 0.687500 0.078125
vt 0.703125 0.078125
vt 0.718750 0.078125
vt 0.734375 0.078125
vt 0.750000 0.078125
vt 0.765625 0.078125
vt 0.781250 0.078125
vt 0.796875 0.078125
vt 0.812500 0.078125
vt 0.828125 0.078125
vt 0.843750 0.078125
vt 0.859375 0.078125
vt 0.875000 0.078125
vt 0.890625 0.078125
vt 0.906250 0.078125
vt 0.921875 0.078125
vt 0.937500 0.078125
vt 0.953125 0.078125
vt 0.968750 0.078125
vt 0.984375 0.078125
vt 0.031250 0.093750
vt 0.015625 0.093750
vt 0.046875 0.093750
vt 0.062500 0.093750
vt 0.078125 0.093750
vt 0.093750 0.093750
vt 0.109375 0.093750
vt 0.125000 0.093750
vt 0.140625 0.093750
vt 0.156250 0.093750
vt 0.171875 0.093750
vt 0.187500 0.093750
vt 0.203125 0.093750
vt 0.218750 0.093750
vt 0.234375 0.093750
vt 0.250000 0.093750
vt 0.265625 0.093750
vt 0.281250 0.093750
vt 0.296875 0.093750
vt 0.312500 0.093750
vt 0.328125 0.093750
vt 0.343750 0.093750
vt 0.359375 0.093750
vt 0.375000 0.093750
vt 0.390625 0.093750
vt 0.406250 0.093750
vt 0.421875 0.093750
vt 0.437500 0.093750
vt 0.453125 0.093750
vt 0.468750 0.093750
vt 0.484375 0.093750
vt 0.500000 0.093750
vt 0.515625 0.093750
vt 0.531250 0.093750
vt 0.546875 0.093750
vt 0.562500 0.093750
vt 0.578125 0.093750
vt 0.593750 0.093750
vt 0.609375 0.093750
vt 0.625000 0.093750
vt 0.640625 0.093750
vt 0.656250 0.093750
vt 0.671875 0.093750
vt 0.687500 0.093750
vt 0.703125 0.093750
vt 0.718750 0.093750
vt 0.734375 0.093750
vt 0.750000 0.093750
vt 0.765625 0.093750
vt 0.781250 0.093750
vt 0.796875 0.093750
vt 0.812500 0.093750
vt 0.828125 0.093750
vt 0.843750 0.093750
vt 0.859375 0.093750
vt 0.875000 0.093750
vt 0.890625 0.093750
vt 0.906250 0.093750
vt 0.921875 0.093750
vt 0.937500 0.093750
vt 0.953125 0.093750
vt 0.968750 0.093750
vt 0.984375 0.093750
vt 0.031250 0.109375
vt 0.015625 0.109375
vt 0.046875 0.109375
vt 0.062500 0.109375
vt 0.078125 0.109375
vt 0.093750 0.109375
vt 0.109375 0.109375
vt 0.125000 0.109375
vt 0.140625 0.109375
vt 0.156250 0.109375
vt 0.171875 0.109375
vt 0.187500 0.109375
vt 0.203125 0.109375
vt 0.218750 0.109375
vt 0.234375 0.109375
vt 0.250000 0.109375
vt 0.265625 0.109375
vt 0.281250 0.109375
vt 0.296875 0.109375
vt 0.312500 0.109375
vt 0.328125 0.109375
vt 0.343750 0.109375
vt 0.359375 0.109375
vt 0.375000 0.109375
vt 0.390625 0.109375
vt 0.406250 0.109375
vt 0.421875 0.109375
vt 0.437500 0.109375
vt 0.453125 0.109375
vt 0.468750 0.109375
vt 0.484375 0.109375
vt 0.500000 0.109375
vt 0.515625 0.109375
vt 0.531250 0.109375
vt 0.546875 0.109375
vt 0.562500 0.109375
vt 0.578125 0.109375
vt 0.593750 0.109375
vt 0.609375 0.109375
vt 0.625000 0.109375
vt 0.640625 0.109375
vt 0.656250 0.109375
vt 0.671875 0.109375
vt 0.687500 0.109375
vt 0.703125 0.109375
vt 0.718750 0.109375
vt 0.734375 0.109375
vt 0.750000 0.109375
vt 0.765625 0.109375
vt 0.781250 0.109375
vt 0.796875 0.109375
vt 0.812500 0.109375
vt 0.828125 0.109375
vt 0.843750 0.109375
vt 0.859375 0.109375
vt 0.875000 0.109375
vt 0.890625 0.109375
vt 0.906250 0.109375
vt 0.921875 0.109375
vt 0.937500 0.109375
vt 0.953125 0.109375
vt 0.968750 0.109375
vt 0.984375 0.109375
vt 0.031250 0.125000
vt 0.015625 0.125000
vt 0.046875 0.125000
vt 0.062500 0.125000
vt 0.078125 0.125000
vt 0.093750 0.125000
vt 0.109375 0.125000
vt 0.125000 0.125000
vt 0.140625 0.125000
vt 0.156250 0.125000
vt 0.171875 0.125000
vt 0.187500 0.125000
vt 0.203125 0.125000
vt 0.218750 0.125000
vt 0.234375 0.125000
vt 0.250000 0.125000
vt 0.265625 0.125000
vt 0.281250 0.125000
vt 0.296875 0.125000
vt 0.312500 0.125000
vt 0.328125 0.125000
vt 0.343750 0.125000
vt 0.359375 0.125000
vt 0.375000 0.125000
vt 0.390625 0.125000
vt 0.406250 0.125000
vt 0.421875 0.125000
vt 0.437500 0.125000
vt 0.453125 0.125000
vt 0.468750 0.125000
vt 0.484375 0.125000
vt 0.500000 0.125000
vt 0.515625 0.125000
vt 0.531250 0.125000
vt 0.546875 0.125000
vt 0.562500 0.125000
vt 0.578125 0.125000
vt 0.593750 0.125000
vt 0.609375 0.125000
vt 0.625000 0.125000
vt 0.640625 0.125000
vt 0.656250 0.125000
vt 0.671875 0.125000
vt 0.687500 0.125000
vt 0.703125 0.125000
vt 0.718750 0.125000
vt 0.734375 0.125000
vt 0.750000 0.125000
vt 0.765625 0.125000
vt 0.781250 0.125000
vt 0.796875 0.125000
vt 0.812500 0.125000
vt 0.828125 0.125000
vt 0.843750 0.125000
vt 0.859375 0.125000
vt 0.875000 0.125000
vt 0.890625 0.125000
vt 0.906250 0.125000
vt 0.921875 0.125000
vt 0.937500 0.125000
vt 0.953125 0.125000
vt 0.968750 0.125000
vt 0.984375 0.125000
vt 0.031250 0.140625
vt 0.015625 0.140625
vt 0.046875 0.140625
vt 0.062500 0.140625
vt 0.078125 0.140625
vt 0.093750 0.140625
vt 0.109375 0.140625
vt 0.125000 0.140625
vt 0.140625 0.140625
vt 0.156250 0.140625
vt 0.171875 0.140625
vt 0.187500 0.140625
vt 0.203125 0.140625
vt 0.218750 0.140625
vt 0.234375 0.140625
vt 0.250000 0.140625
vt 0.265625 0.140625
vt 0.281250 0.140625
vt 0.296875 0.140625
vt 0.312500 0.140625
vt 0.328125 0.140625
vt 0.343750 0.140625
vt 0.359375 0.140625
vt 0.375000 0.140625
vt 0.390625 0.140625
vt 0.406250 0.140625
vt 0.421875 0.140625
vt 0.437500 0.140625
vt 0.453125 0.140625
vt 0.468750 0.140625
vt 0.484375 0.140625
vt 0.500000 0.140625
vt 0.515625 0.140625
vt 0.531250 0.140625
vt 0.546875 0.140625
vt 0.562500 0.140625
vt 0.578125 0.140625
vt 0.593750 0.140625
vt 0.609375 0.140625
vt 0.625000 0.140625
vt 0.640625 0.140625
vt 0.656250 0.140625
vt 0.671875 0.140625
vt 0.687500 0.140625
vt 0.703125 0.140625
vt 0.718750 0.140625
vt 0.734375 0.140625
vt 0.750000 0.140625
vt 0.765625 0.140625
vt 0.781250 0.140625
vt 0.796875 0.140625
vt 0.812500 0.140625
vt 0.828125 0.140625
vt 0.843750 0.140625
vt 0.859375 0.140625
vt 0.875000 0.140625
vt 0.890625 0.140625
vt 0.906250 0.140625
vt 0.921875 0.140625
vt 0.937500 0.140625
vt 0.953125 0.140625
vt 0.968750 0.140625
vt 0.984375 0.140625
vt 0.031250 0.156250
vt 0.015625 0.156250
vt 0.046875 0.156250
vt 0.062500 0.156250
vt 0.078125 0.156250
vt 0.093750 0.156250
vt 0.109375 0.156250
vt 0.125000 0.156250
vt 0.140625 0.156250
vt 0.156250 0.156250
vt 0.171875 0.156250
vt 0.187500 0.156250
vt 0.203125 0.156250
vt 0.218750 0.156250
vt 0.234375 0.156250
vt 0.250000 0.156250
vt 0.265625 0.156250
vt 0.281250 0.156250
vt 0.296875 0.156250
vt 0.312500 0.156250
vt 0.328125 0.156250
vt 0.343750 0.156250
vt 0.359375 0.156250
vt 0.375000 0.156250
vt 0.390625 0.156250
vt 0.406250 0.156250
vt 0.421875 0.156250
vt 0.437500 0.156250
vt 0.453125 0.156250
vt 0.468750 0.156250
vt 0.484375 0.156250
vt 0.500000 0.156250
vt 0.515625 0.156250
vt 0.531250 0.156250
vt 0.546875 0.156250
vt 0.562500 0.156250
vt 0.578125 0.156250
vt 0.593750 0.156250
vt 0.609375 0.156250
vt 0.625000 0.156250
vt 0.640625 0.156250
vt 0.656250 0.156250
vt 0.671875 0.156250
vt 0.687500 0.156250
vt 0.703125 0.156250
vt 0.718750 0.156250
vt 0.734375 0.156250
vt 0.750000 0.156250
vt 0.765625 0.156250
vt 0.781250 0.156250
vt 0.796875 0.156250
vt 0.812500 0.156250
vt 0.828125 0.156250
vt 0.843750 0.156250
vt 0.859375 0.156250
vt 0.875000 0.156250
vt 0.890625 0.156250
vt 0.906250 0.156250
vt 0.921875 0.156250
vt 0.937500 0.156250
vt 0.953125 0.156250
vt 0.968750 0.156250
vt 0.984375 0.156250
vt 0.031250 0.171875
vt 0.015625 0.171875
vt 0.046875 0.171875
vt 0.062500 0.171875
vt 0.078125 0.171875
vt 0.093750 0.171875
vt 0.109375 0.171875
vt 0.125000 0.171875
vt 0.140625 0.171875
vt 0.156250 0.171875
vt 0.171875 0.171875
vt 0.187500 0.171875
vt 0.203125 0.171875
vt 0.218750 0.171875
vt 0.234375 0.171875
vt 0.250000 0.171875
vt 0.265625 0.171875
vt 0.281250 0.171875
vt 0.296875 0.171875
vt 0.312500 0.171875
vt 0.328125 0.171875
vt 0.343750 0.171875
vt 0.359375 0.171875
vt 0.375000 0.171875
vt 0.390625 0.171875
vt 0.406250 0.171875
vt 0.421875 0.171875
vt 0.437500 0.171875
vt 0.453125 0.171875
vt 0.468750 0.171875
vt 0.484375 0.171875
vt 0.500000 0.171875
vt 0.515625 0.171875
vt 0.531250 0.171875
vt 0.546875 0.171875
vt 0.562500 0.171875
vt 0.578125 0.171875
vt 0.593750 0.171875
vt 0.609375 0.171875
vt 0.625000 0.171875
vt 0.640625 0.171875
vt 0.656250 0.171875
vt 0.671875 0.171875
vt 0.687500 0.171875
vt 0.703125 0.171875
vt 0.718750 0.171875
vt 0.734375 0.171875
vt 0.750000 0.171875
vt 0.765625 0.171875
vt 0.781250 0.171875
vt 0.796875 0.171875
vt 0.812500 0.171875
vt 0.828125 0.171875
vt 0.843750 0.171875
vt 0.859375 0.171875
vt 0.875000 0.171875
vt 0.890625 0.171875
vt 0.906250 0.171875
vt 0.921875 0.171875
vt 0.937500 0.171875
vt 0.953125 0.171875
vt 0.968750 0.171875
vt 0.984375 0.171875
vt 0.031250 0.187500
vt 0.015625 0.187500
vt 0.046875 0.187500
vt 0.062500 0.187500
vt 0.078125 0.187500
vt 0.093750 0.187500
vt 0.109375 0.187500
vt 0.125000 0.187500
vt 0.140625 0.187500
vt 0.156250 0.187500
vt 0.171875 0.187500
vt 0.187500 0.187500
vt 0.203125 0.187500
vt 0.218750 0.187500
vt 0.234375 0.187500
vt 0.250000 0.187500
vt 0.265625 0.187500
vt 0.281250 0.187500
vt 0.296875 0.187500
vt 0.312500 0.187500
vt 0.328125 0.187500
vt 0.343750 0.187500
vt 0.359375 0.187500
vt 0.375000 0.187500
vt 0.390625 0.187500
vt 0.406250 0.187500
vt 0.421875 0.187500
vt 0.437500 0.187500
vt 0.453125 0.187500
vt 0.468750 0.187500
vt 0.484375 0.187500
vt 0.500000 0.187500
vt 0.515625 0.187500
vt 0.531250 0.187500
vt 0.546875 0.187500
vt 0.562500 0.187500
vt 0.578125 0.187500
vt 0.593750 0.187500
vt 0.609375 0.187500
vt 0.625000 0.187500
vt 0.640625 0.187500
vt 0.656250 0.187500
vt 0.671875 0.187500
vt 0.687500 0.187500
vt 0.703125 0.187500
vt 0.718750 0.187500
vt 0.734375 0.187500
vt 0.750000 0.187500
vt 0.765625 0.187500
vt 0.781250 0.187500
vt 0.796875 0.187500
vt 0.812500 0.187500
vt 0.828125 0.187500
vt 0.843750 0.187500
vt 0.859375 0.187500
vt 0.875000 0.187500
vt 0.890625 0.187500
vt 0.906250 0.187500
vt 0.921875 0.187500
vt 0.937500 0.187500
vt 0.953125 0.187500
vt 0.968750 0.187500
vt 0.984375 0.187500
vt 0.031250 0.203125
vt 0.015625 0.203125
vt 0.046875 0.203125
vt 0.062500 0.203125
vt 0.078125 0.203125
vt 0.093750 0.203125
vt 0.109375 0.203125
vt 0.125000 0.203125
vt 0.140625 0.203125
vt 0.156250 0.203125
vt 0.171875 0.203125
vt 0.187500 0.203125
vt 0.203125 0.203125
vt 0.218750 0.203125
vt 0.234375 0.203125
vt 0.250000 0.203125
vt 0.265625 0.203125
vt 0.281250 0.203125
vt 0.296875 0.203125
vt 0.312500 0.203125
vt 0.328125 0.203125
vt 0.343750 0.203125
vt 0.359375 0.203125
vt 0.375000 0.203125
vt 0.390625 0.203125
vt 0.406250 0.203125
vt 0.421875 0.203125
vt 0.437500 0.203125
vt 0.453125 0.203125
vt 0.468750 0.203125
vt 0.484375 0.203125
vt 0.500000 0.203125
vt 0.515625 0.203125
vt 0.531250 0.203125
vt 0.546875 0.203125
vt 0.562500 0.203125
vt 0.578125 0.203125
vt 0.593750 0.203125
vt 0.609375 0.203125
vt 0.625000 0.203125
vt 0.640625 0.203125
vt 0.656250 0.203125
vt 0.671875 0.203125
vt 0.687500 0.203125
vt 0.703125 0.203125
vt 0.718750 0.203125
vt 0.734375 0.203125
vt 0.750000 0.203125
vt 0.765625 0.203125
vt 0.781250 0.203125
vt 0.796875 0.203125
vt 0.812500 0.203125
vt 0.828125 0.203125
vt 0.843750 0.203125
vt 0.859375 0.203125
vt 0.875000 0.203125
vt 0.890625 0.203125
vt 0.906250 0.203125
vt 0.921875 0.203125
vt 0.937500 0.203125
vt 0.953125 0.203125
vt 0.968750 0.203125
vt 0.984375 0.203125
vt 0.031250 0.218750
vt 0.015625 0.218750
vt 0.046875 0.218750
vt 0.062500 0.218750
vt 0.078125 0.218750
vt 0.093750 0.218750
vt 0.109375 0.218750
vt 0.125000 0.218750
vt 0.140625 0.218750
vt 0.156250 0.218750
vt 0.171875 0.218750
vt 0.187500 0.218750
vt 0.203125 0.218750
vt 0.218750 0.218750
vt 0.234375 0.218750
vt 0.250000 0.218750
vt 0.265625 0.218750
vt 0.281250 0.218750
vt 0.296875 0.218750
vt 0.312500 0.218750
vt 0.328125 0.218750
vt 0.343750 0.218750
vt 0.359375 0.218750
vt 0.375000 0.218750
vt 0.390625 0.218750
vt 0.406250 0.218750
vt 0.421875 0.218750
vt 0.437500 0.218750
vt 0.453125 0.218750
vt 0.468750 0.218750
vt 0.484375 0.218750
vt 0.500000 0.218750
vt 0.515625 0.218750
vt 0.531250 0.218750
vt 0.546875 0.218750
vt 0.562500 0.218750
vt 0.578125 0.218750
vt 0.593750 0.218750
vt 0.609375 0.218750
vt 0.625000 0.218750
vt 0.640625 0.218750
vt 0.656250 0.218750
vt 0.671875 0.218750
vt 0.687500 0.218750
vt 0.703125 0.218750
vt 0.718750 0.218750
vt 0.734375 0.218750
vt 0.750000 0.218750
vt 0.765625 0.218750
vt 0.781250 0.218750
vt 0.796875 0.218750
vt 0.812500 0.218750
vt 0.828125 0.218750
vt 0.843750 0.218750
vt 0.859375 0.218750
vt 0.875000 0.218750
vt 0.890625 0.218750
vt 0.906250 0.218750
vt 0.921875 0.218750
vt 0.937500 0.218750
vt 0.953125 0.218750
vt 0.968750 0.218750
vt 0.984375 0.218750
vt 0.031250 0.234375
vt 0.015625 0.234375
vt 0.046875 0.234375
vt 0.062500 0.234375
vt 0.078125 0.234375
vt 0.093750 0.234375
vt 0.109375 0.234375
vt 0.125000 0.234375
vt 0.140625 0.234375
vt 0.156250 0.234375
vt 0.171875 0.234375
vt 0.187500 0.234375
vt 0.203125 0.234375
vt 0.218750 0.234375
vt 0.234375 0.234375
vt 0.250000 0.234375
vt 0.265625 0.234375
vt 0.281250 0.234375
vt 0.296875 0.234375
vt 0.312500 0.234375
vt 0.328125 0.234375
vt 0.343750 0.234375
vt 0.359375 0.234375
vt 0.375000 0.234375
vt 0.390625 0.234375
vt 0.406250 0.234375
vt 0.421875 0.234375
vt 0.437500 0.234375
vt 0.453125 0.234375
vt 0.468750 0.234375
vt 0.484375 0.234375
vt 0.500000 0.234375
vt 0.515625 0.234375
vt 0.531250 0.234375
vt 0.546875 0.234375
vt 0.562500 0.234375
vt 0.578125 0.234375
vt 0.593750 0.234375
vt 0.609375 0.234375
vt 0.625000 0.234375
vt 0.640625 0.234375
vt 0.656250 0.234375
vt 0.671875 0.234375
vt 0.687500 0.234375
vt 0.703125 0.234375
vt 0.718750 0.234375
vt 0.734375 0.234375
vt 0.750000 0.234375
vt 0.765625 0.234375
vt 0.781250 0.234375
vt 0.796875 0.234375
vt 0.812500 0.234375
vt 0.828125 0.234375
vt 0.843750 0.234375
vt 0.859375 0.234375
vt 0.875000 0.234375
vt 0.890625 0.234375
vt 0.906250 0.234375
vt 0.921875 0.234375
vt 0.937500 0.234375
vt 0.953125 0.234375
vt 0.968750 0.234375
vt 0.984375 0.234375
vt 0.031250 0.250000
vt 0.015625 0.250000
vt 0.046875 0.250000
vt 0.062500 0.250000
vt 0.078125 0.250000
vt 0.093750 0.250000
vt 0.109375 0.250000
vt 0.125000 0.250000
vt 0.140625 0.250000
vt 0.156250 0.250000
vt 0.171875 0.250000
vt 0.187500 0.250000
vt 0.203125 0.250000
vt 0.218750 0.250000
vt 0.234375 0.250000
vt 0.250000 0.250000
vt 0.265625 0.250000
vt 0.281250 0.250000
vt 0.296875 0.250000
vt 0.312500 0.250000
vt 0.328125 0.250000
vt 0.343750 0.250000
vt 0.359375 0.250000
vt 0.375000 0.250000
vt 0.390625 0.250000
vt 0.406250 0.250000
vt 0.421875 0.250000
vt 0.437500 0.250000
vt 0.453125 0.250000
vt 0.468750 0.250000
vt 0.484375 0.250000
vt 0.500000 0.250000
vt 0.515625 0.250000
vt 0.531250 0.250000
vt 0.546875 0.250000
vt 0.562500 0.250000
vt 0.578125 0.250000
vt 0.593750 0.250000
vt 0.609375 0.250000
vt 0.625000 0.250000
vt 0.640625 0.250000
vt 0.656250 0.250000
vt 0.671875 0.250000
vt 0.687500 0.250000
vt 0.703125 0.250000
vt 0.718750 0.250000
vt 0.734375 0.250000
vt 0.750000 0.250000
vt 0.765625 0.250000
vt 0.781250 0.250000
vt 0.796875 0.250000
vt 0.812500 0.250000
vt 0.828125 0.250000
vt 0.843750 0.250000
vt 0.859375 0.250000
vt 0.875000 0.250000
vt 0.890625 0.250000
vt 0.906250 0.250000
vt 0.921875 0.250000
vt 0.937500 0.250000
vt 0.953125 0.250000
vt 0.968750 0.250000
vt 0.984375 0.250000
vt 0.031250 0.265625
vt 0.015625 0.265625
vt 0.046875 0.265625
vt 0.062500 0.265625
vt 0.078125 0.265625
vt 0.093750 0.265625
vt 0.109375 0.265625
vt 0.125000 0.265625
vt 0.140625 0.265625
vt 0.156250 0.265625
vt 0.171875 0.265625
vt 0.187500 0.265625
vt 0.203125 0.265625
vt 0.218750 0.265625
vt 0.234375 0.265625
vt 0.250000 0.265625
vt 0.265625 0.265625
vt 0.281250 0.265625
vt 0.296875 0.265625
vt 0.312500 0.265625
vt 0.328125 0.265625
vt 0.343750 0.265625
vt 0.359375 0.265625
vt 0.375000 0.265625
vt 0.390625 0.265625
vt 0.406250 0.265625
vt 0.421875 0.265625
vt 0.437500 0.265625
vt 0.453125 0.265625
vt 0.468750 0.265625
vt 0.484375 0.265625
vt 0.500000 0.265625
vt 0.515625 0.265625
vt 0.531250 0.265625
vt 0.546875 0.265625
vt 0.562500 0.265625
vt 0.578125 0.265625
vt 0.593750 0.265625
vt 0.609375 0.265625
vt 0.625000 0.265625
vt 0.640625 0.265625
vt 0.656250 0.265625
vt 0.671875 0.265625
vt 0.687500 0.265625
vt 0.703125 0.265625
vt 0.718750 0.265625
vt 0.734375 0.265625
vt 0.750000 0.265625
vt 0.765625 0.265625
vt 0.781250 0.265625
vt 0.796875 0.265625
vt 0.812500 0.265625
vt 0.828125 0.265625
vt 0.843750 0.265625
vt 0.859375 0.265625
vt 0.875000 0.265625
vt 0.890625 0.265625
vt 0.906250 0.265625
vt 0.921875 0.265625
vt 0.937500 0.265625
vt 0.953125 0.265625
vt 0.968750 0.265625
vt 0.984375 0.265625
vt 0.031250 0.281250
vt 0.015625 0.281250
vt 0.046875 0.281250
vt 0.062500 0.281250
vt 0.078125 0.281250
vt 0.093750 0.281250
vt 0.109375 0.281250
vt 0.125000 0.281250
vt 0.140625 0.281250
vt 0.156250 0.281250
vt 0.171875 0.281250
vt 0.187500 0.281250
vt 0.203125 0.281250
vt 0.218750 0.281250
vt 0.234375 0.281250
vt 0.250000 0.281250
vt 0.265625 0.281250
vt 0.281250 0.281250
vt 0.296875 0.281250
vt 0.312500 0.281250
vt 0.328125 0.281250
vt 0.343750 0.281250
vt 0.359375 0.281250
vt 0.375000 0.281250
vt 0.390625 0.281250
vt 0.406250 0.281250
vt 0.421875 0.281250
vt 0.437500 0.281250
vt 0.453125 0.281250
vt 0.468750 0.281250
vt 0.484375 0.281250
vt 0.500000 0.281250
vt 0.515625 0.281250
vt 0.531250 0.281250
vt 0.546875 0.281250
vt 0.562500 0.281250
vt 0.578125 0.281250
vt 0.593750 0.281250
vt 0.609375 0.281250
vt 0.625000 0.281250
vt 0.640625 0.281250
vt 0.656250 0.281250
vt 0.671875 0.281250
vt 0.687500 0.281250
vt 0.703125 0.281250
vt 0.718750 0.281250
vt 0.734375 0.281250
vt 0.750000 0.281250
vt 0.765625 0.281250
vt 0.781250 0.281250
vt 0.796875 0.281250
vt 0.812500 0.281250
vt 0.828125 0.281250
vt 0.843750 0.281250
vt 0.859375 0.281250
vt 0.875000 0.281250
vt 0.890625 0.281250
vt 0.906250 0.281250
vt 0.921875 0.281250
vt 0.937500 0.281250
vt 0.953125 0.281250
vt 0.968750 0.281250
vt 0.984375 0.281250
vt 0.031250 0.296875
vt 0.015625 0.296875
vt 0.046875 0.296875
vt 0.062500 0.296875
vt 0.078125 0.296875
vt 0.093750 0.296875
vt 0.109375 0.296875
vt 0.125000 0.296875
vt 0.140625 0.296875
vt 0.156250 0.296875
vt 0.171875 0.296875
vt 0.187500 0.296875
vt 0.203125 0.296875
vt 0.218750 0.296875
vt 0.234375 0.296875
vt 0.250000 0.296875
vt 0.265625 0.296875
vt 0.281250 0.296875
vt 0.296875 0.296875
vt 0.312500 0.296875
vt 0.328125 0.296875
vt 0.343750 0.296875
vt 0.359375 0.296875
vt 0.375000 0.296875
vt 0.390625 0.296875
vt 0.406250 0.296875
vt 0.421875 0.296875
vt 0.437500 0.296875
vt 0.453125 0.296875
vt 0.468750 0.296875
vt 0.484375 0.296875
vt 0.500000 0.296875
vt 0.515625 0.296875
vt 0.531250 0.296875
vt 0.546875 0.296875
vt 0.562500 0.296875
vt 0.578125 0.296875
vt 0.593750 0.296875
vt 0.609375 0.296875
vt 0.625000 0.296875
vt 0.640625 0.296875
vt 0.656250 0.296875
vt 0.671875 0.296875
vt 0.687500 0.296875
vt 0.703125 0.296875
vt 0.718750 0.296875
vt 0.734375 0.296875
vt 0.750000 0.296875
vt 0.765625 0.296875
vt 0.781250 0.296875
vt 0.796875 0.296875
vt 0.812500 0.296875
vt 0.828125 0.296875
vt 0.843750 0.296875
vt 0.859375 0.296875
vt 0.875000 0.296875
vt 0.890625 0.296875
vt 0.906250 0.296875
vt 0.921875 0.296875
vt 0.937500 0.296875
vt 0.953125 0.296875
vt 0.968750 0.296875
vt 0.984375 0.296875
vt 0.031250 0.312500
vt 0.015625 0.312500
vt 0.046875 0.312500
vt 0.062500 0.312500
vt 0.078125 0.312500
vt 0.093750 0.312500
vt 0.109375 0.312500
vt 0.125000 0.312500
vt 0.140625 0.312500
vt 0.156250 0.312500
vt 0.171875 0.312500
vt 0.187500 0.312500
vt 0.203125 0.312500
vt 0.218750 0.312500
vt 0.234375 0.312500
vt 0.250000 0.312500
vt 0.265625 0.312500
vt 0.281250 0.312500
vt 0.296875 0.312500
vt 0.312500 0.312500
vt 0.328125 0.312500
vt 0.343750 0.312500
vt 0.359375 0.312500
vt 0.375000 0.312500
vt 0.390625 0.312500
vt 0.406250 0.312500
vt 0.421875 0.312500
vt 0.437500 0.312500
vt 0.453125 0.312500
vt 0.468750 0.312500
vt 0.484375 0.312500
vt 0.500000 0.312500
vt 0.515625 0.312500
vt 0.531250 0.312500
vt 0.546875 0.312500
vt 0.562500 0.312500
vt 0.578125 0.312500
vt 0.593750 0.312500
vt 0.609375 0.312500
vt 0.625000 0.312500
vt 0.640625 0.312500
vt 0.656250 0.312500
vt 0.671875 0.312500
vt 0.687500 0.312500
vt 0.703125 0.312500
vt 0.718750 0.312500
vt 0.734375 0.312500
vt 0.750000 0.312500
vt 0.765625 0.312500
vt 0.781250 0.312500
vt 0.796875 0.312500
vt 0.812500 0.312500
vt 0.828125 0.312500
vt 0.843750 0.312500
vt 0.859375 0.312500
vt 0.875000 0.312500
vt 0.890625 0.312500
vt 0.906250 0.312500
vt 0.921875 0.312500
vt 0.937500 0.312500
vt 0.953125 0.312500
vt 0.968750 0.312500
vt 0.984375 0.312500
vt 0.031250 0.328125
vt 0.015625 0.328125
vt 0.046875 0.328125
vt 0.062500 0.328125
vt 0.078125 0.328125
vt 0.093750 0.328125
vt 0.109375 0.328125
vt 0.125000 0.328125
vt 0.140625 0.328125
vt 0.156250 0.328125
vt 0.171875 0.328125
vt 0.187500 0.328125
vt 0.203125 0.328125
vt 0.218750 0.328125
vt 0.234375 0.328125
vt 0.250000 0.328125
vt 0.265625 0.328125
vt 0.281250 0.328125
vt 0.296875 0.328125
vt 0.312500 0.328125
vt 0.328125 0.328125
vt 0.343750 0.328125
vt 0.359375 0.328125
vt 0.375000 0.328125
vt 0.390625 0.328125
vt 0.406250 0.328125
vt 0.421875 0.328125
vt 0.437500 0.328125
vt 0.453125 0.328125
vt 0.468750 0.328125
vt 0.484375 0.328125
vt 0.500000 0.328125
vt 0.515625 0.328125
vt 0.531250 0.328125
vt 0.546875 0.328125
vt 0.562500 0.328125
vt 0.578125 0.328125
vt 0.593750 0.328125
vt 0.609375 0.328125
vt 0.625000 0.328125
vt 0.640625 0.328125
vt 0.656250 0.328125
vt 0.671875 0.328125
vt 0.687500 0.328125
vt 0.703125 0.328125
vt 0.718750 0.328125
vt 0.734375 0.328125
vt 0.750000 0.328125
vt 0.765625 0.328125
vt 0.781250 0.328125
vt 0.796875 0.328125
vt 0.812500 0.328125
vt 0.828125 0.328125
vt 0.843750 0.328125
vt 0.859375 0.328125
vt 0.875000 0.328125
vt 0.890625 0.328125
vt 0.906250 0.328125
vt 0.921875 0.328125
vt 0.937500 0.328125
vt 0.953125 0.328125
vt 0.968750 0.328125
vt 0.984375 0.328125
vt 0.031250 0.343750
vt 0.015625 0.343750
vt 0.046875 0.343750
vt 0.062500 0.343750
vt 0.078125 0.343750
vt 0.093750 0.343750
vt 0.109375 0.343750
vt 0.125000 0.343750
vt 0.140625 0.343750
vt 0.156250 0.343750
vt 0.171875 0.343750
vt 0.187500 0.343750
vt 0.203125 0.343750
vt 0.218750 0.343750
vt 0.234375 0.343750
vt 0.250000 0.343750
vt 0.265625 0.343750
vt 0.281250 0.343750
vt 0.296875 0.343750
vt 0.312500 0.343750
vt 0.328125 0.343750
vt 0.343750 0.343750
vt 0.359375 0.343750
vt 0.375000 0.343750
vt 0.390625 0.343750
vt 0.406250 0.343750
vt 0.421875 0.343750
vt 0.437500 0.343750
vt 0.453125 0.343750
vt 0.468750 0.343750
vt 0.484375 0.343750
vt 0.500000 0.343750
vt 0.515625 0.343750
vt 0.531250 0.343750
vt 0.546875 0.343750
vt 0.562500 0.343750
vt 0.578125 0.343750
vt 0.593750 0.343750
vt 0.609375 0.343750
vt 0.625000 0.343750
vt 0.640625 0.343750
vt 0.656250 0.343750
vt 0.671875 0.343750
vt 0.687500 0.343750
vt 0.703125 0.343750
vt 0.718750 0.343750
vt 0.734375 0.343750
vt 0.750000 0.343750
vt 0.765625 0.343750
vt 0.781250 0.343750
vt 0.796875 0.343750
vt 0.812500 0.343750
vt 0.828125 0.343750
vt 0.843750 0.343750
vt 0.859375 0.343750
vt 0.875000 0.343750
vt 0.890625 0.343750
vt 0.906250 0.343750
vt 0.921875 0.343750
vt 0.937500 0.343750
vt 0.953125 0.343750
vt 0.968750 0.343750
vt 0.984375 0.343750
vt 0.031250 0.359375
vt 0.015625 0.359375
vt 0.046875 0.359375
vt 0.062500 0.359375
vt 0.078125 0.359375
vt 0.093750 0.359375
vt 0.109375 0.359375
vt 0.125000 0.359375
vt 0.140625 0.359375
vt 0.156250 0.359375
vt 0.171875 0.359375
vt 0.187500 0.359375
vt 0.203125 0.359375
vt 0.218750 0.359375
vt 0.234375 0.359375
vt 0.250000 0.359375
vt 0.265625 0.359375
vt 0.281250 0.359375
vt 0.296875 0.359375
vt 0.312500 0.359375
vt 0.328125 0.359375
vt 0.343750 0.359375
vt 0.359375 0.359375
vt 0.375000 0.359375
vt 0.390625 0.359375
vt 0.406250 0.359375
vt 0.421875 0.359375
vt 0.437500 0.359375
vt 0.453125 0.359375
vt 0.468750 0.359375
vt 0.484375 0.359375
vt 0.500000 0.359375
vt 0.515625 0.359375
vt 0.531250 0.359375
vt 0.546875 0.359375
vt 0.562500 0.359375
vt 0.578125 0.359375
vt 0.593750 0.359375
vt 0.609375 0.359375
vt 0.625000 0.359375
vt 0.640625 0.359375
vt 0.656250 0.359375
vt 0.671875 0.359375
vt 0.687500 0.359375
vt 0.703125 0.359375
vt 0.718750 0.359375
vt 0.734375 0.359375
vt 0.750000 0.359375
vt 0.765625 0.359375
vt 0.781250 0.359375
vt 0.796875 0.359375
vt 0.812500 0.359375
vt 0.828125 0.359375
vt 0.843750 0.359375
vt 0.859375 0.359375
vt 0.875000 0.359375
vt 0.890625 0.359375
vt 0.906250 0.359375
vt 0.921875 0.359375
vt 0.937500 0.359375
vt 0.953125 0.359375
vt 0.968750 0.359375
vt 0.984375 0.359375
vt 0.031250 0.375000
vt 0.015625 0.375000
vt 0.046875 0.375000
vt 0.062500 0.375000
vt 0.078125 0.375000
vt 0.093750 0.375000
vt 0.109375 0.375000
vt 0.125000 0.375000
vt 0.140625 0.375000
vt 0.156250 0.375000
vt 0.171875 0.375000
vt 0.187500 0.375000
vt 0.203125 0.375000
vt 0.218750 0.375000
vt 0.234375 0.375000
vt 0.250000 0.375000
vt 0.265625 0.375000
vt 0.281250 0.375000
vt 0.296875 0.375000
vt 0.312500 0.375000
vt 0.328125 0.375000
vt 0.343750 0.375000
vt 0.359375 0.375000
vt 0.375000 0.375000
vt 0.390625 0.375000
vt 0.406250 0.375000
vt 0.421875 0.375000
vt 0.437500 0.375000
vt 0.453125 0.375000
vt 0.468750 0.375000
vt 0.484375 0.375000
vt 0.500000 0.375000
vt 0.515625 0.375000
vt 0.531250 0.375000
vt 0.546875 0.375000
vt 0.562500 0.375000
vt 0.578125 0.375000
vt 0.593750 0.375000
vt 0.609375 0.375000
vt 0.625000 0.375000
vt 0.640625 0.375000
vt 0.656250 0.375000
vt 0.671875 0.375000
vt 0.687500 0.375000
vt 0.703125 0.375000
vt 0.718750 0.375000
vt 0.734375 0.375000
vt 0.750000 0.375000
vt 0.765625 0.375000
vt 0.781250 0.375000
vt 0.796875 0.375000
vt 0.812500 0.375000
vt 0.828125 0.375000
vt 0.843750 0.375000
vt 0.859375 0.375000
vt 0.875000 0.375000
vt 0.890625 0.375000
vt 0.906250 0.375000
vt 0.921875 0.375000
vt 0.937500 0.375000
vt 0.953125 0.375000
vt 0.968750 0.375000
vt 0.984375 0.375000
vt 0.031250 0.390625
vt 0.015625 0.390625
vt 0.046875 0.390625
vt 0.062500 0.390625
vt 0.078125 0.390625
vt 0.093750 0.390625
vt 0.109375 0.390625
vt 0.125000 0.390625
vt 0.140625 0.390625
vt 0.156250 0.390625
vt 0.171875 0.390625
vt 0.187500 0.390625
vt 0.203125 0.390625
vt 0.218750 0.390625
vt 0.234375 0.390625
vt 0.250000 0.390625
vt 0.265625 0.390625
vt 0.281250 0.390625
vt 0.296875 0.390625
vt 0.312500 0.390625
vt 0.328125 0.390625
vt 0.343750 0.390625
vt 0.359375 0.390625
vt 0.375000 0.390625
vt 0.390625 0.390625
vt 0.406250 0.390625
vt 0.421875 0.390625
vt 0.437500 0.390625
vt 0.453125 0.390625
vt 0.468750 0.390625
vt 0.484375 0.390625
vt 0.500000 0.390625
vt 0.515625 0.390625
vt 0.531250 0.390625
vt 0.546875 0.390625
vt 0.562500 0.390625
vt 0.578125 0.390625
vt 0.593750 0.390625
vt 0.609375 0.390625
vt 0.625000 0.390625
vt 0.640625 0.390625
vt 0.656250 0.390625
vt 0.671875 0.390625
vt 0.687500 0.390625
vt 0.703125 0.390625
vt 0.718750 0.390625
vt 0.734375 0.390625
vt 0.750000 0.390625
vt 0.765625 0.390625
vt 0.781250 0.390625
vt 0.796875 0.390625
vt 0.812500 0.390625
vt 0.828125 0.390625
vt 0.843750 0.390625
vt 0.859375 0.390625
vt 0.875000 0.390625
vt 0.890625 0.390625
vt 0.906250 0.390625
vt 0.921875 0.390625
vt 0.937500 0.390625
vt 0.953125 0.390625
vt 0.968750 0.390625
vt 0.984375 0.390625
vt 0.031250 0.406250
vt 0.015625 0.406250
vt 0.046875 0.406250
vt 0.062500 0.406250
vt 0.078125 0.406250
vt 0.093750 0.406250
vt 0.109375 0.406250
vt 0.125000 0.406250
vt 0.140625 0.406250
vt 0.156250 0.406250
vt 0.171875 0.406250
vt 0.187500 0.406250
vt 0.203125 0.406250
vt 0.218750 0.406250
vt 0.234375 0.406250
vt 0.250000 0.406250
vt 0.265625 0.406250
vt 0.281250 0.406250
vt 0.296875 0.406250
vt 0.312500 0.406250
vt 0.328125 0.406250
vt 0.343750 0.406250
vt 0.359375 0.406250
vt 0.375000 0.406250
vt 0.390625 0.406250
vt 0.406250 0.406250
vt 0.421875 0.406250
vt 0.437500 0.406250
vt 0.453125 0.406250
vt 0.468750 0.406250
vt 0.484375 0.406250
vt 0.500000 0.406250
vt 0.515625 0.406250
vt 0.531250 0.406250
vt 0.546875 0.406250
vt 0.562500 0.406250
vt 0.578125 0.406250
vt 0.593750 0.406250
vt 0.609375 0.406250
vt 0.625000 0.406250
vt 0.640625 0.406250
vt 0.656250 0.406250
vt 0.671875 0.406250
vt 0.687500 0.406250
vt 0.703125 0.406250
vt 0.718750 0.406250
vt 0.734375 0.406250
vt 0.750000 0.406250
vt 0.765625 0.406250
vt 0.781250 0.406250
vt 0.796875 0.406250
vt 0.812500 0.406250
vt 0.828125 0.406250
vt 0.843750 0.406250
vt 0.859375 0.406250
vt 0.875000 0.406250
vt 0.890625 0.406250
vt 0.906250 0.406250
vt 0.921875 0.406250
vt 0.937500 0.406250
vt 0.953125 0.406250
vt 0.968750 0.406250
vt 0.984375 0.406250
vt 0.031250 0.421875
vt 0.015625 0.421875
vt 0.046875 0.421875
vt 0.062500 0.421875
vt 0.078125 0.421875
vt 0.093750 0.421875
vt 0.109375 0.421875
vt 0.125000 0.421875
vt 0.140625 0.421875
vt 0.156250 0.421875
vt 0.171875 0.421875
vt 0.187500 0.421875
vt 0.203125 0.421875
vt 0.218750 0.421875
vt 0.234375 0.421875
vt 0.250000 0.421875
vt 0.265625 0.421875
vt 0.281250 0.421875
vt 0.296875 0.421875
vt 0.312500 0.421875
vt 0.328125 0.421875
vt 0.343750 0.421875
vt 0.359375 0.421875
vt 0.375000 0.421875
vt 0.390625 0.421875
vt 0.406250 0.421875
vt 0.421875 0.421875
vt 0.437500 0.421875
vt 0.453125 0.421875
vt 0.468750 0.421875
vt 0.484375 0.421875
vt 0.500000 0.421875
vt 0.515625 0.421875
vt 0.531250 0.421875
vt 0.546875 0.421875
vt 0.562500 0.421875
vt 0.578125 0.421875
vt 0.593750 0.421875
vt 0.609375 0.421875
vt 0.625000 0.421875
vt 0.640625 0.421875
vt 0.656250 0.421875
vt 0.671875 0.421875
vt 0.687500 0.421875
vt 0.703125 0.421875
vt 0.718750 0.421875
vt 0.734375 0.421875
vt 0.750000 0.421875
vt 0.765625 0.421875
vt 0.781250 0.421875
vt 0.796875 0.421875
vt 0.812500 0.421875
vt 0.828125 0.421875
vt 0.843750 0.421875
vt 0.859375 0.421875
vt 0.875000 0.421875
vt 0.890625 0.421875
vt 0.906250 0.421875
vt 0.921875 0.421875
vt 0.937500 0.421875
vt 0.953125 0.421875
vt 0.968750 0.421875
vt 0.984375 0.421875
vt 0.031250 0.437500
vt 0.015625 0.437500
vt 0.046875 0.437500
vt 0.062500 0.437500
vt 0.078125 0.437500
vt 0.093750 0.437500
vt 0.109375 0.437500
vt 0.125000 0.437500
vt 0.140625 0.437500
vt 0.156250 0.437500
vt 0.171875 0.437500
vt 0.187500 0.437500
vt 0.203125 0.437500
vt 0.218750 0.437500
vt 0.234375 0.437500
vt 0.250000 0.437500
vt 0.265625 0.437500
vt 0.281250 0.437500
vt 0.296875 0.437500
vt 0.312500 0.437500
vt 0.328125 0.437500
vt 0.343750 0.437500
vt 0.359375 0.437500
vt 0.375000 0.437500
vt 0.390625 0.437500
vt 0.406250 0.437500
vt 0.421875 0.437500
vt 0.437500 0.437500
vt 0.453125 0.437500
vt 0.468750 0.437500
vt 0.484375 0.437500
vt 0.500000 0.437500
vt 0.515625 0.437500
vt 0.531250 0.437500
vt 0.546875 0.437500
vt 0.562500 0.437500
vt 0.578125 0.437500
vt 0.593750 0.437500
vt 0.609375 0.437500
vt 0.625000 0.437500
vt 0.640625 0.437500
vt 0.656250 0.437500
vt 0.671875 0.437500
vt 0.687500 0.437500
vt 0.703125 0.437500
vt 0.718750 0.437500
vt 0.734375 0.437500
vt 0.750000 0.437500
vt 0.765625 0.437500
vt 0.781250 0.437500
vt 0.796875 0.437500
vt 0.812500 0.437500
vt 0.828125 0.437500
vt 0.843750 0.437500
vt 0.859375 0.437500
vt 0.875000 0.437500
vt 0.890625 0.437500
vt 0.906250 0.437500
vt 0.921875 0.437500
vt 0.937500 0.437500
vt 0.953125 0.437500
vt 0.968750 0.437500
vt 0.984375 0.437500
vt 0.031250 0.453125
vt 0.015625 0.453125
vt 0.046875 0.453125
vt 0.062500 0.453125
vt 0.078125 0.453125
vt 0.093750 0.453125
vt 0.109375 0.453125
vt 0.125000 0.453125
vt 0.140625 0.453125
vt 0.156250 0.453125
vt 0.171875 0.453125
vt 0.187500 0.453125
vt 0.203125 0.453125
vt 0.218750 0.453125
vt 0.234375 0.453125
vt 0.250000 0.453125
vt 0.265625 0.453125
vt 0.281250 0.453125
vt 0.296875 0.453125
vt 0.312500 0.453125
vt 0.328125 0.453125
vt 0.343750 0.453125
vt 0.359375 0.453125
vt 0.375000 0.453125
vt 0.390625 0.453125
vt 0.406250 0.453125
vt 0.421875 0.453125
vt 0.437500 0.453125
vt 0.453125 0.453125
vt 0.468750 0.453125
vt 0.484375 0.453125
vt 0.500000 0.453125
vt 0.515625 0.453125
vt 0.531250 0.453125
vt 0.546875 0.453125
vt 0.562500 0.453125
vt 0.578125 0.453125
vt 0.593750 0.453125
vt 0.609375 0.453125
vt 0.625000 0.453125
vt 0.640625 0.453125
vt 0.656250 0.453125
vt 0.671875 0.453125
vt 0.687500 0.453125
vt 0.703125 0.453125
vt 0.718750 0.453125
vt 0.734375 0.453125
vt 0.750000 0.453125
vt 0.765625 0.453125
vt 0.781250 0.453125
vt 0.796875 0.453125
vt 0.812500 0.453125
vt 0.828125 0.453125
vt 0.843750 0.453125
vt 0.859375 0.453125
vt 0.875000 0.453125
vt 0.890625 0.453125
vt 0.906250 0.453125
vt 0.921875 0.453125
vt 0.937500 0.453125
vt 0.953125 0.453125
vt 0.968750 0.453125
vt 0.984375 0.453125
vt 0.031250 0.468750
vt 0.015625 0.468750
vt 0.046875 0.468750
vt 0.062500 0.468750
vt 0.078125 0.468750
vt 0.093750 0.468750
vt 0.109375 0.468750
vt 0.125000 0.468750
vt 0.140625 0.468750
vt 0.156250 0.468750
vt 0.171875 0.468750
vt 0.187500 0.468750
vt 0.203125 0.468750
vt 0.218750 0.468750
vt 0.234375 0.468750
vt 0.250000 0.468750
vt 0.265625 0.468750
vt 0.281250 0.468750
vt 0.296875 0.468750
vt 0.312500 0.468750
vt 0.328125 0.468750
vt 0.343750 0.468750
vt 0.359375 0.468750
vt 0.375000 0.468750
vt 0.390625 0.468750
vt 0.406250 0.468750
vt 0.421875 0.468750
vt 0.437500 0.468750
vt 0.453125 0.468750
vt 0.468750 0.468750
vt 0.484375 0.468750
vt 0.500000 0.468750
vt 0.515625 0.468750
vt 0.531250 0.468750
vt 0.546875 0.468750
vt 0.562500 0.468750
vt 0.578125 0.468750
vt 0.593750 0.468750
vt 0.609375 0.468750
vt 0.625000 0.468750
vt 0.640625 0.468750
vt 0.656250 0.468750
vt 0.671875 0.468750
vt 0.687500 0.468750
vt 0.703125 0.468750
vt 0.718750 0.468750
vt 0.734375 0.468750
vt 0.750000 0.468750
vt 0.765625 0.468750
vt 0.781250 0.468750
vt 0.796875 0.468750
vt 0.812500 0.468750
vt 0.828125 0.468750
vt 0.843750 0.468750
vt 0.859375 0.468750
vt 0.875000 0.468750
vt 0.890625 0.468750
vt 0.906250 0.468750
vt 0.921875 0.468750
vt 0.937500 0.468750
vt 0.953125 0.468750
vt 0.968750 0.468750
vt 0.984375 0.468750
vt 0.031250 0.484375
vt 0.015625 0.484375
vt 0.046875 0.484375
vt 0.062500 0.484375
vt 0.078125 0.484375
vt 0.093750 0.484375
vt 0.109375 0.484375
vt 0.125000 0.484375
vt 0.140625 0.484375
vt 0.156250 0.484375
vt 0.171875 0.484375
vt 0.187500 0.484375
vt 0.203125 0.484375
vt 0.218750 0.484375
vt 0.234375 0.484375
vt 0.250000 0.484375
vt 0.265625 0.484375
vt 0.281250 0.484375
vt 0.296875 0.484375
vt 0.312500 0.484375
vt 0.328125 0.484375
vt 0.343750 0.484375
vt 0.359375 0.484375
vt 0.375000 0.484375
vt 0.390625 0.484375
vt 0.406250 0.484375
vt 0.421875 0.484375
vt 0.437500 0.484375
vt 0.453125 0.484375
vt 0.468750 0.484375
vt 0.484375 0.484375
vt 0.500000 0.484375
vt 0.515625 0.484375
vt 0.531250 0.484375
vt 0.546875 0.484375
vt 0.562500 0.484375
vt 0.578125 0.484375
vt 0.593750 0.484375
vt 0.609375 0.484375
vt 0.625000 0.484375
vt 0.640625 0.484375
vt 0.656250 0.484375
vt 0.671875 0.484375
vt 0.687500 0.484375
vt 0.703125 0.484375
vt 0.718750 0.484375
vt 0.734375 0.484375
vt 0.750000 0.484375
vt 0.765625 0.484375
vt 0.781250 0.484375
vt 0.796875 0.484375
vt 0.812500 0.484375
vt 0.828125 0.484375
vt 0.843750 0.484375
vt 0.859375 0.484375
vt 0.875000 0.484375
vt 0.890625 0.484375
vt 0.906250 0.484375
vt 0.921875 0.484375
vt 0.937500 0.484375
vt 0.953125 0.484375
vt 0.968750 0.484375
vt 0.984375 0.484375
vt 0.031250 0.500000
vt 0.015625 0.500000
vt 0.046875 0.500000
vt 0.062500 0.500000
vt 0.078125 0.500000
vt 0.093750 0.500000
vt 0.109375 0.500000
vt 0.125000 0.500000
vt 0.140625 0.500000
vt 0.156250 0.500000
vt 0.171875 0.500000
vt 0.187500 0.500000
vt 0.203125 0.500000
vt 0.218750 0.500000
vt 0.234375 0.500000
vt 0.250000 0.500000
vt 0.265625 0.500000
vt 0.281250 0.500000
vt 0.296875 0.500000
vt 0.312500 0.500000
vt 0.328125 0.500000
vt 0.343750 0.500000
vt 0.359375 0.500000
vt 0.375000 0.500000
vt 0.390625 0.500000
vt 0.406250 0.500000
vt 0.421875 0.500000
vt 0.437500 0.500000
vt 0.453125 0.500000
vt 0.468750 0.500000
vt 0.484375 0.500000
vt 0.500000 0.500000
vt 0.515625 0.500000
vt 0.531250 0.500000
vt 0.546875 0.500000
vt 0.562500 0.500000
vt 0.578125 0.500000
vt 0.593750 0.500000
vt 0.609375 0.500000
vt 0.625000 0.500000
vt 0.640625 0.500000
vt 0.656250 0.500000
vt 0.671875 0.500000
vt 0.687500 0.500000
vt 0.703125 0.500000
vt 0.718750 0.500000
vt 0.734375 0.500000
vt 0.750000 0.500000
vt 0.765625 0.500000
vt 0.781250 0.500000
vt 0.796875 0.500000
vt 0.812500 0.500000
vt 0.828125 0.500000
vt 0.843750 0.500000
vt 0.859375 0.500000
vt 0.875000 0.500000
vt 0.890625 0.500000
vt 0.906250 0.500000
vt 0.921875 0.500000
vt 0.937500 0.500000
vt 0.953125 0.500000
vt 0.968750 0.500000
vt 0.984375 0.500000
vt 0.031250 0.515625
vt 0.015625 0.515625
vt 0.046875 0.515625
vt 0.062500 0.515625
vt 0.078125 0.515625
vt 0.093750 0.515625
vt 0.109375 0.515625
vt 0.125000 0.515625
vt 0.140625 0.515625
vt 0.156250 0.515625
vt 0.171875 0.515625
vt 0.187500 0.515625
vt 0.203125 0.515625
vt 0.218750 0.515625
vt 0.234375 0.515625
vt 0.250000 0.515625
vt 0.265625 0.515625
vt 0.281250 0.515625
vt 0.296875 0.515625
vt 0.312500 0.515625
vt 0.328125 0.515625
vt 0.343750 0.515625
vt 0.359375 0.515625
vt 0.375000 0.515625
vt 0.390625 0.515625
vt 0.406250 0.515625
vt 0.421875 0.515625
vt 0.437500 0.515625
vt 0.453125 0.515625
vt 0.468750 0.515625
vt 0.484375 0.515625
vt 0.500000 0.515625
vt 0.515625 0.515625
vt 0.531250 0.515625
vt 0.546875 0.515625
vt 0.562500 0.515625
vt 0.578125 0.515625
vt 0.593750 0.515625
vt 0.609375 0.515625
vt 0.625000 0.515625
vt 0.640625 0.515625
vt 0.656250 0.515625
vt 0.671875 0.515625
vt 0.687500 0.515625
vt 0.703125 0.515625
vt 0.718750 0.515625
vt 0.734375 0.515625
vt 0.750000 0.515625
vt 0.765625 0.515625
vt 0.781250 0.515625
vt 0.796875 0.515625
vt 0.812500 0.515625
vt 0.828125 0.515625
vt 0.843750 0.515625
vt 0.859375 0.515625
vt 0.875000 0.515625
vt 0.890625 0.515625
vt 0.906250 0.515625
vt 0.921875 0.515625
vt 0.937500 0.515625
vt 0.953125 0.515625
vt 0.968750 0.515625
vt 0.984375 0.515625
vt 0.031250 0.531250
vt 0.015625 0.531250
vt 0.046875 0.531250
vt 0.062500 0.531250
vt 0.078125 0.531250
vt 0.093750 0.531250
vt 0.109375 0.531250
vt 0.125000 0.531250
vt 0.140625 0.531250
vt 0.156250 0.531250
vt 0.171875 0.531250
vt 0.187500 0.531250
vt 0.203125 0.531250
vt 0.218750 0.531250
vt 0.234375 0.531250
vt 0.250000 0.531250
vt 0.265625 0.531250
vt 0.281250 0.531250
vt 0.296875 0.531250
vt 0.312500 0.531250
vt 0.328125 0.531250
vt 0.343750 0.531250
vt 0.359375 0.531250
vt 0.375000 0.531250
vt 0.390625 0.531250
vt 0.406250 0.531250
vt 0.421875 0.531250
vt 0.437500 0.531250
vt 0.453125 0.531250
vt 0.468750 0.531250
vt 0.484375 0.531250
vt 0.500000 0.531250
vt 0.515625 0.531250
vt 0.531250 0.531250
vt 0.546875 0.531250
vt 0.562500 0.531250
vt 0.578125 0.531250
vt 0.593750 0.531250
vt 0.609375 0.531250
vt 0.625000 0.531250
vt 0.640625 0.531250
vt 0.656250 0.531250
vt 0.671875 0.531250
vt 0.687500 0.531250
vt 0.703125 0.531250
vt 0.718750 0.531250
vt 0.734375 0.531250
vt 0.750000 0.531250
vt 0.765625 0.531250
vt 0.781250 0.531250
vt 0.796875 0.531250
vt 0.812500 0.531250
vt 0.828125 0.531250
vt 0.843750 0.531250
vt 0.859375 0.531250
vt 0.875000 0.531250
vt 0.890625 0.531250
vt 0.906250 0.531250
vt 0.921875 0.531250
vt 0.937500 0.531250
vt 0.953125 0.531250
vt 0.968750 0.531250
vt 0.984375 0.531250
vt 0.031250 0.546875
vt 0.015625 0.546875
vt 0.046875 0.546875
vt 0.062500 0.546875
vt 0.078125 0.546875
vt 0.093750 0.546875
vt 0.109375 0.546875
vt 0.125000 0.546875
vt 0.140625 0.546875
vt 0.156250 0.546875
vt 0.171875 0.546875
vt 0.187500 0.546875
vt 0.203125 0.546875
vt 0.218750 0.546875
vt 0.234375 0.546875
vt 0.250000 0.546875
vt 0.265625 0.546875
vt 0.281250 0.546875
vt 0.296875 0.546875
vt 0.312500 0.546875
vt 0.328125 0.546875
vt 0.343750 0.546875
vt 0.359375 0.546875
vt 0.375000 0.546875
vt 0.390625 0.546875
vt 0.406250 0.546875
vt 0.421875 0.546875
vt 0.437500 0.546875
vt 0.453125 0.546875
vt 0.468750 0.546875
vt 0.484375 0.546875
vt 0.500000 0.546875
vt 0.515625 0.546875
vt 0.531250 0.546875
vt 0.546875 0.546875
vt 0.562500 0.546875
vt 0.578125 0.546875
vt 0.593750 0.546875
vt 0.609375 0.546875
vt 0.625000 0.546875
vt 0.640625 0.546875
vt 0.656250 0.546875
vt 0.671875 0.546875
vt 0.687500 0.546875
vt 0.703125 0.546875
vt 0.718750 0.546875
vt 0.734375 0.546875
vt 0.750000 0.546875
vt 0.765625 0.546875
vt 0.781250 0.546875
vt 0.796875 0.546875
vt 0.812500 0.546875
vt 0.828125 0.546875
vt 0.843750 0.546875
vt 0.859375 0.546875
vt 0.875000 0.546875
vt 0.890625 0.546875
vt 0.906250 0.546875
vt 0.921875 0.546875
vt 0.937500 0.546875
vt 0.953125 0.546875
vt 0.968750 0.546875
vt 0.984375 0.546875
vt 0.031250 0.562500
vt 0.015625 0.562500
vt 0.046875 0.562500
vt 0.062500 0.562500
vt 0.078125 0.562500
vt 0.093750 0.562500
vt 0.109375 0.562500
vt 0.125000 0.562500
vt 0.140625 0.562500
vt 0.156250 0.562500
vt 0.171875 0.562500
vt 0.187500 0.562500
vt 0.203125 0.562500
vt 0.218750 0.562500
vt 0.234375 0.562500
vt 0.250000 0.562500
vt 0.265625 0.562500
vt 0.281250 0.562500
vt 0.296875 0.562500
vt 0.312500 0.562500
vt 0.328125 0.562500
vt 0.343750 0.562500
vt 0.359375 0.562500
vt 0.375000 0.562500
vt 0.390625 0.562500
vt 0.406250 0.562500
vt 0.421875 0.562500
vt 0.437500 0.562500
vt 0.453125 0.562500
vt 0.468750 0.562500
vt 0.484375 0.562500
vt 0.500000 0.562500
vt 0.515625 0.562500
vt 0.531250 0.562500
vt 0.546875 0.562500
vt 0.562500 0.562500
vt 0.578125 0.562500
vt 0.593750 0.562500
vt 0.609375 0.562500
vt 0.625000 0.562500
vt 0.640625 0.562500
vt 0.656250 0.562500
vt 0.671875 0.562500
vt 0.687500 0.562500
vt 0.703125 0.562500
vt 0.718750 0.562500
vt 0.734375 0.562500
vt 0.750000 0.562500
vt 0.765625 0.562500
vt 0.781250 0.562500
vt 0.796875 0.562500
vt 0.812500 0.562500
vt 0.828125 0.562500
vt 0.843750 0.562500
vt 0.859375 0.562500
vt 0.875000 0.562500
vt 0.890625 0.562500
vt 0.906250 0.562500
vt 0.921875 0.562500
vt 0.937500 0.562500
vt 0.953125 0.562500
vt 0.968750 0.562500
vt 0.984375 0.562500
vt 0.031250 0.578125
vt 0.015625 0.578125
vt 0.046875 0.578125
vt 0.062500 0.578125
vt 0.078125 0.578125
vt 0.093750 0.578125
vt 0.109375 0.578125
vt 0.125000 0.578125
vt 0.140625 0.578125
vt 0.156250 0.578125
vt 0.171875 0.578125
vt 0.187500 0.578125
vt 0.203125 0.578125
vt 0.218750 0.578125
vt 0.234375 0.578125
vt 0.250000 0.578125
vt 0.265625 0.578125
vt 0.281250 0.578125
vt 0.296875 0.578125
vt 0.312500 0.578125
vt 0.328125 0.578125
vt 0.343750 0.578125
vt 0.359375 0.578125
vt 0.375000 0.578125
vt 0.390625 0.578125
vt 0.406250 0.578125
vt 0.421875 0.578125
vt 0.437500 0.578125
vt 0.453125 0.578125
vt 0.468750 0.578125
vt 0.484375 0.578125
vt 0.500000 0.578125
vt 0.515625 0.578125
vt 0.531250 0.578125
vt 0.546875 0.578125
vt 0.562500 0.578125
vt 0.578125 0.578125
vt 0.593750 0.578125
vt 0.609375 0.578125
vt 0.625000 0.578125
vt 0.640625 0.578125
vt 0.656250 0.578125
vt 0.671875 0.578125
vt 0.687500 0.578125
vt 0.703125 0.578125
vt 0.718750 0.578125
vt 0.734375 0.578125
vt 0.750000 0.578125
vt 0.765625 0.578125
vt 0.781250 0.578125
vt 0.796875 0.578125
vt 0.812500 0.578125
vt 0.828125 0.578125
vt 0.843750 0.578125
vt 0.859375 0.578125
vt 0.875000 0.578125
vt 0.890625 0.578125
vt 0.906250 0.578125
vt 0.921875 0.578125
vt 0.937500 0.578125
vt 0.953125 0.578125
vt 0.968750 0.578125
vt 0.984375 0.578125
vt 0.031250 0.593750
vt 0.015625 0.593750
vt 0.046875 0.593750
vt 0.062500 0.593750
vt 0.078125 0.593750
vt 0.093750 0.593750
vt 0.109375 0.593750
vt 0.125000 0.593750
vt 0.140625 0.593750
vt 0.156250 0.593750
vt 0.171875 0.593750
vt 0.187500 0.593750
vt 0.203125 0.593750
vt 0.218750 0.593750
vt 0.234375 0.593750
vt 0.250000 0.593750
vt 0.265625 0.593750
vt 0.281250 0.593750
vt 0.296875 0.593750
vt 0.312500 0.593750
vt 0.328125 0.593750
vt 0.343750 0.593750
vt 0.359375 0.593750
vt 0.375000 0.593750
vt 0.390625 0.593750
vt 0.406250 0.593750
vt 0.421875 0.593750
vt 0.437500 0.593750
vt 0.453125 0.593750
vt 0.468750 0.593750
vt 0.484375 0.593750
vt 0.500000 0.593750
vt 0.515625 0.593750
vt 0.531250 0.593750
vt 0.546875 0.593750
vt 0.562500 0.593750
vt 0.578125 0.593750
vt 0.593750 0.593750
vt 0.609375 0.593750
vt 0.625000 0.593750
vt 0.640625 0.593750
vt 0.656250 0.593750
vt 0.671875 0.593750
vt 0.687500 0.593750
vt 0.703125 0.593750
vt 0.718750 0.593750
vt 0.734375 0.593750
vt 0.750000 0.593750
vt 0.765625 0.593750
vt 0.781250 0.593750
vt 0.796875 0.593750
vt 0.812500 0.593750
vt 0.828125 0.593750
vt 0.843750 0.593750
vt 0.859375 0.593750
vt 0.875000 0.593750
vt 0.890625 0.593750
vt 0.906250 0.593750
vt 0.921875 0.593750
vt 0.937500 0.593750
vt 0.953125 0.593750
vt 0.968750 0.593750
vt 0.984375 0.593750
vt 0.031250 0.609375
vt 0.015625 0.609375
vt 0.046875 0.609375
vt 0.062500 0.609375
vt 0.078125 0.609375
vt 0.093750 0.609375
vt 0.109375 0.609375
vt 0.125000 0.609375
vt 0.140625 0.609375
vt 0.156250 0.609375
vt 0.171875 0.609375
vt 0.187500 0.609375
vt 0.203125 0.609375
vt 0.218750 0.609375
vt 0.234375 0.609375
vt 0.250000 0.609375
vt 0.265625 0.609375
vt 0.281250 0.609375
vt 0.296875 0.609375
vt 0.312500 0.609375
vt 0.328125 0.609375
vt 0.343750 0.609375
vt 0.359375 0.609375
vt 0.375000 0.609375
vt 0.390625 0.609375
vt 0.406250 0.609375
vt 0.421875 0.609375
vt 0.437500 0.609375
vt 0.453125 0.609375
vt 0.468750 0.609375
vt 0.484375 0.609375
vt 0.500000 0.609375
vt 0.515625 0.609375
vt 0.531250 0.609375
vt 0.546875 0.609375
vt 0.562500 0.609375
vt 0.578125 0.609375
vt 0.593750 0.609375
vt 0.609375 0.609375
vt 0.625000 0.609375
vt 0.640625 0.609375
vt 0.656250 0.609375
vt 0.671875 0.609375
vt 0.687500 0.609375
vt 0.703125 0.609375
vt 0.718750 0.609375
vt 0.734375 0.609375
vt 0.750000 0.609375
vt 0.765625 0.609375
vt 0.781250 0.609375
vt 0.796875 0.609375
vt 0.812500 0.609375
vt 0.828125 0.609375
vt 0.843750 0.609375
vt 0.859375 0.609375
vt 0.875000 0.609375
vt 0.890625 0.609375
vt 0.906250 0.609375
vt 0.921875 0.609375
vt 0.937500 0.609375
vt 0.953125 0.609375
vt 0.968750 0.609375
vt 0.984375 0.609375
vt 0.031250 0.625000
vt 0.015625 0.625000
vt 0.046875 0.625000
vt 0.062500 0.625000
vt 0.078125 0.625000
vt 0.093750 0.625000
vt 0.109375 0.625000
vt 0.125000 0.625000
vt 0.140625 0.625000
vt 0.156250 0.625000
vt 0.171875 0.625000
vt 0.187500 0.625000
vt 0.203125 0.625000
vt 0.218750 0.625000
vt 0.234375 0.625000
vt 0.250000 0.625000
vt 0.265625 0.625000
vt 0.281250 0.625000
vt 0.296875 0.625000
vt 0.312500 0.625000
vt 0.328125 0.625000
vt 0.343750 0.625000
vt 0.359375 0.625000
vt 0.375000 0.625000
vt 0.390625 0.625000
vt 0.406250 0.625000
vt 0.421875 0.625000
vt 0.437500 0.625000
vt 0.453125 0.625000
vt 0.468750 0.625000
vt 0.484375 0.625000
vt 0.500000 0.625000
vt 0.515625 0.625000
vt 0.531250 0.625000
vt 0.546875 0.625000
vt 0.562500 0.625000
vt 0.578125 0.625000
vt 0.593750 0.625000
vt 0.609375 0.625000
vt 0.625000 0.625000
vt 0.640625 0.625000
vt 0.656250 0.625000
vt 0.671875 0.625000
vt 0.687500 0.625000
vt 0.703125 0.625000
vt 0.718750 0.625000
vt 0.734375 0.625000
vt 0.750000 0.625000
vt 0.765625 0.625000
vt 0.781250 0.625000
vt 0.796875 0.625000
vt 0.812500 0.625000
vt 0.828125 0.625000
vt 0.843750 0.625000
vt 0.859375 0.625000
vt 0.875000 0.625000
vt 0.890625 0.625000
vt 0.906250 0.625000
vt 0.921875 0.625000
vt 0.937500 0.625000
vt 0.953125 0.625000
vt 0.968750 0.625000
vt 0.984375 0.625000
vt 0.031250 0.640625
vt 0.015625 0.640625
vt 0.046875 0.640625
vt 0.062500 0.640625
vt 0.078125 0.640625
vt 0.093750 0.640625
vt 0.109375 0.640625
vt 0.125000 0.640625
vt 0.140625 0.640625
vt 0.156250 0.640625
vt 0.171875 0.640625
vt 0.187500 0.640625
vt 0.203125 0.640625
vt 0.218750 0.640625
vt 0.234375 0.640625
vt 0.250000 0.640625
vt 0.265625 0.640625
vt 0.281250 0.640625
vt 0.296875 0.640625
vt 0.312500 0.640625
vt 0.328125 0.640625
vt 0.343750 0.640625
vt 0.359375 0.640625
vt 0.375000 0.640625
vt 0.390625 0.640625
vt 0.406250 0.640625
vt 0.421875 0.640625
vt 0.437500 0.640625
vt 0.453125 0.640625
vt 0.468750 0.640625
vt 0.484375 0.640625
vt 0.500000 0.640625
vt 0.515625 0.640625
vt 0.531250 0.640625
vt 0.546875 0.640625
vt 0.562500 0.640625
vt 0.578125 0.640625
vt 0.593750 0.640625
vt 0.609375 0.640625
vt 0.625000 0.640625
vt 0.640625 0.640625
vt 0.656250 0.640625
vt 0.671875 0.640625
vt 0.687500 0.640625
vt 0.703125 0.640625
vt 0.718750 0.640625
vt 0.734375 0.640625
vt 0.750000 0.640625
vt 0.765625 0.640625
vt 0.781250 0.640625
vt 0.796875 0.640625
vt 0.812500 0.640625
vt 0.828125 0.640625
vt 0.843750 0.640625
vt 0.859375 0.640625
vt 0.875000 0.640625
vt 0.890625 0.640625
vt 0.906250 0.640625
vt 0.921875 0.640625
vt 0.937500 0.640625
vt 0.953125 0.640625
vt 0.968750 0.640625
vt 0.984375 0.640625
vt 0.031250 0.656250
vt 0.015625 0.656250
vt 0.046875 0.656250
vt 0.062500 0.656250
vt 0.078125 0.656250
vt 0.093750 0.656250
vt 0.109375 0.656250
vt 0.125000 0.656250
vt 0.140625 0.656250
vt 0.156250 0.656250
vt 0.171875 0.656250
vt 0.187500 0.656250
vt 0.203125 0.656250
vt 0.218750 0.656250
vt 0.234375 0.656250
vt 0.250000 0.656250
vt 0.265625 0.656250
vt 0.281250 0.656250
vt 0.296875 0.656250
vt 0.312500 0.656250
vt 0.328125 0.656250
vt 0.343750 0.656250
vt 0.359375 0.656250
vt 0.375000 0.656250
vt 0.390625 0.656250
vt 0.406250 0.656250
vt 0.421875 0.656250
vt 0.437500 0.656250
vt 0.453125 0.656250
vt 0.468750 0.656250
vt 0.484375 0.656250
vt 0.500000 0.656250
vt 0.515625 0.656250
vt 0.531250 0.656250
vt 0.546875 0.656250
vt 0.562500 0.656250
vt 0.578125 0.656250
vt 0.593750 0.656250
vt 0.609375 0.656250
vt 0.625000 0.656250
vt 0.640625 0.656250
vt 0.656250 0.656250
vt 0.671875 0.656250
vt 0.687500 0.656250
vt 0.703125 0.656250
vt 0.718750 0.656250
vt 0.734375 0.656250
vt 0.750000 0.656250
vt 0.765625 0.656250
vt 0.781250 0.656250
vt 0.796875 0.656250
vt 0.812500 0.656250
vt 0.828125 0.656250
vt 0.843750 0.656250
vt 0.859375 0.656250
vt 0.875000 0.656250
vt 0.890625 0.656250
vt 0.906250 0.656250
vt 0.921875 0.656250
vt 0.937500 0.656250
vt 0.953125 0.656250
vt 0.968750 0.656250
vt 0.984375 0.656250
vt 0.031250 0.671875
vt 0.015625 0.671875
vt 0.046875 0.671875
vt 0.062500 0.671875
vt 0.078125 0.671875
vt 0.093750 0.671875
vt 0.109375 0.671875
vt 0.125000 0.671875
vt 0.140625 0.671875
vt 0.156250 0.671875
vt 0.171875 0.671875
vt 0.187500 0.671875
vt 0.203125 0.671875
vt 0.218750 0.671875
vt 0.234375 0.671875
vt 0.250000 0.671875
vt 0.265625 0.671875
vt 0.281250 0.671875
vt 0.296875 0.671875
vt 0.312500 0.671875
vt 0.328125 0.671875
vt 0.343750 0.671875
vt 0.359375 0.671875
vt 0.375000 0.671875
vt 0.390625 0.671875
vt 0.406250 0.671875
vt 0.421875 0.671875
vt 0.437500 0.671875
vt 0.453125 0.671875
vt 0.468750 0.671875
vt 0.484375 0.671875
vt 0.500000 0.671875
vt 0.515625 0.671875
vt 0.531250 0.671875
vt 0.546875 0.671875
vt 0.562500 0.671875
vt 0.578125 0.671875
vt 0.593750 0.671875
vt 0.609375 0.671875
vt 0.625000 0.671875
vt 0.640625 0.671875
vt 0.656250 0.671875
vt 0.671875 0.671875
vt 0.687500 0.671875
vt 0.703125 0.671875
vt 0.718750 0.671875
vt 0.734375 0.671875
vt 0.750000 0.671875
vt 0.765625 0.671875
vt 0.781250 0.671875
vt 0.796875 0.671875
vt 0.812500 0.671875
vt 0.828125 0.671875
vt 0.843750 0.671875
vt 0.859375 0.671875
vt 0.875000 0.671875
vt 0.890625 0.671875
vt 0.906250 0.671875
vt 0.921875 0.671875
vt 0.937500 0.671875
vt 0.953125 0.671875
vt 0.968750 0.671875
vt 0.984375 0.671875
vt 0.031250 0.687500
vt 0.015625 0.687500
vt 0.046875 0.687500
vt 0.062500 0.687500
vt 0.078125 0.687500
vt 0.093750 0.687500
vt 0.109375 0.687500
vt 0.125000 0.687500
vt 0.140625 0.687500
vt 0.156250 0.687500
vt 0.171875 0.687500
vt 0.187500 0.687500
vt 0.203125 0.687500
vt 0.218750 0.687500
vt 0.234375 0.687500
vt 0.250000 0.687500
vt 0.265625 0.687500
vt 0.281250 0.687500
vt 0.296875 0.687500
vt 0.312500 0.687500
vt 0.328125 0.687500
vt 0.343750 0.687500
vt 0.359375 0.687500
vt 0.375000 0.687500
vt 0.390625 0.687500
vt 0.406250 0.687500
vt 0.421875 0.687500
vt 0.437500 0.687500
vt 0.453125 0.687500
vt 0.468750 0.687500
vt 0.484375 0.687500
vt 0.500000 0.687500
vt 0.515625 0.687500
vt 0.531250 0.687500
vt 0.546875 0.687500
vt 0.562500 0.687500
vt 0.578125 0.687500
vt 0.593750 0.687500
vt 0.609375 0.687500
vt 0.625000 0.687500
vt 0.640625 0.687500
vt 0.656250 0.687500
vt 0.671875 0.687500
vt 0.687500 0.687500
vt 0.703125 0.687500
vt 0.718750 0.687500
vt 0.734375 0.687500
vt 0.750000 0.687500
vt 0.765625 0.687500
vt 0.781250 0.687500
vt 0.796875 0.687500
vt 0.812500 0.687500
vt 0.828125 0.687500
vt 0.843750 0.687500
vt 0.859375 0.687500
vt 0.875000 0.687500
vt 0.890625 0.687500
vt 0.906250 0.687500
vt 0.921875 0.687500
vt 0.937500 0.687500
vt 0.953125 0.687500
vt 0.968750 0.687500
vt 0.984375 0.687500
vt 0.031250 0.703125
vt 0.015625 0.703125
vt 0.046875 0.703125
vt 0.062500 0.703125
vt 0.078125 0.703125
vt 0.093750 0.703125
vt 0.109375 0.703125
vt 0.125000 0.703125
vt 0.140625 0.703125
vt 0.156250 0.703125
vt 0.171875 0.703125
vt 0.187500 0.703125
vt 0.203125 0.703125
vt 0.218750 0.703125
vt 0.234375 0.703125
vt 0.250000 0.703125
vt 0.265625 0.703125
vt 0.281250 0.703125
vt 0.296875 0.703125
vt 0.312500 0.703125
vt 0.328125 0.703125
vt 0.343750 0.703125
vt 0.359375 0.703125
vt 0.375000 0.703125
vt 0.390625 0.703125
vt 0.406250 0.703125
vt 0.421875 0.703125
vt 0.437500 0.703125
vt 0.453125 0.703125
vt 0.468750 0.703125
vt 0.484375 0.703125
vt 0.500000 0.703125
vt 0.515625 0.703125
vt 0.531250 0.703125
vt 0.546875 0.703125
vt 0.562500 0.703125
vt 0.578125 0.703125
vt 0.593750 0.703125
vt 0.609375 0.703125
vt 0.625000 0.703125
vt 0.640625 0.703125
vt 0.656250 0.703125
vt 0.671875 0.703125
vt 0.687500 0.703125
vt 0.703125 0.703125
vt 0.718750 0.703125
vt 0.734375 0.703125
vt 0.750000 0.703125
vt 0.765625 0.703125
vt 0.781250 0.703125
vt 0.796875 0.703125
vt 0.812500 0.703125
vt 0.828125 0.703125
vt 0.843750 0.703125
vt 0.859375 0.703125
vt 0.875000 0.703125
vt 0.890625 0.703125
vt 0.906250 0.703125
vt 0.921875 0.703125
vt 0.937500 0.703125
vt 0.953125 0.703125
vt 0.968750 0.703125
vt 0.984375 0.703125
vt 0.031250 0.718750
vt 0.015625 0.718750
vt 0.046875 0.718750
vt 0.062500 0.718750
vt 0.078125 0.718750
vt 0.093750 0.718750
vt 0.109375 0.718750
vt 0.125000 0.718750
vt 0.140625 0.718750
vt 0.156250 0.718750
vt 0.171875 0.718750
vt 0.187500 0.718750
vt 0.203125 0.718750
vt 0.218750 0.718750
vt 0.234375 0.718750
vt 0.250000 0.718750
vt 0.265625 0.718750
vt 0.281250 0.718750
vt 0.296875 0.718750
vt 0.312500 0.718750
vt 0.328125 0.718750
vt 0.343750 0.718750
vt 0.359375 0.718750
vt 0.375000 0.718750
vt 0.390625 0.718750
vt 0.406250 0.718750
vt 0.421875 0.718750
vt 0.437500 0.718750
vt 0.453125 0.718750
vt 0.468750 0.718750
vt 0.484375 0.718750
vt 0.500000 0.718750
vt 0.515625 0.718750
vt 0.531250 0.718750
vt 0.546875 0.718750
vt 0.562500 0.718750
vt 0.578125 0.718750
vt 0.593750 0.718750
vt 0.609375 0.718750
vt 0.625000 0.718750
vt 0.640625 0.718750
vt 0.656250 0.718750
vt 0.671875 0.718750
vt 0.687500 0.718750
vt 0.703125 0.718750
vt 0.718750 0.718750
vt 0.734375 0.718750
vt 0.750000 0.718750
vt 0.765625 0.718750
vt 0.781250 0.718750
vt 0.796875 0.718750
vt 0.812500 0.718750
vt 0.828125 0.718750
vt 0.843750 0.718750
vt 0.859375 0.718750
vt 0.875000 0.718750
vt 0.890625 0.718750
vt 0.906250 0.718750
vt 0.921875 0.718750
vt 0.937500 0.718750
vt 0.953125 0.718750
vt 0.968750 0.718750
vt 0.984375 0.718750
vt 0.031250 0.734375
vt 0.015625 0.734375
vt 0.046875 0.734375
vt 0.062500 0.734375
vt 0.078125 0.734375
vt 0.093750 0.734375
vt 0.109375 0.734375
vt 0.125000 0.734375
vt 0.140625 0.734375
vt 0.156250 0.734375
vt 0.171875 0.734375
vt 0.187500 0.734375
vt 0.203125 0.734375
vt 0.218750 0.734375
vt 0.234375 0.734375
vt 0.250000 0.734375
vt 0.265625 0.734375
vt 0.281250 0.734375
vt 0.296875 0.734375
vt 0.312500 0.734375
vt 0.328125 0.734375
vt 0.343750 0.734375
vt 0.359375 0.734375
vt 0.375000 0.734375
vt 0.390625 0.734375
vt 0.406250 0.734375
vt 0.421875 0.734375
vt 0.437500 0.734375
vt 0.453125 0.734375
vt 0.468750 0.734375
vt 0.484375 0.734375
vt 0.500000 0.734375
vt 0.515625 0.734375
vt 0.531250 0.734375
vt 0.546875 0.734375
vt 0.562500 0.734375
vt 0.578125 0.734375
vt 0.593750 0.734375
vt 0.609375 0.734375
vt 0.625000 0.734375
vt 0.640625 0.734375
vt 0.656250 0.734375
vt 0.671875 0.734375
vt 0.687500 0.734375
vt 0.703125 0.734375
vt 0.718750 0.734375
vt 0.734375 0.734375
vt 0.750000 0.734375
vt 0.765625 0.734375
vt 0.781250 0.734375
vt 0.796875 0.734375
vt 0.812500 0.734375
vt 0.828125 0.734375
vt 0.843750 0.734375
vt 0.859375 0.734375
vt 0.875000 0.734375
vt 0.890625 0.734375
vt 0.906250 0.734375
vt 0.921875 0.734375
vt 0.937500 0.734375
vt 0.953125 0.734375
vt 0.968750 0.734375
vt 0.984375 0.734375
vt 0.031250 0.750000
vt 0.015625 0.750000
vt 0.046875 0.750000
vt 0.062500 0.750000
vt 0.078125 0.750000
vt 0.093750 0.750000
vt 0.109375 0.750000
vt 0.125000 0.750000
vt 0.140625 0.750000
vt 0.156250 0.750000
vt 0.171875 0.750000
vt 0.187500 0.750000
vt 0.203125 0.750000
vt 0.218750 0.750000
vt 0.234375 0.750000
vt 0.250000 0.750000
vt 0.265625 0.750000
vt 0.281250 0.750000
vt 0.296875 0.750000
vt 0.312500 0.750000
vt 0.328125 0.750000
vt 0.343750 0.750000
vt 0.359375 0.750000
vt 0.375000 0.750000
vt 0.390625 0.750000
vt 0.406250 0.750000
vt 0.421875 0.750000
vt 0.437500 0.750000
vt 0.453125 0.750000
vt 0.468750 0.750000
vt 0.484375 0.750000
vt 0.500000 0.750000
vt 0.515625 0.750000
vt 0.531250 0.750000
vt 0.546875 0.750000
vt 0.562500 0.750000
vt 0.578125 0.750000
vt 0.593750 0.750000
vt 0.609375 0.750000
vt 0.625000 0.750000
vt 0.640625 0.750000
vt 0.656250 0.750000
vt 0.671875 0.750000
vt 0.687500 0.750000
vt 0.703125 0.750000
vt 0.718750 0.750000
vt 0.734375 0.750000
vt 0.750000 0.750000
vt 0.765625 0.750000
vt 0.781250 0.750000
vt 0.796875 0.750000
vt 0.812500 0.750000
vt 0.828125 0.750000
vt 0.843750 0.750000
vt 0.859375 0.750000
vt 0.875000 0.750000
vt 0.890625 0.750000
vt 0.906250 0.750000
vt 0.921875 0.750000
vt 0.937500 0.750000
vt 0.953125 0.750000
vt 0.968750 0.750000
vt 0.984375 0.750000
vt 0.031250 0.765625
vt 0.015625 0.765625
vt 0.046875 0.765625
vt 0.062500 0.765625
vt 0.078125 0.765625
vt 0.093750 0.765625
vt 0.109375 0.765625
vt 0.125000 0.765625
vt 0.140625 0.765625
vt 0.156250 0.765625
vt 0.171875 0.765625
vt 0.187500 0.765625
vt 0.203125 0.765625
vt 0.218750 0.765625
vt 0.234375 0.765625
vt 0.250000 0.765625
vt 0.265625 0.765625
vt 0.281250 0.765625
vt 0.296875 0.765625
vt 0.312500 0.765625
vt 0.328125 0.765625
vt 0.343750 0.765625
vt 0.359375 0.765625
vt 0.375000 0.765625
vt 0.390625 0.765625
vt 0.406250 0.765625
vt 0.421875 0.765625
vt 0.437500 0.765625
vt 0.453125 0.765625
vt 0.468750 0.765625
vt 0.484375 0.765625
vt 0.500000 0.765625
vt 0.515625 0.765625
vt 0.531250 0.765625
vt 0.546875 0.765625
vt 0.562500 0.765625
vt 0.578125 0.765625
vt 0.593750 0.765625
vt 0.609375 0.765625
vt 0.625000 0.765625
vt 0.640625 0.765625
vt 0.656250 0.765625
vt 0.671875 0.765625
vt 0.687500 0.765625
vt 0.703125 0.765625
vt 0.718750 0.765625
vt 0.734375 0.765625
vt 0.750000 0.765625
vt 0.765625 0.765625
vt 0.781250 0.765625
vt 0.796875 0.765625
vt 0.812500 0.765625
vt 0.828125 0.765625
vt 0.843750 0.765625
vt 0.859375 0.765625
vt 0.875000 0.765625
vt 0.890625 0.765625
vt 0.906250 0.765625
vt 0.921875 0.765625
vt 0.937500 0.765625
vt 0.953125 0.765625
vt 0.968750 0.765625
vt 0.984375 0.765625
vt 0.031250 0.781250
vt 0.015625 0.781250
vt 0.046875 0.781250
vt 0.062500 0.781250
vt 0.078125 0.781250
vt 0.093750 0.781250
vt 0.109375 0.781250
vt 0.125000 0.781250
vt 0.140625 0.781250
vt 0.156250 0.781250
vt 0.171875 0.781250
vt 0.187500 0.781250
vt 0.203125 0.781250
vt 0.218750 0.781250
vt 0.234375 0.781250
vt 0.250000 0.781250
vt 0.265625 0.781250
vt 0.281250 0.781250
vt 0.296875 0.781250
vt 0.312500 0.781250
vt 0.328125 0.781250
vt 0.343750 0.781250
vt 0.359375 0.781250
vt 0.375000 0.781250
vt 0.390625 0.781250
vt 0.406250 0.781250
vt 0.421875 0.781250
vt 0.437500 0.781250
vt 0.453125 0.781250
vt 0.468750 0.781250
vt 0.484375 0.781250
vt 0.500000 0.781250
vt 0.515625 0.781250
vt 0.531250 0.781250
vt 0.546875 0.781250
vt 0.562500 0.781250
vt 0.578125 0.781250
vt 0.593750 0.781250
vt 0.609375 0.781250
vt 0.625000 0.781250
vt 0.640625 0.781250
vt 0.656250 0.781250
vt 0.671875 0.781250
vt 0.687500 0.781250
vt 0.703125 0.781250
vt 0.718750 0.781250
vt 0.734375 0.781250
vt 0.750000 0.781250
vt 0.765625 0.781250
vt 0.781250 0.781250
vt 0.796875 0.781250
vt 0.812500 0.781250
vt 0.828125 0.781250
vt 0.843750 0.781250
vt 0.859375 0.781250
vt 0.875000 0.781250
vt 0.890625 0.781250
vt 0.906250 0.781250
vt 0.921875 0.781250
vt 0.937500 0.781250
vt 0.953125 0.781250
vt 0.968750 0.781250
vt 0.984375 0.781250
vt 0.031250 0.796875
vt 0.015625 0.796875
vt 0.046875 0.796875
vt 0.062500 0.796875
vt 0.078125 0.796875
vt 0.093750 0.796875
vt 0.109375 0.796875
vt 0.125000 0.796875
vt 0.140625 0.796875
vt 0.156250 0.796875
vt 0.171875 0.796875
vt 0.187500 0.796875
vt 0.203125 0.796875
vt 0.218750 0.796875
vt 0.234375 0.796875
vt 0.250000 0.796875
vt 0.265625 0.796875
vt 0.281250 0.796875
vt 0.296875 0.796875
vt 0.312500 0.796875
vt 0.328125 0.796875
vt 0.343750 0.796875
vt 0.359375 0.796875
vt 0.375000 0.796875
vt 0.390625 0.796875
vt 0.406250 0.796875
vt 0.421875 0.796875
vt 0.437500 0.796875
vt 0.453125 0.796875
vt 0.468750 0.796875
vt 0.484375 0.796875
vt 0.500000 0.796875
vt 0.515625 0.796875
vt 0.531250 0.796875
vt 0.546875 0.796875
vt 0.562500 0.796875
vt 0.578125 0.796875
vt 0.593750 0.796875
vt 0.609375 0.796875
vt 0.625000 0.796875
vt 0.640625 0.796875
vt 0.656250 0.796875
vt 0.671875 0.796875
vt 0.687500 0.796875
vt 0.703125 0.796875
vt 0.718750 0.796875
vt 0.734375 0.796875
vt 0.750000 0.796875
vt 0.765625 0.796875
vt 0.781250 0.796875
vt 0.796875 0.796875
vt 0.812500 0.796875
vt 0.828125 0.796875
vt 0.843750 0.796875
vt 0.859375 0.796875
vt 0.875000 0.796875
vt 0.890625 0.796875
vt 0.906250 0.796875
vt 0.921875 0.796875
vt 0.937500 0.796875
vt 0.953125 0.796875
vt 0.968750 0.796875
vt 0.984375 0.796875
vt 0.031250 0.812500
vt 0.015625 0.812500
vt 0.046875 0.812500
vt 0.062500 0.812500
vt 0.078125 0.812500
vt 0.093750 0.812500
vt 0.109375 0.812500
vt 0.125000 0.812500
vt 0.140625 0.812500
vt 0.156250 0.812500
vt 0.171875 0.812500
vt 0.187500 0.812500
vt 0.203125 0.812500
vt 0.218750 0.812500
vt 0.234375 0.812500
vt 0.250000 0.812500
vt 0.265625 0.812500
vt 0.281250 0.812500
vt 0.296875 0.812500
vt 0.312500 0.812500
vt 0.328125 0.812500
vt 0.343750 0.812500
vt 0.359375 0.812500
vt 0.375000 0.812500
vt 0.390625 0.812500
vt 0.406250 0.812500
vt 0.421875 0.812500
vt 0.437500 0.812500
vt 0.453125 0.812500
vt 0.468750 0.812500
vt 0.484375 0.812500
vt 0.500000 0.812500
vt 0.515625 0.812500
vt 0.531250 0.812500
vt 0.546875 0.812500
vt 0.562500 0.812500
vt 0.578125 0.812500
vt 0.593750 0.812500
vt 0.609375 0.812500
vt 0.625000 0.812500
vt 0.640625 0.812500
vt 0.656250 0.812500
vt 0.671875 0.812500
vt 0.687500 0.812500
vt 0.703125 0.812500
vt 0.718750 0.812500
vt 0.734375 0.812500
vt 0.750000 0.812500
vt 0.765625 0.812500
vt 0.781250 0.812500
vt 0.796875 0.812500
vt 0.812500 0.812500
vt 0.828125 0.812500
vt 0.843750 0.812500
vt 0.859375 0.812500
vt 0.875000 0.812500
vt 0.890625 0.812500
vt 0.906250 0.812500
vt 0.921875 0.812500
vt 0.937500 0.812500
vt 0.953125 0.812500
vt 0.968750 0.812500
vt 0.984375 0.812500
vt 0.031250 0.828125
vt 0.015625 0.828125
vt 0.046875 0.828125
vt 0.062500 0.828125
vt 0.078125 0.828125
vt 0.093750 0.828125
vt 0.109375 0.828125
vt 0.125000 0.828125
vt 0.140625 0.828125
vt 0.156250 0.828125
vt 0.171875 0.828125
vt 0.187500 0.828125
vt 0.203125 0.828125
vt 0.218750 0.828125
vt 0.234375 0.828125
vt 0.250000 0.828125
vt 0.265625 0.828125
vt 0.281250 0.828125
vt 0.296875 0.828125
vt 0.312500 0.828125
vt 0.328125 0.828125
vt 0.343750 0.828125
vt 0.359375 0.828125
vt 0.375000 0.828125
vt 0.390625 0.828125
vt 0.406250 0.828125
vt 0.421875 0.828125
vt 0.437500 0.828125
vt 0.453125 0.828125
vt 0.468750 0.828125
vt 0.484375 0.828125
vt 0.500000 0.828125
vt 0.515625 0.828125
vt 0.531250 0.828125
vt 0.546875 0.828125
vt 0.562500 0.828125
vt 0.578125 0.828125
vt 0.593750 0.828125
vt 0.609375 0.828125
vt 0.625000 0.828125
vt 0.640625 0.828125
vt 0.656250 0.828125
vt 0.671875 0.828125
vt 0.687500 0.828125
vt 0.703125 0.828125
vt 0.718750 0.828125
vt 0.734375 0.828125
vt 0.750000 0.828125
vt 0.765625 0.828125
vt 0.781250 0.828125
vt 0.796875 0.828125
vt 0.812500 0.828125
vt 0.828125 0.828125
vt 0.843750 0.828125
vt 0.859375 0.828125
vt 0.875000 0.828125
vt 0.890625 0.828125
vt 0.906250 0.828125
vt 0.921875 0.828125
vt 0.937500 0.828125
vt 0.953125 0.828125
vt 0.968750 0.828125
vt 0.984375 0.828125
vt 0.031250 0.843750
vt 0.015625 0.843750
vt 0.046875 0.843750
vt 0.062500 0.843750
vt 0.078125 0.843750
vt 0.093750 0.843750
vt 0.109375 0.843750
vt 0.125000 0.843750
vt 0.140625 0.843750
vt 0.156250 0.843750
vt 0.171875 0.843750
vt 0.187500 0.843750
vt 0.203125 0.843750
vt 0.218750 0.843750
vt 0.234375 0.843750
vt 0.250000 0.843750
vt 0.265625 0.843750
vt 0.281250 0.843750
vt 0.296875 0.843750
vt 0.312500 0.843750
vt 0.328125 0.843750
vt 0.343750 0.843750
vt 0.359375 0.843750
vt 0.375000 0.843750
vt 0.390625 0.843750
vt 0.406250 0.843750
vt 0.421875 0.843750
vt 0.437500 0.843750
vt 0.453125 0.843750
vt 0.468750 0.843750
vt 0.484375 0.843750
vt 0.500000 0.843750
vt 0.515625 0.843750
vt 0.531250 0.843750
vt 0.546875 0.843750
vt 0.562500 0.843750
vt 0.578125 0.843750
vt 0.593750 0.843750
vt 0.609375 0.843750
vt 0.625000 0.843750
vt 0.640625 0.843750
vt 0.656250 0.843750
vt 0.671875 0.843750
vt 0.687500 0.843750
vt 0.703125 0.843750
vt 0.718750 0.843750
vt 0.734375 0.843750
vt 0.750000 0.843750
vt 0.765625 0.843750
vt 0.781250 0.843750
vt 0.796875 0.843750
vt 0.812500 0.843750
vt 0.828125 0.843750
vt 0.843750 0.843750
vt 0.859375 0.843750
vt 0.875000 0.843750
vt 0.890625 0.843750
vt 0.906250 0.843750
vt 0.921875 0.843750
vt 0.937500 0.843750
vt 0.953125 0.843750
vt 0.968750 0.843750
vt 0.984375 0.843750
vt 0.031250 0.859375
vt 0.015625 0.859375
vt 0.046875 0.859375
vt 0.062500 0.859375
vt 0.078125 0.859375
vt 0.093750 0.859375
vt 0.109375 0.859375
vt 0.125000 0.859375
vt 0.140625 0.859375
vt 0.156250 0.859375
vt 0.171875 0.859375
vt 0.187500 0.859375
vt 0.203125 0.859375
vt 0.218750 0.859375
vt 0.234375 0.859375
vt 0.250000 0.859375
vt 0.265625 0.859375
vt 0.281250 0.859375
vt 0.296875 0.859375
vt 0.312500 0.859375
vt 0.328125 0.859375
vt 0.343750 0.859375
vt 0.359375 0.859375
vt 0.375000 0.859375
vt 0.390625 0.859375
vt 0.406250 0.859375
vt 0.421875 0.859375
vt 0.437500 0.859375
vt 0.453125 0.859375
vt 0.468750 0.859375
vt 0.484375 0.859375
vt 0.500000 0.859375
vt 0.515625 0.859375
vt 0.531250 0.859375
vt 0.546875 0.859375
vt 0.562500 0.859375
vt 0.578125 0.859375
vt 0.593750 0.859375
vt 0.609375 0.859375
vt 0.625000 0.859375
vt 0.640625 0.859375
vt 0.656250 0.859375
vt 0.671875 0.859375
vt 0.687500 0.859375
vt 0.703125 0.859375
vt 0.718750 0.859375
vt 0.734375 0.859375
vt 0.750000 0.859375
vt 0.765625 0.859375
vt 0.781250 0.859375
vt 0.796875 0.859375
vt 0.812500 0.859375
vt 0.828125 0.859375
vt 0.843750 0.859375
vt 0.859375 0.859375
vt 0.875000 0.859375
vt 0.890625 0.859375
vt 0.906250 0.859375
vt 0.921875 0.859375
vt 0.937500 0.859375
vt 0.953125 0.859375
vt 0.968750 0.859375
vt 0.984375 0.859375
vt 0.031250 0.875000
vt 0.015625 0.875000
vt 0.046875 0.875000
vt 0.062500 0.875000
vt 0.078125 0.875000
vt 0.093750 0.875000
vt 0.109375 0.875000
vt 0.125000 0.875000
vt 0.140625 0.875000
vt 0.156250 0.875000
vt 0.171875 0.875000
vt 0.187500 0.875000
vt 0.203125 0.875000
vt 0.218750 0.875000
vt 0.234375 0.875000
vt 0.250000 0.875000
vt 0.265625 0.875000
vt 0.281250 0.875000
vt 0.296875 0.875000
vt 0.312500 0.875000
vt 0.328125 0.875000
vt 0.343750 0.875000
vt 0.359375 0.875000
vt 0.375000 0.875000
vt 0.390625 0.875000
vt 0.406250 0.875000
vt 0.421875 0.875000
vt 0.437500 0.875000
vt 0.453125 0.875000
vt 0.468750 0.875000
vt 0.484375 0.875000
vt 0.500000 0.875000
vt 0.515625 0.875000
vt 0.531250 0.875000
vt 0.546875 0.875000
vt 0.562500 0.875000
vt 0.578125 0.875000
vt 0.593750 0.875000
vt 0.609375 0.875000
vt 0.625000 0.875000
vt 0.640625 0.875000
vt 0.656250 0.875000
vt 0.671875 0.875000
vt 0.687500 0.875000
vt 0.703125 0.875000
vt 0.718750 0.875000
vt 0.734375 0.875000
vt 0.750000 0.875000
vt 0.765625 0.875000
vt 0.781250 0.875000
vt 0.796875 0.875000
vt 0.812500 0.875000
vt 0.828125 0.875000
vt 0.843750 0.875000
vt 0.859375 0.875000
vt 0.875000 0.875000
vt 0.890625 0.875000
vt 0.906250 0.875000
vt 0.921875 0.875000
vt 0.937500 0.875000
vt 0.953125 0.875000
vt 0.968750 0.875000
vt 0.984375 0.875000
vt 0.031250 0.890625
vt 0.015625 0.890625
vt 0.046875 0.890625
vt 0.062500 0.890625
vt 0.078125 0.890625
vt 0.093750 0.890625
vt 0.109375 0.890625
vt 0.125000 0.890625
vt 0.140625 0.890625
vt 0.156250 0.890625
vt 0.171875 0.890625
vt 0.187500 0.890625
vt 0.203125 0.890625
vt 0.218750 0.890625
vt 0.234375 0.890625
vt 0.250000 0.890625
vt 0.265625 0.890625
vt 0.281250 0.890625
vt 0.296875 0.890625
vt 0.312500 0.890625
vt 0.328125 0.890625
vt 0.343750 0.890625
vt 0.359375 0.890625
vt 0.375000 0.890625
vt 0.390625 0.890625
vt 0.406250 0.890625
vt 0.421875 0.890625
vt 0.437500 0.890625
vt 0.453125 0.890625
vt 0.468750 0.890625
vt 0.484375 0.890625
vt 0.500000 0.890625
vt 0.515625 0.890625
vt 0.531250 0.890625
vt 0.546875 0.890625
vt 0.562500 0.890625
vt 0.578125 0.890625
vt 0.593750 0.890625
vt 0.609375 0.890625
vt 0.625000 0.890625
vt 0.640625 0.890625
vt 0.656250 0.890625
vt 0.671875 0.890625
vt 0.687500 0.890625
vt 0.703125 0.890625
vt 0.718750 0.890625
vt 0.734375 0.890625
vt 0.750000 0.890625
vt 0.765625 0.890625
vt 0.781250 0.890625
vt 0.796875 0.890625
vt 0.812500 0.890625
vt 0.828125 0.890625
vt 0.843750 0.890625
vt 0.859375 0.890625
vt 0.875000 0.890625
vt 0.890625 0.890625
vt 0.906250 0.890625
vt 0.921875 0.890625
vt 0.937500 0.890625
vt 0.953125 0.890625
vt 0.968750 0.890625
vt 0.984375 0.890625
vt 0.031250 0.906250
vt 0.015625 0.906250
vt 0.046875 0.906250
vt 0.062500 0.906250
vt 0.078125 0.906250
vt 0.093750 0.906250
vt 0.109375 0.906250
vt 0.125000 0.906250
vt 0.140625 0.906250
vt 0.156250 0.906250
vt 0.171875 0.906250
vt 0.187500 0.906250
vt 0.203125 0.906250
vt 0.218750 0.906250
vt 0.234375 0.906250
vt 0.250000 0.906250
vt 0.265625 0.906250
vt 0.281250 0.906250
vt 0.296875 0.906250
vt 0.312500 0.906250
vt 0.328125 0.906250
vt 0.343750 0.906250
vt 0.359375 0.906250
vt 0.375000 0.906250
vt 0.390625 0.906250
vt 0.406250 0.906250
vt 0.421875 0.906250
vt 0.437500 0.906250
vt 0.453125 0.906250
vt 0.468750 0.906250
vt 0.484375 0.906250
vt 0.500000 0.906250
vt 0.515625 0.906250
vt 0.531250 0.906250
vt 0.546875 0.906250
vt 0.562500 0.906250
vt 0.578125 0.906250
vt 0.593750 0.906250
vt 0.609375 0.906250
vt 0.625000 0.906250
vt 0.640625 0.906250
vt 0.656250 0.906250
vt 0.671875 0.906250
vt 0.687500 0.906250
vt 0.703125 0.906250
vt 0.718750 0.906250
vt 0.734375 0.906250
vt 0.750000 0.906250
vt 0.765625 0.906250
vt 0.781250 0.906250
vt 0.796875 0.906250
vt 0.812500 0.906250
vt 0.828125 0.906250
vt 0.843750 0.906250
vt 0.859375 0.906250
vt 0.875000 0.906250
vt 0.890625 0.906250
vt 0.906250 0.906250
vt 0.921875 0.906250
vt 0.937500 0.906250
vt 0.953125 0.906250
vt 0.968750 0.906250
vt 0.984375 0.906250
vt 0.031250 0.921875
vt 0.015625 0.921875
vt 0.046875 0.921875
vt 0.062500 0.921875
vt 0.078125 0.921875
vt 0.093750 0.921875
vt 0.109375 0.921875
vt 0.125000 0.921875
vt 0.140625 0.921875
vt 0.156250 0.921875
vt 0.171875 0.921875
vt 0.187500 0.921875
vt 0.203125 0.921875
vt 0.218750 0.921875
vt 0.234375 0.921875
vt 0.250000 0.921875
vt 0.265625 0.921875
vt 0.281250 0.921875
vt 0.296875 0.921875
vt 0.312500 0.921875
vt 0.328125 0.921875
vt 0.343750 0.921875
vt 0.359375 0.921875
vt 0.375000 0.921875
vt 0.390625 0.921875
vt 0.406250 0.921875
vt 0.421875 0.921875
vt 0.437500 0.921875
vt 0.453125 0.921875
vt 0.468750 0.921875
vt 0.484375 0.921875
vt 0.500000 0.921875
vt 0.515625 0.921875
vt 0.531250 0.921875
vt 0.546875 0.921875
vt 0.562500 0.921875
vt 0.578125 0.921875
vt 0.593750 0.921875
vt 0.609375 0.921875
vt 0.625000 0.921875
vt 0.640625 0.921875
vt 0.656250 0.921875
vt 0.671875 0.921875
vt 0.687500 0.921875
vt 0.703125 0.921875
vt 0.718750 0.921875
vt 0.734375 0.921875
vt 0.750000 0.921875
vt 0.765625 0.921875
vt 0.781250 0.921875
vt 0.796875 0.921875
vt 0.812500 0.921875
vt 0.828125 0.921875
vt 0.843750 0.921875
vt 0.859375 0.921875
vt 0.875000 0.921875
vt 0.890625 0.921875
vt 0.906250 0.921875
vt 0.921875 0.921875
vt 0.937500 0.921875
vt 0.953125 0.921875
vt 0.968750 0.921875
vt 0.984375 0.921875
vt 0.031250 0.937500
vt 0.015625 0.937500
vt 0.046875 0.937500
vt 0.062500 0.937500
vt 0.078125 0.937500
vt 0.093750 0.937500
vt 0.109375 0.937500
vt 0.125000 0.937500
vt 0.140625 0.937500
vt 0.156250 0.937500
vt 0.171875 0.937500
vt 0.187500 0.937500
vt 0.203125 0.937500
vt 0.218750 0.937500
vt 0.234375 0.937500
vt 0.250000 0.937500
vt 0.265625 0.937500
vt 0.281250 0.937500
vt 0.296875 0.937500
vt 0.312500 0.937500
vt 0.328125 0.937500
vt 0.343750 0.937500
vt 0.359375 0.937500
vt 0.375000 0.937500
vt 0.390625 0.937500
vt 0.406250 0.937500
vt 0.421875 0.937500
vt 0.437500 0.937500
vt 0.453125 0.937500
vt 0.468750 0.937500
vt 0.484375 0.937500
vt 0.500000 0.937500
vt 0.515625 0.937500
vt 0.531250 0.937500
vt 0.546875 0.937500
vt 0.562500 0.937500
vt 0.578125 0.937500
vt 0.593750 0.937500
vt 0.609375 0.937500
vt 0.625000 0.937500
vt 0.640625 0.937500
vt 0.656250 0.937500
vt 0.671875 0.937500
vt 0.687500 0.937500
vt 0.703125 0.937500
vt 0.718750 0.937500
vt 0.734375 0.937500
vt 0.750000 0.937500
vt 0.765625 0.937500
vt 0.781250 0.937500
vt 0.796875 0.937500
vt 0.812500 0.937500
vt 0.828125 0.937500
vt 0.843750 0.937500
vt 0.859375 0.937500
vt 0.875000 0.937500
vt 0.890625 0.937500
vt 0.906250 0.937500
vt 0.921875 0.937500
vt 0.937500 0.937500
vt 0.953125 0.937500
vt 0.968750 0.937500
vt 0.984375 0.937500
vt 0.031250 0.953125
vt 0.015625 0.953125
vt 0.046875 0.953125
vt 0.062500 0.953125
vt 0.078125 0.953125
vt 0.093750 0.953125
vt 0.109375 0.953125
vt 0.125000 0.953125
vt 0.140625 0.953125
vt 0.156250 0.953125
vt 0.171875 0.953125
vt 0.187500 0.953125
vt 0.203125 0.953125
vt 0.218750 0.953125
vt 0.234375 0.953125
vt 0.250000 0.953125
vt 0.265625 0.953125
vt 0.281250 0.953125
vt 0.296875 0.953125
vt 0.312500 0.953125
vt 0.328125 0.953125
vt 0.343750 0.953125
vt 0.359375 0.953125
vt 0.375000 0.953125
vt 0.390625 0.953125
vt 0.406250 0.953125
vt 0.421875 0.953125
vt 0.437500 0.953125
vt 0.453125 0.953125
vt 0.468750 0.953125
vt 0.484375 0.953125
vt 0.500000 0.953125
vt 0.515625 0.953125
vt 0.531250 0.953125
vt 0.546875 0.953125
vt 0.562500 0.953125
vt 0.578125 0.953125
vt 0.593750 0.953125
vt 0.609375 0.953125
vt 0.625000 0.953125
vt 0.640625 0.953125
vt 0.656250 0.953125
vt 0.671875 0.953125
vt 0.687500 0.953125
vt 0.703125 0.953125
vt 0.718750 0.953125
vt 0.734375 0.953125
vt 0.750000 0.953125
vt 0.765625 0.953125
vt 0.781250 0.953125
vt 0.796875 0.953125
vt 0.812500 0.953125
vt 0.828125 0.953125
vt 0.843750 0.953125
vt 0.859375 0.953125
vt 0.875000 0.953125
vt 0.890625 0.953125
vt 0.906250 0.953125
vt 0.921875 0.953125
vt 0.937500 0.953125
vt 0.953125 0.953125
vt 0.968750 0.953125
vt 0.984375 0.953125
vt 0.031250 0.968750
vt 0.015625 0.968750
vt 0.046875 0.968750
vt 0.062500 0.968750
vt 0.078125 0.968750
vt 0.093750 0.968750
vt 0.109375 0.968750
vt 0.125000 0.968750
vt 0.140625 0.968750
vt 0.156250 0.968750
vt 0.171875 0.968750
vt 0.187500 0.968750
vt 0.203125 0.968750
vt 0.218750 0.968750
vt 0.234375 0.968750
vt 0.250000 0.968750
vt 0.265625 0.968750
vt 0.281250 0.968750
vt 0.296875 0.968750
vt 0.312500 0.968750
vt 0.328125 0.968750
vt 0.343750 0.968750
vt 0.359375 0.968750
vt 0.375000 0.968750
vt 0.390625 0.968750
vt 0.406250 0.968750
vt 0.421875 0.968750
vt 0.437500 0.968750
vt 0.453125 0.968750
vt 0.468750 0.968750
vt 0.484375 0.968750
vt 0.500000 0.968750
vt 0.515625 0.968750
vt 0.531250 0.968750
vt 0.546875 0.968750
vt 0.562500 0.968750
vt 0.578125 0.968750
vt 0.593750 0.968750
vt 0.609375 0.968750
vt 0.625000 0.968750
vt 0.640625 0.968750
vt 0.656250 0.968750
vt 0.671875 0.968750
vt 0.687500 0.968750
vt 0.703125 0.968750
vt 0.718750 0.968750
vt 0.734375 0.968750
vt 0.750000 0.968750
vt 0.765625 0.968750
vt 0.781250 0.968750
vt 0.796875 0.968750
vt 0.812500 0.968750
vt 0.828125 0.968750
vt 0.843750 0.968750
vt 0.859375 0.968750
vt 0.875000 0.968750
vt 0.890625 0.968750
vt 0.906250 0.968750
vt 0.921875 0.968750
vt 0.937500 0.968750
vt 0.953125 0.968750
vt 0.968750 0.968750
vt 0.984375 0.968750
vt 0.031250 0.984375
vt 0.015625 0.984375
vt 0.046875 0.984375
vt 0.062500 0.984375
vt 0.078125 0.984375
vt 0.093750 0.984375
vt 0.109375 0.984375
vt 0.125000 0.984375
vt 0.140625 0.984375
vt 0.156250 0.984375
vt 0.171875 0.984375
vt 0.187500 0.984375
vt 0.203125 0.984375
vt 0.218750 0.984375
vt 0.234375 0.984375
vt 0.250000 0.984375
vt 0.265625 0.984375
vt 0.281250 0.984375
vt 0.296875 0.984375
vt 0.312500 0.984375
vt 0.328125 0.984375
vt 0.343750 0.984375
vt 0.359375 0.984375
vt 0.375000 0.984375
vt 0.390625 0.984375
vt 0.406250 0.984375
vt 0.421875 0.984375
vt 0.437500 0.984375
vt 0.453125 0.984375
vt 0.468750 0.984375
vt 0.484375 0.984375
vt 0.500000 0.984375
vt 0.515625 0.984375
vt 0.531250 0.984375
vt 0.546875 0.984375
vt 0.562500 0.984375
vt 0.578125 0.984375
vt 0.593750 0.984375
vt 0.609375 0.984375
vt 0.625000 0.984375
vt 0.640625 0.984375
vt 0.656250 0.984375
vt 0.671875 0.984375
vt 0.687500 0.984375
vt 0.703125 0.984375
vt 0.718750 0.984375
vt 0.734375 0.984375
vt 0.750000 0.984375
vt 0.765625 0.984375
vt 0.781250 0.984375
vt 0.796875 0.984375
vt 0.812500 0.984375
vt 0.828125 0.984375
vt 0.843750 0.984375
vt 0.859375 0.984375
vt 0.875000 0.984375
vt 0.890625 0.984375
vt 0.906250 0.984375
vt 0.921875 0.984375
vt 0.937500 0.984375
vt 0.953125 0.984375
vt 0.968750 0.984375
vt 0.984375 0.984375
vt -0.000000 0.000000
vt 0.015625 0.000000
vt -0.000000 0.015625
vt 0.031250 0.000000
vt 0.046875 0.000000
vt 0.062500 0.000000
vt 0.078125 0.000000
vt 0.093750 0.000000
vt 0.109375 0.000000
vt 0.125000 0.000000
vt 0.140625 0.000000
vt 0.156250 0.000000
vt 0.171875 0.000000
vt 0.187500 0.000000
vt 0.203125 0.000000
vt 0.218750 0.000000
vt 0.234375 0.000000
vt 0.250000 0.000000
vt 0.265625 0.000000
vt 0.281250 0.000000
vt 0.296875 0.000000
vt 0.312500 0.000000
vt 0.328125 0.000000
vt 0.343750 0.000000
vt 0.359375 0.000000
vt 0.375000 0.000000
vt 0.390625 0.000000
vt 0.406250 0.000000
vt 0.421875 0.000000
vt 0.437500 0.000000
vt 0.453125 0.000000
vt 0.468750 0.000000
vt 0.484375 0.000000
vt 0.500000 0.000000
vt 0.515625 0.000000
vt 0.531250 0.000000
vt 0.546875 0.000000
vt 0.562500 0.000000
vt 0.578125 0.000000
vt 0.593750 0.000000
vt 0.609375 0.000000
vt 0.625000 0.000000
vt 0.640625 0.000000
vt 0.656250 0.000000
vt 0.671875 0.000000
vt 0.687500 0.000000
vt 0.703125 0.000000
vt 0.718750 0.000000
vt 0.734375 0.000000
vt 0.750000 0.000000
vt 0.765625 0.000000
vt 0.781250 0.000000
vt 0.796875 0.000000
vt 0.812500 0.000000
vt 0.828125 0.000000
vt 0.843750 0.000000
vt 0.859375 0.000000
vt 0.875000 0.000000
vt 0.890625 0.000000
vt 0.906250 0.000000
vt 0.921875 0.000000
vt 0.937500 0.000000
vt 0.953125 0.000000
vt 0.968750 0.000000
vt 0.984375 0.000000
vt 1.000000 0.000000
vt 1.000000 0.015625
vt 1.000000 0.031250
vt 1.000000 0.046875
vt 1.000000 0.062500
vt 1.000000 0.078125
vt 1.000000 0.093750
vt 1.000000 0.109375
vt 1.000000 0.125000
vt 1.000000 0.140625
vt 1.000000 0.156250
vt 1.000000 0.171875
vt 1.000000 0.187500
vt 1.000000 0.203125
vt 1.000000 0.218750
vt 1.000000 0.234375
vt 1.000000 0.250000
vt 1.000000 0.265625
vt 1.000000 0.281250
vt 1.000000 0.296875
vt 1.000000 0.312500
vt 1.000000 0.328125
vt 1.000000 0.343750
vt 1.000000 0.359375
vt 1.000000 0.375000
vt 1.000000 0.390625
vt 1.000000 0.406250
vt 1.000000 0.421875
vt 1.000000 0.437500
vt 1.000000 0.453125
vt 1.000000 0.468750
vt 1.000000 0.484375
vt 1.000000 0.500000
vt 1.000000 0.515625
vt 1.000000 0.531250
vt 1.000000 0.546875
vt 1.000000 0.562500
vt 1.000000 0.578125
vt 1.000000 0.593750
vt 1.000000 0.609375
vt 1.000000 0.625000
vt 1.000000 0.640625
vt 1.000000 0.656250
vt 1.000000 0.671875
vt 1.000000 0.687500
vt 1.000000 0.703125
vt 1.000000 0.718750
vt 1.000000 0.734375
vt 1.000000 0.750000
vt 1.000000 0.765625
vt 1.000000 0.781250
vt 1.000000 0.796875
vt 1.000000 0.812500
vt 1.000000 0.828125
vt 1.000000 0.843750
vt 1.000000 0.859375
vt 1.000000 0.875000
vt 1.000000 0.890625
vt 1.000000 0.906250
vt 1.000000 0.921875
vt 1.000000 0.937500
vt 1.000000 0.953125
vt 1.000000 0.968750
vt 1.000000 0.984375
vt 1.000000 1.000000
vt 0.984375 1.000000
vt 0.968750 1.000000
vt 0.953125 1.000000
vt 0.937500 1.000000
vt 0.921875 1.000000
vt 0.906250 1.000000
vt 0.890625 1.000000
vt 0.875000 1.000000
vt 0.859375 1.000000
vt 0.843750 1.000000
vt 0.828125 1.000000
vt 0.812500 1.000000
vt 0.796875 1.000000
vt 0.781250 1.000000
vt 0.765625 1.000000
vt 0.750000 1.000000
vt 0.734375 1.000000
vt 0.718750 1.000000
vt 0.703125 1.000000
vt 0.687500 1.000000
vt 0.671875 1.000000
vt 0.656250 1.000000
vt 0.640625 1.000000
vt 0.625000 1.000000
vt 0.609375 1.000000
vt 0.593750 1.000000
vt 0.578125 1.000000
vt 0.562500 1.000000
vt 0.546875 1.000000
vt 0.531250 1.000000
vt 0.515625 1.000000
vt 0.500000 1.000000
vt 0.484375 1.000000
vt 0.468750 1.000000
vt 0.453125 1.000000
vt 0.437500 1.000000
vt 0.421875 1.000000
vt 0.406250 1.000000
vt 0.390625 1.000000
vt 0.375000 1.000000
vt 0.359375 1.000000
vt 0.343750 1.000000
vt 0.328125 1.000000
vt 0.312500 1.000000
vt 0.296875 1.000000
vt 0.281250 1.000000
vt 0.265625 1.000000
vt 0.250000 1.000000
vt 0.234375 1.000000
vt 0.218750 1.000000
vt 0.203125 1.000000
vt 0.187500 1.000000
vt 0.171875 1.000000
vt 0.156250 1.000000
vt 0.140625 1.000000
vt 0.125000 1.000000
vt 0.109375 1.000000
vt 0.093750 1.000000
vt 0.078125 1.000000
vt 0.062500 1.000000
vt 0.046875 1.000000
vt 0.031250 1.000000
vt 0.015625 1.000000
vt -0.000000 0.984375
vt -0.000000 1.000000
vt -0.000000 0.968750
vt -0.000000 0.953125
vt -0.000000 0.937500
vt -0.000000 0.921875
vt -0.000000 0.906250
vt -0.000000 0.890625
vt -0.000000 0.875000
vt -0.000000 0.859375
vt -0.000000 0.843750
vt -0.000000 0.828125
vt -0.000000 0.812500
vt -0.000000 0.796875
vt -0.000000 0.781250
vt -0.000000 0.765625
vt -0.000000 0.750000
vt -0.000000 0.734375
vt -0.000000 0.718750
vt -0.000000 0.703125
vt -0.000000 0.687500
vt -0.000000 0.671875
vt -0.000000 0.656250
vt -0.000000 0.640625
vt -0.000000 0.625000
vt -0.000000 0.609375
vt -0.000000 0.593750
vt -0.000000 0.578125
vt -0.000000 0.562500
vt -0.000000 0.546875
vt -0.000000 0.531250
vt -0.000000 0.515625
vt -0.000000 0.500000
vt -0.000000 0.484375
vt -0.000000 0.468750
vt -0.000000 0.453125
vt -0.000000 0.437500
vt -0.000000 0.421875
vt -0.000000 0.406250
vt -0.000000 0.390625
vt -0.000000 0.375000
vt -0.000000 0.359375
vt -0.000000 0.343750
vt -0.000000 0.328125
vt -0.000000 0.312500
vt -0.000000 0.296875
vt -0.000000 0.281250
vt -0.000000 0.265625
vt -0.000000 0.250000
vt -0.000000 0.234375
vt -0.000000 0.218750
vt -0.000000 0.203125
vt -0.000000 0.187500
vt -0.000000 0.171875
vt -0.000000 0.156250
vt -0.000000 0.140625
vt -0.000000 0.125000
vt -0.000000 0.109375
vt -0.000000 0.093750
vt -0.000000 0.078125
vt -0.000000 0.062500
vt -0.000000 0.046875
vt -0.000000 0.031250
s 1
usemtl rastMat.001
f 257/1/257 258/2/258 321/3/321 320/4/320
f 258/2/258 259/5/259 322/6/322 321/3/321
f 259/5/259 260/7/260 323/8/323 322/6/322
f 260/7/260 261/9/261 324/10/324 323/8/323
f 261/9/261 262/11/262 325/12/325 324/10/324
f 262/11/262 263/13/263 326/14/326 325/12/325
f 263/13/263 264/15/264 327/16/327 326/14/326
f 264/15/264 265/17/265 328/18/328 327/16/327
f 265/17/265 266/19/266 329/20/329 328/18/328
f 266/19/266 267/21/267 330/22/330 329/20/329
f 267/21/267 268/23/268 331/24/331 330/22/330
f 268/23/268 269/25/269 332/26/332 331/24/331
f 269/25/269 270/27/270 333/28/333 332/26/332
f 270/27/270 271/29/271 334/30/334 333/28/333
f 271/29/271 272/31/272 335/32/335 334/30/334
f 272/31/272 273/33/273 336/34/336 335/32/335
f 273/33/273 274/35/274 337/36/337 336/34/336
f 274/35/274 275/37/275 338/38/338 337/36/337
f 275/37/275 276/39/276 339/40/339 338/38/338
f 276/39/276 277/41/277 340/42/340 339/40/339
f 277/41/277 278/43/278 341/44/341 340/42/340
f 278/43/278 279/45/279 342/46/342 341/44/341
f 279/45/279 280/47/280 343/48/343 342/46/342
f 280/47/280 281/49/281 344/50/344 343/48/343
f 281/49/281 282/51/282 345/52/345 344/50/344
f 282/51/282 283/53/283 346/54/346 345/52/345
f 283/53/283 284/55/284 347/56/347 346/54/346
f 284/55/284 285/57/285 348/58/348 347/56/347
f 285/57/285 286/59/286 349/60/349 348/58/348
f 286/59/286 287/61/287 350/62/350 349/60/349
f 287/61/287 288/63/288 351/64/351 350/62/350
f 288/63/288 289/65/289 352/66/352 351/64/351
f 289/65/289 290/67/290 353/68/353 352/66/352
f 290/67/290 291/69/291 354/70/354 353/68/353
f 291/69/291 292/71/292 355/72/355 354/70/354
f 292/71/292 293/73/293 356/74/356 355/72/355
f 293/73/293 294/75/294 357/76/357 356/74/356
f 294/75/294 295/77/295 358/78/358 357/76/357
f 295/77/295 296/79/296 359/80/359 358/78/358
f 296/79/296 297/81/297 360/82/360 359/80/359
f 297/81/297 298/83/298 361/84/361 360/82/360
f 298/83/298 299/85/299 362/86/362 361/84/361
f 299/85/299 300/87/300 363/88/363 362/86/362
f 300/87/300 301/89/301 364/90/364 363/88/363
f 301/89/301 302/91/302 365/92/365 364/90/364
f 302/91/302 303/93/303 366/94/366 365/92/365
f 303/93/303 304/95/304 367/96/367 366/94/366
f 304/95/304 305/97/305 368/98/368 367/96/367
f 305/97/305 306/99/306 369/100/369 368/98/368
f 306/99/306 307/101/307 370/102/370 369/100/369
f 307/101/307 308/103/308 371/104/371 370/102/370
f 308/103/308 309/105/309 372/106/372 371/104/371
f 309/105/309 310/107/310 373/108/373 372/106/372
f 310/107/310 311/109/311 374/110/374 373/108/373
f 311/109/311 312/111/312 375/112/375 374/110/374
f 312/111/312 313/113/313 376/114/376 375/112/375
f 313/113/313 314/115/314 377/116/377 376/114/376
f 314/115/314 315/117/315 378/118/378 377/116/377
f 315/117/315 316/119/316 379/120/379 378/118/378
f 316/119/316 317/121/317 380/122/380 379/120/379
f 317/121/317 318/123/318 381/124/381 380/122/380
f 318/123/318 319/125/319 382/126/382 381/124/381
f 320/4/320 321/3/321 384/127/384 383/128/383
f 321/3/321 322/6/322 385/129/385 384/127/384
f 322/6/322 323/8/323 386/130/386 385/129/385
f 323/8/323 324/10/324 387/131/387 386/130/386
f 324/10/324 325/12/325 388/132/388 387/131/387
f 325/12/325 326/14/326 389/133/389 388/132/388
f 326/14/326 327/16/327 390/134/390 389/133/389
f 327/16/327 328/18/328 391/135/391 390/134/390
f 328/18/328 329/20/329 392/136/392 391/135/391
f 329/20/329 330/22/330 393/137/393 392/136/392
f 330/22/330 331/24/331 394/138/394 393/137/393
f 331/24/331 332/26/332 395/139/395 394/138/394
f 332/26/332 333/28/333 396/140/396 395/139/395
f 333/28/333 334/30/334 397/141/397 396/140/396
f 334/30/334 335/32/335 398/142/398 397/141/397
f 335/32/335 336/34/336 399/143/399 398/142/398
f 336/34/336 337/36/337 400/144/400 399/143/399
f 337/36/337 338/38/338 401/145/401 400/144/400
f 338/38/338 339/40/339 402/146/402 401/145/401
f 339/40/339 340/42/340 403/147/403 402/146/402
f 340/42/340 341/44/341 404/148/404 403/147/403
f 341/44/341 342/46/342 405/149/405 404/148/404
f 342/46/342 343/48/343 406/150/406 405/149/405
f 343/48/343 344/50/344 407/151/407 406/150/406
f 344/50/344 345/52/345 408/152/408 407/151/407
f 345/52/345 346/54/346 409/153/409 408/152/408
f 346/54/346 347/56/347 410/154/410 409/153/409
f 347/56/347 348/58/348 411/155/411 410/154/410
f 348/58/348 349/60/349 412/156/412 411/155/411
f 349/60/349 350/62/350 413/157/413 412/156/412
f 350/62/350 351/64/351 414/158/414 413/157/413
f 351/64/351 352/66/352 415/159/415 414/158/414
f 352/66/352 353/68/353 416/160/416 415/159/415
f 353/68/353 354/70/354 417/161/417 416/160/416
f 354/70/354 355/72/355 418/162/418 417/161/417
f 355/72/355 356/74/356 419/163/419 418/162/418
f 356/74/356 357/76/357 420/164/420 419/163/419
f 357/76/357 358/78/358 421/165/421 420/164/420
f 358/78/358 359/80/359 422/166/422 421/165/421
f 359/80/359 360/82/360 423/167/423 422/166/422
f 360/82/360 361/84/361 424/168/424 423/167/423
f 361/84/361 362/86/362 425/169/425 424/168/424
f 362/86/362 363/88/363 426/170/426 425/169/425
f 363/88/363 364/90/364 427/171/427 426/170/426
f 364/90/364 365/92/365 428/172/428 427/171/427
f 365/92/365 366/94/366 429/173/429 428/172/428
f 366/94/366 367/96/367 430/174/430 429/173/429
f 367/96/367 368/98/368 431/175/431 430/174/430
f 368/98/368 369/100/369 432/176/432 431/175/431
f 369/100/369 370/102/370 433/177/433 432/176/432
f 370/102/370 371/104/371 434/178/434 433/177/433
f 371/104/371 372/106/372 435/179/435 434/178/434
f 372/106/372 373/108/373 436/180/436 435/179/435
f 373/108/373 374/110/374 437/181/437 436/180/436
f 374/110/374 375/112/375 438/182/438 437/181/437
f 375/112/375 376/114/376 439/183/439 438/182/438
f 376/114/376 377/116/377 440/184/440 439/183/439
f 377/116/377 378/118/378 441/185/441 440/184/440
f 378/118/378 379/120/379 442/186/442 441/185/441
f 379/120/379 380/122/380 443/187/443 442/186/442
f 380/122/380 381/124/381 444/188/444 443/187/443
f 381/124/381 382/126/382 445/189/445 444/188/444
f 383/128/383 384/127/384 447/190/447 446/191/446
f 384/127/384 385/129/385 448/192/448 447/190/447
f 385/129/385 386/130/386 449/193/449 448/192/448
f 386/130/386 387/131/387 450/194/450 449/193/449
f 387/131/387 388/132/388 451/195/451 450/194/450
f 388/132/388 389/133/389 452/196/452 451/195/451
f 389/133/389 390/134/390 453/197/453 452/196/452
f 390/134/390 391/135/391 454/198/454 453/197/453
f 391/135/391 392/136/392 455/199/455 454/198/454
f 392/136/392 393/137/393 456/200/456 455/199/455
f 393/137/393 394/138/394 457/201/457 456/200/456
f 394/138/394 395/139/395 458/202/458 457/201/457
f 395/139/395 396/140/396 459/203/459 458/202/458
f 396/140/396 397/141/397 460/204/460 459/203/459
f 397/141/397 398/142/398 461/205/461 460/204/460
f 398/142/398 399/143/399 462/206/462 461/205/461
f 399/143/399 400/144/400 463/207/463 462/206/462
f 400/144/400 401/145/401 464/208/464 463/207/463
f 401/145/401 402/146/402 465/209/465 464/208/464
f 402/146/402 403/147/403 466/210/466 465/209/465
f 403/147/403 404/148/404 467/211/467 466/210/466
f 404/148/404 405/149/405 468/212/468 467/211/467
f 405/149/405 406/150/406 469/213/469 468/212/468
f 406/150/406 407/151/407 470/214/470 469/213/469
f 407/151/407 408/152/408 471/215/471 470/214/470
f 408/152/408 409/153/409 472/216/472 471/215/471
f 409/153/409 410/154/410 473/217/473 472/216/472
f 410/154/410 411/155/411 474/218/474 473/217/473
f 411/155/411 412/156/412 475/219/475 474/218/474
f 412/156/412 413/157/413 476/220/476 475/219/475
f 413/157/413 414/158/414 477/221/477 476/220/476
f 414/158/414 415/159/415 478/222/478 477/221/477
f 415/159/415 416/160/416 479/223/479 478/222/478
f 416/160/416 417/161/417 480/224/480 479/223/479
f 417/161/417 418/162/418 481/225/481 480/224/480
f 418/162/418 419/163/419 482/226/482 481/225/481
f 419/163/419 420/164/420 483/227/483 482/226/482
f 420/164/420 421/165/421 484/228/484 483/227/483
f 421/165/421 422/166/422 485/229/485 484/228/484
f 422/166/422 423/167/423 486/230/486 485/229/485
f 423/167/423 424/168/424 487/231/487 486/230/486
f 424/168/424 425/169/425 488/232/488 487/231/487
f 425/169/425 426/170/426 489/233/489 488/232/488
f 426/170/426 427/171/427 490/234/490 489/233/489
f 427/171/427 428/172/428 491/235/491 490/234/490
f 428/172/428 429/173/429 492/236/492 491/235/491
f 429/173/429 430/174/430 493/237/493 492/236/492
f 430/174/430 431/175/431 494/238/494 493/237/493
f 431/175/431 432/176/432 495/239/495 494/238/494
f 432/176/432 433/177/433 496/240/496 495/239/495
f 433/177/433 434/178/434 497/241/497 496/240/496
f 434/178/434 435/179/435 498/242/498 497/241/497
f 435/179/435 436/180/436 499/243/499 498/242/498
f 436/180/436 437/181/437 500/244/500 499/243/499
f 437/181/437 438/182/438 501/245/501 500/244/500
f 438/182/438 439/183/439 502/246/502 501/245/501
f 439/183/439 440/184/440 503/247/503 502/246/502
f 440/184/440 441/185/441 504/248/504 503/247/503
f 441/185/441 442/186/442 505/249/505 504/248/504
f 442/186/442 443/187/443 506/250/506 505/249/505
f 443/187/443 444/188/444 507/251/507 506/250/506
f 444/188/444 445/189/445 508/252/508 507/251/507
f 446/191/446 447/190/447 510/253/510 509/254/509
f 447/190/447 448/192/448 511/255/511 510/253/510
f 448/192/448 449/193/449 512/256/512 511/255/511
f 449/193/449 450/194/450 513/257/513 512/256/512
f 450/194/450 451/195/451 514/258/514 513/257/513
f 451/195/451 452/196/452 515/259/515 514/258/514
f 452/196/452 453/197/453 516/260/516 515/259/515
f 453/197/453 454/198/454 517/261/517 516/260/516
f 454/198/454 455/199/455 518/262/518 517/261/517
f 455/199/455 456/200/456 519/263/519 518/262/518
f 456/200/456 457/201/457 520/264/520 519/263/519
f 457/201/457 458/202/458 521/265/521 520/264/520
f 458/202/458 459/203/459 522/266/522 521/265/521
f 459/203/459 460/204/460 523/267/523 522/266/522
f 460/204/460 461/205/461 524/268/524 523/267/523
f 461/205/461 462/206/462 525/269/525 524/268/524
f 462/206/462 463/207/463 526/270/526 525/269/525
f 463/207/463 464/208/464 527/271/527 526/270/526
f 464/208/464 465/209/465 528/272/528 527/271/527
f 465/209/465 466/210/466 529/273/529 528/272/528
f 466/210/466 467/211/467 530/274/530 529/273/529
f 467/211/467 468/212/468 531/275/531 530/274/530
f 468/212/468 469/213/469 532/276/532 531/275/531
f 469/213/469 470/214/470 533/277/533 532/276/532
f 470/214/470 471/215/471 534/278/534 533/277/533
f 471/215/471 472/216/472 535/279/535 534/278/534
f 472/216/472 473/217/473 536/280/536 535/279/535
f 473/217/473 474/218/474 537/281/537 536/280/536
f 474/218/474 475/219/475 538/282/538 537/281/537
f 475/219/475 476/220/476 539/283/539 538/282/538
f 476/220/476 477/221/477 540/284/540 539/283/539
f 477/221/477 478/222/478 541/285/541 540/284/540
f 478/222/478 479/223/479 542/286/542 541/285/541
f 479/223/479 480/224/480 543/287/543 542/286/542
f 480/224/480 481/225/481 544/288/544 543/287/543
f 481/225/481 482/226/482 545/289/545 544/288/544
f 482/226/482 483/227/483 546/290/546 545/289/545
f 483/227/483 484/228/484 547/291/547 546/290/546
f 484/228/484 485/229/485 548/292/548 547/291/547
f 485/229/485 486/230/486 549/293/549 548/292/548
f 486/230/486 487/231/487 550/294/550 549/293/549
f 487/231/487 488/232/488 551/295/551 550/294/550
f 488/232/488 489/233/489 552/296/552 551/295/551
f 489/233/489 490/234/490 553/297/553 552/296/552
f 490/234/490 491/235/491 554/298/554 553/297/553
f 491/235/491 492/236/492 555/299/555 554/298/554
f 492/236/492 493/237/493 556/300/556 555/299/555
f 493/237/493 494/238/494 557/301/557 556/300/556
f 494/238/494 495/239/495 558/302/558 557/301/557
f 495/239/495 496/240/496 559/303/559 558/302/558
f 496/240/496 497/241/497 560/304/560 559/303/559
f 497/241/497 498/242/498 561/305/561 560/304/560
f 498/242/498 499/243/499 562/306/562 561/305/561
f 499/243/499 500/244/500 563/307/563 562/306/562
f 500/244/500 501/245/501 564/308/564 563/307/563
f 501/245/501 502/246/502 565/309/565 564/308/564
f 502/246/502 503/247/503 566/310/566 565/309/565
f 503/247/503 504/248/504 567/311/567 566/310/566
f 504/248/504 505/249/505 568/312/568 567/311/567
f 505/249/505 506/250/506 569/313/569 568/312/568
f 506/250/506 507/251/507 570/314/570 569/313/569
f 507/251/507 508/252/508 571/315/571 570/314/570
f 509/254/509 510/253/510 573/316/573 572/317/572
f 510/253/510 511/255/511 574/318/574 573/316/573
f 511/255/511 512/256/512 575/319/575 574/318/574
f 512/256/512 513/257/513 576/320/576 575/319/575
f 513/257/513 514/258/514 577/321/577 576/320/576
f 514/258/514 515/259/515 578/322/578 577/321/577
f 515/259/515 516/260/516 579/323/579 578/322/578
f 516/260/516 517/261/517 580/324/580 579/323/579
f 517/261/517 518/262/518 581/325/581 580/324/580
f 518/262/518 519/263/519 582/326/582 581/325/581
f 519/263/519 520/264/520 583/327/583 582/326/582
f 520/264/520 521/265/521 584/328/584 583/327/583
f 521/265/521 522/266/522 585/329/585 584/328/584
f 522/266/522 523/267/523 586/330/586 585/329/585
f 523/267/523 524/268/524 587/331/587 586/330/586
f 524/268/524 525/269/525 588/332/588 587/331/587
f 525/269/525 526/270/526 589/333/589 588/332/588
f 526/270/526 527/271/527 590/334/590 589/333/589
f 527/271/527 528/272/528 591/335/591 590/334/590
f 528/272/528 529/273/529 592/336/592 591/335/591
f 529/273/529 530/274/530 593/337/593 592/336/592
f 530/274/530 531/275/531 594/338/594 593/337/593
f 531/275/531 532/276/532 595/339/595 594/338/594
f 532/276/532 533/277/533 596/340/596 595/339/595
f 533/277/533 534/278/534 597/341/597 596/340/596
f 534/278/534 535/279/535 598/342/598 597/341/597
f 535/279/535 536/280/536 599/343/599 598/342/598
f 536/280/536 537/281/537 600/344/600 599/343/599
f 537/281/537 538/282/538 601/345/601 600/344/600
f 538/282/538 539/283/539 602/346/602 601/345/601
f 539/283/539 540/284/540 603/347/603 602/346/602
f 540/284/540 541/285/541 604/348/604 603/347/603
f 541/285/541 542/286/542 605/349/605 604/348/604
f 542/286/542 543/287/543 606/350/606 605/349/605
f 543/287/543 544/288/544 607/351/607 606/350/606
f 544/288/544 545/289/545 608/352/608 607/351/607
f 545/289/545 546/290/546 609/353/609 608/352/608
f 546/290/546 547/291/547 610/354/610 609/353/609
f 547/291/547 548/292/548 611/355/611 610/354/610
f 548/292/548 549/293/549 612/356/612 611/355/611
f 549/293/549 550/294/550 613/357/613 612/356/612
f 550/294/550 551/295/551 614/358/614 613/357/613
f 551/295/551 552/296/552 615/359/615 614/358/614
f 552/296/552 553/297/553 616/360/616 615/359/615
f 553/297/553 554/298/554 617/361/617 616/360/616
f 554/298/554 555/299/555 618/362/618 617/361/617
f 555/299/555 556/300/556 619/363/619 618/362/618
f 556/300/556 557/301/557 620/364/620 619/363/619
f 557/301/557 558/302/558 621/365/621 620/364/620
f 558/302/558 559/303/559 622/366/622 621/365/621
f 559/303/559 560/304/560 623/367/623 622/366/622
f 560/304/560 561/305/561 624/368/624 623/367/623
f 561/305/561 562/306/562 625/369/625 624/368/624
f 562/306/562 563/307/563 626/370/626 625/369/625
f 563/307/563 564/308/564 627/371/627 626/370/626
f 564/308/564 565/309/565 628/372/628 627/371/627
f 565/309/565 566/310/566 629/373/629 628/372/628
f 566/310/566 567/311/567 630/374/630 629/373/629
f 567/311/567 568/312/568 631/375/631 630/374/630
f 568/312/568 569/313/569 632/376/632 631/375/631
f 569/313/569 570/314/570 633/377/633 632/376/632
f 570/314/570 571/315/571 634/378/634 633/377/633
f 572/317/572 573/316/573 636/379/636 635/380/635
f 573/316/573 574/318/574 637/381/637 636/379/636
f 574/318/574 575/319/575 638/382/638 637/381/637
f 575/319/575 576/320/576 639/383/639 638/382/638
f 576/320/576 577/321/577 640/384/640 639/383/639
f 577/321/577 578/322/578 641/385/641 640/384/640
f 578/322/578 579/323/579 642/386/642 641/385/641
f 579/323/579 580/324/580 643/387/643 642/386/642
f 580/324/580 581/325/581 644/388/644 643/387/643
f 581/325/581 582/326/582 645/389/645 644/388/644
f 582/326/582 583/327/583 646/390/646 645/389/645
f 583/327/583 584/328/584 647/391/647 646/390/646
f 584/328/584 585/329/585 648/392/648 647/391/647
f 585/329/585 586/330/586 649/393/649 648/392/648
f 586/330/586 587/331/587 650/394/650 649/393/649
f 587/331/587 588/332/588 651/395/651 650/394/650
f 588/332/588 589/333/589 652/396/652 651/395/651
f 589/333/589 590/334/590 653/397/653 652/396/652
f 590/334/590 591/335/591 654/398/654 653/397/653
f 591/335/591 592/336/592 655/399/655 654/398/654
f 592/336/592 593/337/593 656/400/656 655/399/655
f 593/337/593 594/338/594 657/401/657 656/400/656
f 594/338/594 595/339/595 658/402/658 657/401/657
f 595/339/595 596/340/596 659/403/659 658/402/658
f 596/340/596 597/341/597 660/404/660 659/403/659
f 597/341/597 598/342/598 661/405/661 660/404/660
f 598/342/598 599/343/599 662/406/662 661/405/661
f 599/343/599 600/344/600 663/407/663 662/406/662
f 600/344/600 601/345/601 664/408/664 663/407/663
f 601/345/601 602/346/602 665/409/665 664/408/664
f 602/346/602 603/347/603 666/410/666 665/409/665
f 603/347/603 604/348/604 667/411/667 666/410/666
f 604/348/604 605/349/605 668/412/668 667/411/667
f 605/349/605 606/350/606 669/413/669 668/412/668
f 606/350/606 607/351/607 670/414/670 669/413/669
f 607/351/607 608/352/608 671/415/671 670/414/670
f 608/352/608 609/353/609 672/416/672 671/415/671
f 609/353/609 610/354/610 673/417/673 672/416/672
f 610/354/610 611/355/611 674/418/674 673/417/673
f 611/355/611 612/356/612 675/419/675 674/418/674
f 612/356/612 613/357/613 676/420/676 675/419/675
f 613/357/613 614/358/614 677/421/677 676/420/676
f 614/358/614 615/359/615 678/422/678 677/421/677
f 615/359/615 616/360/616 679/423/679 678/422/678
f 616/360/616 617/361/617 680/424/680 679/423/679
f 617/361/617 618/362/618 681/425/681 680/424/680
f 618/362/618 619/363/619 682/426/682 681/425/681
f 619/363/619 620/364/620 683/427/683 682/426/682
f 620/364/620 621/365/621 684/428/684 683/427/683
f 621/365/621 622/366/622 685/429/685 684/428/684
f 622/366/622 623/367/623 686/430/686 685/429/685
f 623/367/623 624/368/624 687/431/687 686/430/686
f 624/368/624 625/369/625 688/432/688 687/431/687
f 625/369/625 626/370/626 689/433/689 688/432/688
f 626/370/626 627/371/627 690/434/690 689/433/689
f 627/371/627 628/372/628 691/435/691 690/434/690
f 628/372/628 629/373/629 692/436/692 691/435/691
f 629/373/629 630/374/630 693/437/693 692/436/692
f 630/374/630 631/375/631 694/438/694 693/437/693
f 631/375/631 632/376/632 695/439/695 694/438/694
f 632/376/632 633/377/633 696/440/696 695/439/695
f 633/377/633 634/378/634 697/441/697 696/440/696
f 635/380/635 636/379/636 699/442/699 698/443/698
f 636/379/636 637/381/637 700/444/700 699/442/699
f 637/381/637 638/382/638 701/445/701 700/444/700
f 638/382/638 639/383/639 702/446/702 701/445/701
f 639/383/639 640/384/640 703/447/703 702/446/702
f 640/384/640 641/385/641 704/448/704 703/447/703
f 641/385/641 642/386/642 705/449/705 704/448/704
f 642/386/642 643/387/643 706/450/706 705/449/705
f 643/387/643 644/388/644 707/451/707 706/450/706
f 644/388/644 645/389/645 708/452/708 707/451/707
f 645/389/645 646/390/646 709/453/709 708/452/708
f 646/390/646 647/391/647 710/454/710 709/453/709
f 647/391/647 648/392/648 711/455/711 710/454/710
f 648/392/648 649/393/649 712/456/712 711/455/711
f 649/393/649 650/394/650 713/457/713 712/456/712
f 650/394/650 651/395/651 714/458/714 713/457/713
f 651/395/651 652/396/652 715/459/715 714/458/714
f 652/396/652 653/397/653 716/460/716 715/459/715
f 653/397/653 654/398/654 717/461/717 716/460/716
f 654/398/654 655/399/655 718/462/718 717/461/717
f 655/399/655 656/400/656 719/463/719 718/462/718
f 656/400/656 657/401/657 720/464/720 719/463/719
f 657/401/657 658/402/658 721/465/721 720/464/720
f 658/402/658 659/403/659 722/466/722 721/465/721
f 659/403/659 660/404/660 723/467/723 722/466/722
f 660/404/660 661/405/661 724/468/724 723/467/723
f 661/405/661 662/406/662 725/469/725 724/468/724
f 662/406/662 663/407/663 726/470/726 725/469/725
f 663/407/663 664/408/664 727/471/727 726/470/726
f 664/408/664 665/409/665 728/472/728 727/471/727
f 665/409/665 666/410/666 729/473/729 728/472/728
f 666/410/666 667/411/667 730/474/730 729/473/729
f 667/411/667 668/412/668 731/475/731 730/474/730
f 668/412/668 669/413/669 732/476/732 731/475/731
f 669/413/669 670/414/670 733/477/733 732/476/732
f 670/414/670 671/415/671 734/478/734 733/477/733
f 671/415/671 672/416/672 735/479/735 734/478/734
f 672/416/672 673/417/673 736/480/736 735/479/735
f 673/417/673 674/418/674 737/481/737 736/480/736
f 674/418/674 675/419/675 738/482/738 737/481/737
f 675/419/675 676/420/676 739/483/739 738/482/738
f 676/420/676 677/421/677 740/484/740 739/483/739
f 677/421/677 678/422/678 741/485/741 740/484/740
f 678/422/678 679/423/679 742/486/742 741/485/741
f 679/423/679 680/424/680 743/487/743 742/486/742
f 680/424/680 681/425/681 744/488/744 743/487/743
f 681/425/681 682/426/682 745/489/745 744/488/744
f 682/426/682 683/427/683 746/490/746 745/489/745
f 683/427/683 684/428/684 747/491/747 746/490/746
f 684/428/684 685/429/685 748/492/748 747/491/747
f 685/429/685 686/430/686 749/493/749 748/492/748
f 686/430/686 687/431/687 750/494/750 749/493/749
f 687/431/687 688/432/688 751/495/751 750/494/750
f 688/432/688 689/433/689 752/496/752 751/495/751
f 689/433/689 690/434/690 753/497/753 752/496/752
f 690/434/690 691/435/691 754/498/754 753/497/753
f 691/435/691 692/436/692 755/499/755 754/498/754
f 692/436/692 693/437/693 756/500/756 755/499/755
f 693/437/693 694/438/694 757/501/757 756/500/756
f 694/438/694 695/439/695 758/502/758 757/501/757
f 695/439/695 696/440/696 759/503/759 758/502/758
f 696/440/696 697/441/697 760/504/760 759/503/759
f 698/443/698 699/442/699 762/505/762 761/506/761
f 699/442/699 700/444/700 763/507/763 762/505/762
f 700/444/700 701/445/701 764/508/764 763/507/763
f 701/445/701 702/446/702 765/509/765 764/508/764
f 702/446/702 703/447/703 766/510/766 765/509/765
f 703/447/703 704/448/704 767/511/767 766/510/766
f 704/448/704 705/449/705 768/512/768 767/511/767
f 705/449/705 706/450/706 769/513/769 768/512/768
f 706/450/706 707/451/707 770/514/770 769/513/769
f 707/451/707 708/452/708 771/515/771 770/514/770
f 708/452/708 709/453/709 772/516/772 771/515/771
f 709/453/709 710/454/710 773/517/773 772/516/772
f 710/454/710 711/455/711 774/518/774 773/517/773
f 711/455/711 712/456/712 775/519/775 774/518/774
f 712/456/712 713/457/713 776/520/776 775/519/775
f 713/457/713 714/458/714 777/521/777 776/520/776
f 714/458/714 715/459/715 778/522/778 777/521/777
f 715/459/715 716/460/716 779/523/779 778/522/778
f 716/460/716 717/461/717 780/524/780 779/523/779
f 717/461/717 718/462/718 781/525/781 780/524/780
f 718/462/718 719/463/719 782/526/782 781/525/781
f 719/463/719 720/464/720 783/527/783 782/526/782
f 720/464/720 721/465/721 784/528/784 783/527/783
f 721/465/721 722/466/722 785/529/785 784/528/784
f 722/466/722 723/467/723 786/530/786 785/529/785
f 723/467/723 724/468/724 787/531/787 786/530/786
f 724/468/724 725/469/725 788/532/788 787/531/787
f 725/469/725 726/470/726 789/533/789 788/532/788
f 726/470/726 727/471/727 790/534/790 789/533/789
f 727/471/727 728/472/728 791/535/791 790/534/790
f 728/472/728 729/473/729 792/536/792 791/535/791
f 729/473/729 730/474/730 793/537/793 792/536/792
f 730/474/730 731/475/731 794/538/794 793/537/793
f 731/475/731 732/476/732 795/539/795 794/538/794
f 732/476/732 733/477/733 796/540/796 795/539/795
f 733/477/733 734/478/734 797/541/797 796/540/796
f 734/478/734 735/479/735 798/542/798 797/541/797
f 735/479/735 736/480/736 799/543/799 798/542/798
f 736/480/736 737/481/737 800/544/800 799/543/799
f 737/481/737 738/482/738 801/545/801 800/544/800
f 738/482/738 739/483/739 802/546/802 801/545/801
f 739/483/739 740/484/740 803/547/803 802/546/802
f 740/484/740 741/485/741 804/548/804 803/547/803
f 741/485/741 742/486/742 805/549/805 804/548/804
f 742/486/742 743/487/743 806/550/806 805/549/805
f 743/487/743 744/488/744 807/551/807 806/550/806
f 744/488/744 745/489/745 808/552/808 807/551/807
f 745/489/745 746/490/746 809/553/809 808/552/808
f 746/490/746 747/491/747 810/554/810 809/553/809
f 747/491/747 748/492/748 811/555/811 810/554/810
f 748/492/748 749/493/749 812/556/812 811/555/811
f 749/493/749 750/494/750 813/557/813 812/556/812
f 750/494/750 751/495/751 814/558/814 813/557/813
f 751/495/751 752/496/752 815/559/815 814/558/814
f 752/496/752 753/497/753 816/560/816 815/559/815
f 753/497/753 754/498/754 817/561/817 816/560/816
f 754/498/754 755/499/755 818/562/818 817/561/817
f 755/499/755 756/500/756 819/563/819 818/562/818
f 756/500/756 757/501/757 820/564/820 819/563/819
f 757/501/757 758/502/758 821/565/821 820/564/820
f 758/502/758 759/503/759 822/566/822 821/565/821
f 759/503/759 760/504/760 823/567/823 822/566/822
f 761/506/761 762/505/762 825/568/825 824/569/824
f 762/505/762 763/507/763 826/570/826 825/568/825
f 763/507/763 764/508/764 827/571/827 826/570/826
f 764/508/764 765/509/765 828/572/828 827/571/827
f 765/509/765 766/510/766 829/573/829 828/572/828
f 766/510/766 767/511/767 830/574/830 829/573/829
f 767/511/767 768/512/768 831/575/831 830/574/830
f 768/512/768 769/513/769 832/576/832 831/575/831
f 769/513/769 770/514/770 833/577/833 832/576/832
f 770/514/770 771/515/771 834/578/834 833/577/833
f 771/515/771 772/516/772 835/579/835 834/578/834
f 772/516/772 773/517/773 836/580/836 835/579/835
f 773/517/773 774/518/774 837/581/837 836/580/836
f 774/518/774 775/519/775 838/582/838 837/581/837
f 775/519/775 776/520/776 839/583/839 838/582/838
f 776/520/776 777/521/777 840/584/840 839/583/839
f 777/521/777 778/522/778 841/585/841 840/584/840
f 778/522/778 779/523/779 842/586/842 841/585/841
f 779/523/779 780/524/780 843/587/843 842/586/842
f 780/524/780 781/525/781 844/588/844 843/587/843
f 781/525/781 782/526/782 845/589/845 844/588/844
f 782/526/782 783/527/783 846/590/846 845/589/845
f 783/527/783 784/528/784 847/591/847 846/590/846
f 784/528/784 785/529/785 848/592/848 847/591/847
f 785/529/785 786/530/786 849/593/849 848/592/848
f 786/530/786 787/531/787 850/594/850 849/593/849
f 787/531/787 788/532/788 851/595/851 850/594/850
f 788/532/788 789/533/789 852/596/852 851/595/851
f 789/533/789 790/534/790 853/597/853 852/596/852
f 790/534/790 791/535/791 854/598/854 853/597/853
f 791/535/791 792/536/792 855/599/855 854/598/854
f 792/536/792 793/537/793 856/600/856 855/599/855
f 793/537/793 794/538/794 857/601/857 856/600/856
f 794/538/794 795/539/795 858/602/858 857/601/857
f 795/539/795 796/540/796 859/603/859 858/602/858
f 796/540/796 797/541/797 860/604/860 859/603/859
f 797/541/797 798/542/798 861/605/861 860/604/860
f 798/542/798 799/543/799 862/606/862 861/605/861
f 799/543/799 800/544/800 863/607/863 862/606/862
f 800/544/800 801/545/801 864/608/864 863/607/863
f 801/545/801 802/546/802 865/609/865 864/608/864
f 802/546/802 803/547/803 866/610/866 865/609/865
f 803/547/803 804/548/804 867/611/867 866/610/866
f 804/548/804 805/549/805 868/612/868 867/611/867
f 805/549/805 806/550/806 869/613/869 868/612/868
f 806/550/806 807/551/807 870/614/870 869/613/869
f 807/551/807 808/552/808 871/615/871 870/614/870
f 808/552/808 809/553/809 872/616/872 871/615/871
f 809/553/809 810/554/810 873/617/873 872/616/872
f 810/554/810 811/555/811 874/618/874 873/617/873
f 811/555/811 812/556/812 875/619/875 874/618/874
f 812/556/812 813/557/813 876/620/876 875/619/875
f 813/557/813 814/558/814 877/621/877 876/620/876
f 814/558/814 815/559/815 878/622/878 877/621/877
f 815/559/815 816/560/816 879/623/879 878/622/878
f 816/560/816 817/561/817 880/624/880 879/623/879
f 817/561/817 818/562/818 881/625/881 880/624/880
f 818/562/818 819/563/819 882/626/882 881/625/881
f 819/563/819 820/564/820 883/627/883 882/626/882
f 820/564/820 821/565/821 884/628/884 883/627/883
f 821/565/821 822/566/822 885/629/885 884/628/884
f 822/566/822 823/567/823 886/630/886 885/629/885
f 824/569/824 825/568/825 888/631/888 887/632/887
f 825/568/825 826/570/826 889/633/889 888/631/888
f 826/570/826 827/571/827 890/634/890 889/633/889
f 827/571/827 828/572/828 891/635/891 890/634/890
f 828/572/828 829/573/829 892/636/892 891/635/891
f 829/573/829 830/574/830 893/637/893 892/636/892
f 830/574/830 831/575/831 894/638/894 893/637/893
f 831/575/831 832/576/832 895/639/895 894/638/894
f 832/576/832 833/577/833 896/640/896 895/639/895
f 833/577/833 834/578/834 897/641/897 896/640/896
f 834/578/834 835/579/835 898/642/898 897/641/897
f 835/579/835 836/580/836 899/643/899 898/642/898
f 836/580/836 837/581/837 900/644/900 899/643/899
f 837/581/837 838/582/838 901/645/901 900/644/900
f 838/582/838 839/583/839 902/646/902 901/645/901
f 839/583/839 840/584/840 903/647/903 902/646/902
f 840/584/840 841/585/841 904/648/904 903/647/903
f 841/585/841 842/586/842 905/649/905 904/648/904
f 842/586/842 843/587/843 906/650/906 905/649/905
f 843/587/843 844/588/844 907/651/907 906/650/906
f 844/588/844 845/589/845 908/652/908 907/651/907
f 845/589/845 846/590/846 909/653/909 908/652/908
f 846/590/846 847/591/847 910/654/910 909/653/909
f 847/591/847 848/592/848 911/655/911 910/654/910
f 848/592/848 849/593/849 912/656/912 911/655/911
f 849/593/849 850/594/850 913/657/913 912/656/912
f 850/594/850 851/595/851 914/658/914 913/657/913
f 851/595/851 852/596/852 915/659/915 914/658/914
f 852/596/852 853/597/853 916/660/916 915/659/915
f 853/597/853 854/598/854 917/661/917 916/660/916
f 854/598/854 855/599/855 918/662/918 917/661/917
f 855/599/855 856/600/856 919/663/919 918/662/918
f 856/600/856 857/601/857 920/664/920 919/663/919
f 857/601/857 858/602/858 921/665/921 920/664/920
f 858/602/858 859/603/859 922/666/922 921/665/921
f 859/603/859 860/604/860 923/667/923 922/666/922
f 860/604/860 861/605/861 924/668/924 923/667/923
f 861/605/861 862/606/862 925/669/925 924/668/924
f 862/606/862 863/607/863 926/670/926 925/669/925
f 863/607/863 864/608/864 927/671/927 926/670/926
f 864/608/864 865/609/865 928/672/928 927/671/927
f 865/609/865 866/610/866 929/673/929 928/672/928
f 866/610/866 867/611/867 930/674/930 929/673/929
f 867/611/867 868/612/868 931/675/931 930/674/930
f 868/612/868 869/613/869 932/676/932 931/675/931
f 869/613/869 870/614/870 933/677/933 932/676/932
f 870/614/870 871/615/871 934/678/934 933/677/933
f 871/615/871 872/616/872 935/679/935 934/678/934
f 872/616/872 873/617/873 936/680/936 935/679/935
f 873/617/873 874/618/874 937/681/937 936/680/936
f 874/618/874 875/619/875 938/682/938 937/681/937
f 875/619/875 876/620/876 939/683/939 938/682/938
f 876/620/876 877/621/877 940/684/940 939/683/939
f 877/621/877 878/622/878 941/685/941 940/684/940
f 878/622/878 879/623/879 942/686/942 941/685/941
f 879/623/879 880/624/880 943/687/943 942/686/942
f 880/624/880 881/625/881 944/688/944 943/687/943
f 881/625/881 882/626/882 945/689/945 944/688/944
f 882/626/882 883/627/883 946/690/946 945/689/945
f 883/627/883 884/628/884 947/691/947 946/690/946
f 884/628/884 885/629/885 948/692/948 947/691/947
f 885/629/885 886/630/886 949/693/949 948/692/948
f 887/632/887 888/631/888 951/694/951 950/695/950
f 888/631/888 889/633/889 952/696/952 951/694/951
f 889/633/889 890/634/890 953/697/953 952/696/952
f 890/634/890 891/635/891 954/698/954 953/697/953
f 891/635/891 892/636/892 955/699/955 954/698/954
f 892/636/892 893/637/893 956/700/956 955/699/955
f 893/637/893 894/638/894 957/701/957 956/700/956
f 894/638/894 895/639/895 958/702/958 957/701/957
f 895/639/895 896/640/896 959/703/959 958/702/958
f 896/640/896 897/641/897 960/704/960 959/703/959
f 897/641/897 898/642/898 961/705/961 960/704/960
f 898/642/898 899/643/899 962/706/962 961/705/961
f 899/643/899 900/644/900 963/707/963 962/706/962
f 900/644/900 901/645/901 964/708/964 963/707/963
f 901/645/901 902/646/902 965/709/965 964/708/964
f 902/646/902 903/647/903 966/710/966 965/709/965
f 903/647/903 904/648/904 967/711/967 966/710/966
f 904/648/904 905/649/905 968/712/968 967/711/967
f 905/649/905 906/650/906 969/713/969 968/712/968
f 906/650/906 907/651/907 970/714/970 969/713/969
f 907/651/907 908/652/908 971/715/971 970/714/970
f 908/652/908 909/653/909 972/716/972 971/715/971
f 909/653/909 910/654/910 973/717/973 972/716/972
f 910/654/910 911/655/911 974/718/974 973/717/973
f 911/655/911 912/656/912 975/719/975 974/718/974
f 912/656/912 913/657/913 976/720/976 975/719/975
f 913/657/913 914/658/914 977/721/977 976/720/976
f 914/658/914 915/659/915 978/722/978 977/721/977
f 915/659/915 916/660/916 979/723/979 978/722/978
f 916/660/916 917/661/917 980/724/980 979/723/979
f 917/661/917 918/662/918 981/725/981 980/724/980
f 918/662/918 919/663/919 982/726/982 981/725/981
f 919/663/919 920/664/920 983/727/983 982/726/982
f 920/664/920 921/665/921 984/728/984 983/727/983
f 921/665/921 922/666/922 985/729/985 984/728/984
f 922/666/922 923/667/923 986/730/986 985/729/985
f 923/667/923 924/668/924 987/731/987 986/730/986
f 924/668/924 925/669/925 988/732/988 987/731/987
f 925/669/925 926/670/926 989/733/989 988/732/988
f 926/670/926 927/671/927 990/734/990 989/733/989
f 927/671/927 928/672/928 991/735/991 990/734/990
f 928/672/928 929/673/929 992/736/992 991/735/991
f 929/673/929 930/674/930 993/737/993 992/736/992
f 930/674/930 931/675/931 994/738/994 993/737/993
f 931/675/931 932/676/932 995/739/995 994/738/994
f 932/676/932 933/677/933 996/740/996 995/739/995
f 933/677/933 934/678/934 997/741/997 996/740/996
f 934/678/934 935/679/935 998/742/998 997/741/997
f 935/679/935 936/680/936 999/743/999 998/742/998
f 936/680/936 937/681/937 1000/744/1000 999/743/999
f 937/681/937 938/682/938 1001/745/1001 1000/744/1000
f 938/682/938 939/683/939 1002/746/1002 1001/745/1001
f 939/683/939 940/684/940 1003/747/1003 1002/746/1002
f 940/684/940 941/685/941 1004/748/1004 1003/747/1003
f 941/685/941 942/686/942 1005/749/1005 1004/748/1004
f 942/686/942 943/687/943 1006/750/1006 1005/749/1005
f 943/687/943 944/688/944 1007/751/1007 1006/750/1006
f 944/688/944 945/689/945 1008/752/1008 1007/751/1007
f 945/689/945 946/690/946 1009/753/1009 1008/752/1008
f 946/690/946 947/691/947 1010/754/1010 1009/753/1009
f 947/691/947 948/692/948 1011/755/1011 1010/754/1010
f 948/692/948 949/693/949 1012/756/1012 1011/755/1011
f 950/695/950 951/694/951 1014/757/1014 1013/758/1013
f 951/694/951 952/696/952 1015/759/1015 1014/757/1014
f 952/696/952 953/697/953 1016/760/1016 1015/759/1015
f 953/697/953 954/698/954 1017/761/1017 1016/760/1016
f 954/698/954 955/699/955 1018/762/1018 1017/761/1017
f 955/699/955 956/700/956 1019/763/1019 1018/762/1018
f 956/700/956 957/701/957 1020/764/1020 1019/763/1019
f 957/701/957 958/702/958 1021/765/1021 1020/764/1020
f 958/702/958 959/703/959 1022/766/1022 1021/765/1021
f 959/703/959 960/704/960 1023/767/1023 1022/766/1022
f 960/704/960 961/705/961 1024/768/1024 1023/767/1023
f 961/705/961 962/706/962 1025/769/1025 1024/768/1024
f 962/706/962 963/707/963 1026/770/1026 1025/769/1025
f 963/707/963 964/708/964 1027/771/1027 1026/770/1026
f 964/708/964 965/709/965 1028/772/1028 1027/771/1027
f 965/709/965 966/710/966 1029/773/1029 1028/772/1028
f 966/710/966 967/711/967 1030/774/1030 1029/773/1029
f 967/711/967 968/712/968 1031/775/1031 1030/774/1030
f 968/712/968 969/713/969 1032/776/1032 1031/775/1031
f 969/713/969 970/714/970 1033/777/1033 1032/776/1032
f 970/714/970 971/715/971 1034/778/1034 1033/777/1033
f 971/715/971 972/716/972 1035/779/1035 1034/778/1034
f 972/716/972 973/717/973 1036/780/1036 1035/779/1035
f 973/717/973 974/718/974 1037/781/1037 1036/780/1036
f 974/718/974 975/719/975 1038/782/1038 1037/781/1037
f 975/719/975 976/720/976 1039/783/1039 1038/782/1038
f 976/720/976 977/721/977 1040/784/1040 1039/783/1039
f 977/721/977 978/722/978 1041/785/1041 1040/784/1040
f 978/722/978 979/723/979 1042/786/1042 1041/785/1041
f 979/723/979 980/724/980 1043/787/1043 1042/786/1042
f 980/724/980 981/725/981 1044/788/1044 1043/787/1043
f 981/725/981 982/726/982 1045/789/1045 1044/788/1044
f 982/726/982 983/727/983 1046/790/1046 1045/789/1045
f 983/727/983 984/728/984 1047/791/1047 1046/790/1046
f 984/728/984 985/729/985 1048/792/1048 1047/791/1047
f 985/729/985 986/730/986 1049/793/1049 1048/792/1048
f 986/730/986 987/731/987 1050/794/1050 1049/793/1049
f 987/731/987 988/732/988 1051/795/1051 1050/794/1050
f 988/732/988 989/733/989 1052/796/1052 1051/795/1051
f 989/733/989 990/734/990 1053/797/1053 1052/796/1052
f 990/734/990 991/735/991 1054/798/1054 1053/797/1053
f 991/735/991 992/736/992 1055/799/1055 1054/798/1054
f 992/736/992 993/737/993 1056/800/1056 1055/799/1055
f 993/737/993 994/738/994 1057/801/1057 1056/800/1056
f 994/738/994 995/739/995 1058/802/1058 1057/801/1057
f 995/739/995 996/740/996 1059/803/1059 1058/802/1058
f 996/740/996 997/741/997 1060/804/1060 1059/803/1059
f 997/741/997 998/742/998 1061/805/1061 1060/804/1060
f 998/742/998 999/743/999 1062/806/1062 1061/805/1061
f 999/743/999 1000/744/1000 1063/807/1063 1062/806/1062
f 1000/744/1000 1001/745/1001 1064/808/1064 1063/807/1063
f 1001/745/1001 1002/746/1002 1065/809/1065 1064/808/1064
f 1002/746/1002 1003/747/1003 1066/810/1066 1065/809/1065
f 1003/747/1003 1004/748/1004 1067/811/1067 1066/810/1066
f 1004/748/1004 1005/749/1005 1068/812/1068 1067/811/1067
f 1005/749/1005 1006/750/1006 1069/813/1069 1068/812/1068
f 1006/750/1006 1007/751/1007 1070/814/1070 1069/813/1069
f 1007/751/1007 1008/752/1008 1071/815/1071 1070/814/1070
f 1008/752/1008 1009/753/1009 1072/816/1072 1071/815/1071
f 1009/753/1009 1010/754/1010 1073/817/1073 1072/816/1072
f 1010/754/1010 1011/755/1011 1074/818/1074 1073/817/1073
f 1011/755/1011 1012/756/1012 1075/819/1075 1074/818/1074
f 1013/758/1013 1014/757/1014 1077/820/1077 1076/821/1076
f 1014/757/1014 1015/759/1015 1078/822/1078 1077/820/1077
f 1015/759/1015 1016/760/1016 1079/823/1079 1078/822/1078
f 1016/760/1016 1017/761/1017 1080/824/1080 1079/823/1079
f 1017/761/1017 1018/762/1018 1081/825/1081 1080/824/1080
f 1018/762/1018 1019/763/1019 1082/826/1082 1081/825/1081
f 1019/763/1019 1020/764/1020 1083/827/1083 1082/826/1082
f 1020/764/1020 1021/765/1021 1084/828/1084 1083/827/1083
f 1021/765/1021 1022/766/1022 1085/829/1085 1084/828/1084
f 1022/766/1022 1023/767/1023 1086/830/1086 1085/829/1085
f 1023/767/1023 1024/768/1024 1087/831/1087 1086/830/1086
f 1024/768/1024 1025/769/1025 1088/832/1088 1087/831/1087
f 1025/769/1025 1026/770/1026 1089/833/1089 1088/832/1088
f 1026/770/1026 1027/771/1027 1090/834/1090 1089/833/1089
f 1027/771/1027 1028/772/1028 1091/835/1091 1090/834/1090
f 1028/772/1028 1029/773/1029 1092/836/1092 1091/835/1091
f 1029/773/1029 1030/774/1030 1093/837/1093 1092/836/1092
f 1030/774/1030 1031/775/1031 1094/838/1094 1093/837/1093
f 1031/775/1031 1032/776/1032 1095/839/1095 1094/838/1094
f 1032/776/1032 1033/777/1033 1096/840/1096 1095/839/1095
f 1033/777/1033 1034/778/1034 1097/841/1097 1096/840/1096
f 1034/778/1034 1035/779/1035 1098/842/1098 1097/841/1097
f 1035/779/1035 1036/780/1036 1099/843/1099 1098/842/1098
f 1036/780/1036 1037/781/1037 1100/844/1100 1099/843/1099
f 1037/781/1037 1038/782/1038 1101/845/1101 1100/844/1100
f 1038/782/1038 1039/783/1039 1102/846/1102 1101/845/1101
f 1039/783/1039 1040/784/1040 1103/847/1103 1102/846/1102
f 1040/784/1040 1041/785/1041 1104/848/1104 1103/847/1103
f 1041/785/1041 1042/786/1042 1105/849/1105 1104/848/1104
f 1042/786/1042 1043/787/1043 1106/850/1106 1105/849/1105
f 1043/787/1043 1044/788/1044 1107/851/1107 1106/850/1106
f 1044/788/1044 1045/789/1045 1108/852/1108 1107/851/1107
f 1045/789/1045 1046/790/1046 1109/853/1109 1108/852/1108
f 1046/790/1046 1047/791/1047 1110/854/1110 1109/853/1109
f 1047/791/1047 1048/792/1048 1111/855/1111 1110/854/1110
f 1048/792/1048 1049/793/1049 1112/856/1112 1111/855/1111
f 1049/793/1049 1050/794/1050 1113/857/1113 1112/856/1112
f 1050/794/1050 1051/795/1051 1114/858/1114 1113/857/1113
f 1051/795/1051 1052/796/1052 1115/859/1115 1114/858/1114
f 1052/796/1052 1053/797/1053 1116/860/1116 1115/859/1115
f 1053/797/1053 1054/798/1054 1117/861/1117 1116/860/1116
f 1054/798/1054 1055/799/1055 1118/862/1118 1117/861/1117
f 1055/799/1055 1056/800/1056 1119/863/1119 1118/862/1118
f 1056/800/1056 1057/801/1057 1120/864/1120 1119/863/1119
f 1057/801/1057 1058/802/1058 1121/865/1121 1120/864/1120
f 1058/802/1058 1059/803/1059 1122/866/1122 1121/865/1121
f 1059/803/1059 1060/804/1060 1123/867/1123 1122/866/1122
f 1060/804/1060 1061/805/1061 1124/868/1124 1123/867/1123
f 1061/805/1061 1062/806/1062 1125/869/1125 1124/868/1124
f 1062/806/1062 1063/807/1063 1126/870/1126 1125/869/1125
f 1063/807/1063 1064/808/1064 1127/871/1127 1126/870/1126
f 1064/808/1064 1065/809/1065 1128/872/1128 1127/871/1127
f 1065/809/1065 1066/810/1066 1129/873/1129 1128/872/1128
f 1066/810/1066 1067/811/1067 1130/874/1130 1129/873/1129
f 1067/811/1067 1068/812/1068 1131/875/1131 1130/874/1130
f 1068/812/1068 1069/813/1069 1132/876/1132 1131/875/1131
f 1069/813/1069 1070/814/1070 1133/877/1133 1132/876/1132
f 1070/814/1070 1071/815/1071 1134/878/1134 1133/877/1133
f 1071/815/1071 1072/816/1072 1135/879/1135 1134/878/1134
f 1072/816/1072 1073/817/1073 1136/880/1136 1135/879/1135
f 1073/817/1073 1074/818/1074 1137/881/1137 1136/880/1136
f 1074/818/1074 1075/819/1075 1138/882/1138 1137/881/1137
f 1076/821/1076 1077/820/1077 1140/883/1140 1139/884/1139
f 1077/820/1077 1078/822/1078 1141/885/1141 1140/883/1140
f 1078/822/1078 1079/823/1079 1142/886/1142 1141/885/1141
f 1079/823/1079 1080/824/1080 1143/887/1143 1142/886/1142
f 1080/824/1080 1081/825/1081 1144/888/1144 1143/887/1143
f 1081/825/1081 1082/826/1082 1145/889/1145 1144/888/1144
f 1082/826/1082 1083/827/1083 1146/890/1146 1145/889/1145
f 1083/827/1083 1084/828/1084 1147/891/1147 1146/890/1146
f 1084/828/1084 1085/829/1085 1148/892/1148 1147/891/1147
f 1085/829/1085 1086/830/1086 1149/893/1149 1148/892/1148
f 1086/830/1086 1087/831/1087 1150/894/1150 1149/893/1149
f 1087/831/1087 1088/832/1088 1151/895/1151 1150/894/1150
f 1088/832/1088 1089/833/1089 1152/896/1152 1151/895/1151
f 1089/833/1089 1090/834/1090 1153/897/1153 1152/896/1152
f 1090/834/1090 1091/835/1091 1154/898/1154 1153/897/1153
f 1091/835/1091 1092/836/1092 1155/899/1155 1154/898/1154
f 1092/836/1092 1093/837/1093 1156/900/1156 1155/899/1155
f 1093/837/1093 1094/838/1094 1157/901/1157 1156/900/1156
f 1094/838/1094 1095/839/1095 1158/902/1158 1157/901/1157
f 1095/839/1095 1096/840/1096 1159/903/1159 1158/902/1158
f 1096/840/1096 1097/841/1097 1160/904/1160 1159/903/1159
f 1097/841/1097 1098/842/1098 1161/905/1161 1160/904/1160
f 1098/842/1098 1099/843/1099 1162/906/1162 1161/905/1161
f 1099/843/1099 1100/844/1100 1163/907/1163 1162/906/1162
f 1100/844/1100 1101/845/1101 1164/908/1164 1163/907/1163
f 1101/845/1101 1102/846/1102 1165/909/1165 1164/908/1164
f 1102/846/1102 1103/847/1103 1166/910/1166 1165/909/1165
f 1103/847/1103 1104/848/1104 1167/911/1167 1166/910/1166
f 1104/848/1104 1105/849/1105 1168/912/1168 1167/911/1167
f 1105/849/1105 1106/850/1106 1169/913/1169 1168/912/1168
f 1106/850/1106 1107/851/1107 1170/914/1170 1169/913/1169
f 1107/851/1107 1108/852/1108 1171/915/1171 1170/914/1170
f 1108/852/1108 1109/853/1109 1172/916/1172 1171/915/1171
f 1109/853/1109 1110/854/1110 1173/917/1173 1172/916/1172
f 1110/854/1110 1111/855/1111 1174/918/1174 1173/917/1173
f 1111/855/1111 1112/856/1112 1175/919/1175 1174/918/1174
f 1112/856/1112 1113/857/1113 1176/920/1176 1175/919/1175
f 1113/857/1113 1114/858/1114 1177/921/1177 1176/920/1176
f 1114/858/1114 1115/859/1115 1178/922/1178 1177/921/1177
f 1115/859/1115 1116/860/1116 1179/923/1179 1178/922/1178
f 1116/860/1116 1117/861/1117 1180/924/1180 1179/923/1179
f 1117/861/1117 1118/862/1118 1181/925/1181 1180/924/1180
f 1118/862/1118 1119/863/1119 1182/926/1182 1181/925/1181
f 1119/863/1119 1120/864/1120 1183/927/1183 1182/926/1182
f 1120/864/1120 1121/865/1121 1184/928/1184 1183/927/1183
f 1121/865/1121 1122/866/1122 1185/929/1185 1184/928/1184
f 1122/866/1122 1123/867/1123 1186/930/1186 1185/929/1185
f 1123/867/1123 1124/868/1124 1187/931/1187 1186/930/1186
f 1124/868/1124 1125/869/1125 1188/932/1188 1187/931/1187
f 1125/869/1125 1126/870/1126 1189/933/1189 1188/932/1188
f 1126/870/1126 1127/871/1127 1190/934/1190 1189/933/1189
f 1127/871/1127 1128/872/1128 1191/935/1191 1190/934/1190
f 1128/872/1128 1129/873/1129 1192/936/1192 1191/935/1191
f 1129/873/1129 1130/874/1130 1193/937/1193 1192/936/1192
f 1130/874/1130 1131/875/1131 1194/938/1194 1193/937/1193
f 1131/875/1131 1132/876/1132 1195/939/1195 1194/938/1194
f 1132/876/1132 1133/877/1133 1196/940/1196 1195/939/1195
f 1133/877/1133 1134/878/1134 1197/941/1197 1196/940/1196
f 1134/878/1134 1135/879/1135 1198/942/1198 1197/941/1197
f 1135/879/1135 1136/880/1136 1199/943/1199 1198/942/1198
f 1136/880/1136 1137/881/1137 1200/944/1200 1199/943/1199
f 1137/881/1137 1138/882/1138 1201/945/1201 1200/944/1200
f 1139/884/1139 1140/883/1140 1203/946/1203 1202/947/1202
f 1140/883/1140 1141/885/1141 1204/948/1204 1203/946/1203
f 1141/885/1141 1142/886/1142 1205/949/1205 1204/948/1204
f 1142/886/1142 1143/887/1143 1206/950/1206 1205/949/1205
f 1143/887/1143 1144/888/1144 1207/951/1207 1206/950/1206
f 1144/888/1144 1145/889/1145 1208/952/1208 1207/951/1207
f 1145/889/1145 1146/890/1146 1209/953/1209 1208/952/1208
f 1146/890/1146 1147/891/1147 1210/954/1210 1209/953/1209
f 1147/891/1147 1148/892/1148 1211/955/1211 1210/954/1210
f 1148/892/1148 1149/893/1149 1212/956/1212 1211/955/1211
f 1149/893/1149 1150/894/1150 1213/957/1213 1212/956/1212
f 1150/894/1150 1151/895/1151 1214/958/1214 1213/957/1213
f 1151/895/1151 1152/896/1152 1215/959/1215 1214/958/1214
f 1152/896/1152 1153/897/1153 1216/960/1216 1215/959/1215
f 1153/897/1153 1154/898/1154 1217/961/1217 1216/960/1216
f 1154/898/1154 1155/899/1155 1218/962/1218 1217/961/1217
f 1155/899/1155 1156/900/1156 1219/963/1219 1218/962/1218
f 1156/900/1156 1157/901/1157 1220/964/1220 1219/963/1219
f 1157/901/1157 1158/902/1158 1221/965/1221 1220/964/1220
f 1158/902/1158 1159/903/1159 1222/966/1222 1221/965/1221
f 1159/903/1159 1160/904/1160 1223/967/1223 1222/966/1222
f 1160/904/1160 1161/905/1161 1224/968/1224 1223/967/1223
f 1161/905/1161 1162/906/1162 1225/969/1225 1224/968/1224
f 1162/906/1162 1163/907/1163 1226/970/1226 1225/969/1225
f 1163/907/1163 1164/908/1164 1227/971/1227 1226/970/1226
f 1164/908/1164 1165/909/1165 1228/972/1228 1227/971/1227
f 1165/909/1165 1166/910/1166 1229/973/1229 1228/972/1228
f 1166/910/1166 1167/911/1167 1230/974/1230 1229/973/1229
f 1167/911/1167 1168/912/1168 1231/975/1231 1230/974/1230
f 1168/912/1168 1169/913/1169 1232/976/1232 1231/975/1231
f 1169/913/1169 1170/914/1170 1233/977/1233 1232/976/1232
f 1170/914/1170 1171/915/1171 1234/978/1234 1233/977/1233
f 1171/915/1171 1172/916/1172 1235/979/1235 1234/978/1234
f 1172/916/1172 1173/917/1173 1236/980/1236 1235/979/1235
f 1173/917/1173 1174/918/1174 1237/981/1237 1236/980/1236
f 1174/918/1174 1175/919/1175 1238/982/1238 1237/981/1237
f 1175/919/1175 1176/920/1176 1239/983/1239 1238/982/1238
f 1176/920/1176 1177/921/1177 1240/984/1240 1239/983/1239
f 1177/921/1177 1178/922/1178 1241/985/1241 1240/984/1240
f 1178/922/1178 1179/923/1179 1242/986/1242 1241/985/1241
f 1179/923/1179 1180/924/1180 1243/987/1243 1242/986/1242
f 1180/924/1180 1181/925/1181 1244/988/1244 1243/987/1243
f 1181/925/1181 1182/926/1182 1245/989/1245 1244/988/1244
f 1182/926/1182 1183/927/1183 1246/990/1246 1245/989/1245
f 1183/927/1183 1184/928/1184 1247/991/1247 1246/990/1246
f 1184/928/1184 1185/929/1185 1248/992/1248 1247/991/1247
f 1185/929/1185 1186/930/1186 1249/993/1249 1248/992/1248
f 1186/930/1186 1187/931/1187 1250/994/1250 1249/993/1249
f 1187/931/1187 1188/932/1188 1251/995/1251 1250/994/1250
f 1188/932/1188 1189/933/1189 1252/996/1252 1251/995/1251
f 1189/933/1189 1190/934/1190 1253/997/1253 1252/996/1252
f 1190/934/1190 1191/935/1191 1254/998/1254 1253/997/1253
f 1191/935/1191 1192/936/1192 1255/999/1255 1254/998/1254
f 1192/936/1192 1193/937/1193 1256/1000/1256 1255/999/1255
f 1193/937/1193 1194/938/1194 1257/1001/1257 1256/1000/1256
f 1194/938/1194 1195/939/1195 1258/1002/1258 1257/1001/1257
f 1195/939/1195 1196/940/1196 1259/1003/1259 1258/1002/1258
f 1196/940/1196 1197/941/1197 1260/1004/1260 1259/1003/1259
f 1197/941/1197 1198/942/1198 1261/1005/1261 1260/1004/1260
f 1198/942/1198 1199/943/1199 1262/1006/1262 1261/1005/1261
f 1199/943/1199 1200/944/1200 1263/1007/1263 1262/1006/1262
f 1200/944/1200 1201/945/1201 1264/1008/1264 1263/1007/1263
f 1202/947/1202 1203/946/1203 1266/1009/1266 1265/1010/1265
f 1203/946/1203 1204/948/1204 1267/1011/1267 1266/1009/1266
f 1204/948/1204 1205/949/1205 1268/1012/1268 1267/1011/1267
f 1205/949/1205 1206/950/1206 1269/1013/1269 1268/1012/1268
f 1206/950/1206 1207/951/1207 1270/1014/1270 1269/1013/1269
f 1207/951/1207 1208/952/1208 1271/1015/1271 1270/1014/1270
f 1208/952/1208 1209/953/1209 1272/1016/1272 1271/1015/1271
f 1209/953/1209 1210/954/1210 1273/1017/1273 1272/1016/1272
f 1210/954/1210 1211/955/1211 1274/1018/1274 1273/1017/1273
f 1211/955/1211 1212/956/1212 1275/1019/1275 1274/1018/1274
f 1212/956/1212 1213/957/1213 1276/1020/1276 1275/1019/1275
f 1213/957/1213 1214/958/1214 1277/1021/1277 1276/1020/1276
f 1214/958/1214 1215/959/1215 1278/1022/1278 1277/1021/1277
f 1215/959/1215 1216/960/1216 1279/1023/1279 1278/1022/1278
f 1216/960/1216 1217/961/1217 1280/1024/1280 1279/1023/1279
f 1217/961/1217 1218/962/1218 1281/1025/1281 1280/1024/1280
f 1218/962/1218 1219/963/1219 1282/1026/1282 1281/1025/1281
f 1219/963/1219 1220/964/1220 1283/1027/1283 1282/1026/1282
f 1220/964/1220 1221/965/1221 1284/1028/1284 1283/1027/1283
f 1221/965/1221 1222/966/1222 1285/1029/1285 1284/1028/1284
f 1222/966/1222 1223/967/1223 1286/1030/1286 1285/1029/1285
f 1223/967/1223 1224/968/1224 1287/1031/1287 1286/1030/1286
f 1224/968/1224 1225/969/1225 1288/1032/1288 1287/1031/1287
f 1225/969/1225 1226/970/1226 1289/1033/1289 1288/1032/1288
f 1226/970/1226 1227/971/1227 1290/1034/1290 1289/1033/1289
f 1227/971/1227 1228/972/1228 1291/1035/1291 1290/1034/1290
f 1228/972/1228 1229/973/1229 1292/1036/1292 1291/1035/1291
f 1229/973/1229 1230/974/1230 1293/1037/1293 1292/1036/1292
f 1230/974/1230 1231/975/1231 1294/1038/1294 1293/1037/1293
f 1231/975/1231 1232/976/1232 1295/1039/1295 1294/1038/1294
f 1232/976/1232 1233/977/1233 1296/1040/1296 1295/1039/1295
f 1233/977/1233 1234/978/1234 1297/1041/1297 1296/1040/1296
f 1234/978/1234 1235/979/1235 1298/1042/1298 1297/1041/1297
f 1235/979/1235 1236/980/1236 1299/1043/1299 1298/1042/1298
f 1236/980/1236 1237/981/1237 1300/1044/1300 1299/1043/1299
f 1237/981/1237 1238/982/1238 1301/1045/1301 1300/1044/1300
f 1238/982/1238 1239/983/1239 1302/1046/1302 1301/1045/1301
f 1239/983/1239 1240/984/1240 1303/1047/1303 1302/1046/1302
f 1240/984/1240 1241/985/1241 1304/1048/1304 1303/1047/1303
f 1241/985/1241 1242/986/1242 1305/1049/1305 1304/1048/1304
f 1242/986/1242 1243/987/1243 1306/1050/1306 1305/1049/1305
f 1243/987/1243 1244/988/1244 1307/1051/1307 1306/1050/1306
f 1244/988/1244 1245/989/1245 1308/1052/1308 1307/1051/1307
f 1245/989/1245 1246/990/1246 1309/1053/1309 1308/1052/1308
f 1246/990/1246 1247/991/1247 1310/1054/1310 1309/1053/1309
f 1247/991/1247 1248/992/1248 1311/1055/1311 1310/1054/1310
f 1248/992/1248 1249/993/1249 1312/1056/1312 1311/1055/1311
f 1249/993/1249 1250/994/1250 1313/1057/1313 1312/1056/1312
f 1250/994/1250 1251/995/1251 1314/1058/1314 1313/1057/1313
f 1251/995/1251 1252/996/1252 1315/1059/1315 1314/1058/1314
f 1252/996/1252 1253/997/1253 1316/1060/1316 1315/1059/1315
f 1253/997/1253 1254/998/1254 1317/1061/1317 1316/1060/1316
f 1254/998/1254 1255/999/1255 1318/1062/1318 1317/1061/1317
f 1255/999/1255 1256/1000/1256 1319/1063/1319 1318/1062/1318
f 1256/1000/1256 1257/1001/1257 1320/1064/1320 1319/1063/1319
f 1257/1001/1257 1258/1002/1258 1321/1065/1321 1320/1064/1320
f 1258/1002/1258 1259/1003/1259 1322/1066/1322 1321/1065/1321
f 1259/1003/1259 1260/1004/1260 1323/1067/1071 1322/1066/1322
f 1260/1004/1260 1261/1005/1261 1324/1068/1323 1323/1067/1071
f 1261/1005/1261 1262/1006/1262 1325/1069/1324 1324/1068/1323
f 1262/1006/1262 1263/1007/1263 1326/1070/1325 1325/1069/1324
f 1263/1007/1263 1264/1008/1264 1327/1071/1326 1326/1070/1325
f 1265/1010/1265 1266/1009/1266 1329/1072/1328 1328/1073/1327
f 1266/1009/1266 1267/1011/1267 1330/1074/1329 1329/1072/1328
f 1267/1011/1267 1268/1012/1268 1331/1075/1330 1330/1074/1329
f 1268/1012/1268 1269/1013/1269 1332/1076/1331 1331/1075/1330
f 1269/1013/1269 1270/1014/1270 1333/1077/1332 1332/1076/1331
f 1270/1014/1270 1271/1015/1271 1334/1078/1333 1333/1077/1332
f 1271/1015/1271 1272/1016/1272 1335/1079/1334 1334/1078/1333
f 1272/1016/1272 1273/1017/1273 1336/1080/1335 1335/1079/1334
f 1273/1017/1273 1274/1018/1274 1337/1081/1336 1336/1080/1335
f 1274/1018/1274 1275/1019/1275 1338/1082/1337 1337/1081/1336
f 1275/1019/1275 1276/1020/1276 1339/1083/1338 1338/1082/1337
f 1276/1020/1276 1277/1021/1277 1340/1084/1339 1339/1083/1338
f 1277/1021/1277 1278/1022/1278 1341/1085/1340 1340/1084/1339
f 1278/1022/1278 1279/1023/1279 1342/1086/1341 1341/1085/1340
f 1279/1023/1279 1280/1024/1280 1343/1087/1342 1342/1086/1341
f 1280/1024/1280 1281/1025/1281 1344/1088/1343 1343/1087/1342
f 1281/1025/1281 1282/1026/1282 1345/1089/1344 1344/1088/1343
f 1282/1026/1282 1283/1027/1283 1346/1090/1345 1345/1089/1344
f 1283/1027/1283 1284/1028/1284 1347/1091/1346 1346/1090/1345
f 1284/1028/1284 1285/1029/1285 1348/1092/1347 1347/1091/1346
f 1285/1029/1285 1286/1030/1286 1349/1093/1348 1348/1092/1347
f 1286/1030/1286 1287/1031/1287 1350/1094/1349 1349/1093/1348
f 1287/1031/1287 1288/1032/1288 1351/1095/1350 1350/1094/1349
f 1288/1032/1288 1289/1033/1289 1352/1096/1351 1351/1095/1350
f 1289/1033/1289 1290/1034/1290 1353/1097/1352 1352/1096/1351
f 1290/1034/1290 1291/1035/1291 1354/1098/1353 1353/1097/1352
f 1291/1035/1291 1292/1036/1292 1355/1099/1354 1354/1098/1353
f 1292/1036/1292 1293/1037/1293 1356/1100/1355 1355/1099/1354
f 1293/1037/1293 1294/1038/1294 1357/1101/1356 1356/1100/1355
f 1294/1038/1294 1295/1039/1295 1358/1102/1357 1357/1101/1356
f 1295/1039/1295 1296/1040/1296 1359/1103/1358 1358/1102/1357
f 1296/1040/1296 1297/1041/1297 1360/1104/1359 1359/1103/1358
f 1297/1041/1297 1298/1042/1298 1361/1105/1360 1360/1104/1359
f 1298/1042/1298 1299/1043/1299 1362/1106/1361 1361/1105/1360
f 1299/1043/1299 1300/1044/1300 1363/1107/1362 1362/1106/1361
f 1300/1044/1300 1301/1045/1301 1364/1108/1363 1363/1107/1362
f 1301/1045/1301 1302/1046/1302 1365/1109/1364 1364/1108/1363
f 1302/1046/1302 1303/1047/1303 1366/1110/1365 1365/1109/1364
f 1303/1047/1303 1304/1048/1304 1367/1111/1366 1366/1110/1365
f 1304/1048/1304 1305/1049/1305 1368/1112/1367 1367/1111/1366
f 1305/1049/1305 1306/1050/1306 1369/1113/1368 1368/1112/1367
f 1306/1050/1306 1307/1051/1307 1370/1114/1369 1369/1113/1368
f 1307/1051/1307 1308/1052/1308 1371/1115/1370 1370/1114/1369
f 1308/1052/1308 1309/1053/1309 1372/1116/1371 1371/1115/1370
f 1309/1053/1309 1310/1054/1310 1373/1117/1372 1372/1116/1371
f 1310/1054/1310 1311/1055/1311 1374/1118/1373 1373/1117/1372
f 1311/1055/1311 1312/1056/1312 1375/1119/1374 1374/1118/1373
f 1312/1056/1312 1313/1057/1313 1376/1120/1375 1375/1119/1374
f 1313/1057/1313 1314/1058/1314 1377/1121/1376 1376/1120/1375
f 1314/1058/1314 1315/1059/1315 1378/1122/1377 1377/1121/1376
f 1315/1059/1315 1316/1060/1316 1379/1123/1378 1378/1122/1377
f 1316/1060/1316 1317/1061/1317 1380/1124/1379 1379/1123/1378
f 1317/1061/1317 1318/1062/1318 1381/1125/1380 1380/1124/1379
f 1318/1062/1318 1319/1063/1319 1382/1126/1381 1381/1125/1380
f 1319/1063/1319 1320/1064/1320 1383/1127/1382 1382/1126/1381
f 1320/1064/1320 1321/1065/1321 1384/1128/1383 1383/1127/1382
f 1321/1065/1321 1322/1066/1322 1385/1129/1384 1384/1128/1383
f 1322/1066/1322 1323/1067/1071 1386/1130/1385 1385/1129/1384
f 1323/1067/1071 1324/1068/1323 1387/1131/1386 1386/1130/1385
f 1324/1068/1323 1325/1069/1324 1388/1132/1387 1387/1131/1386
f 1325/1069/1324 1326/1070/1325 1389/1133/1388 1388/1132/1387
f 1326/1070/1325 1327/1071/1326 1390/1134/1389 1389/1133/1388
f 1328/1073/1327 1329/1072/1328 1392/1135/1391 1391/1136/1390
f 1329/1072/1328 1330/1074/1329 1393/1137/1392 1392/1135/1391
f 1330/1074/1329 1331/1075/1330 1394/1138/1393 1393/1137/1392
f 1331/1075/1330 1332/1076/1331 1395/1139/1394 1394/1138/1393
f 1332/1076/1331 1333/1077/1332 1396/1140/1395 1395/1139/1394
f 1333/1077/1332 1334/1078/1333 1397/1141/1396 1396/1140/1395
f 1334/1078/1333 1335/1079/1334 1398/1142/1397 1397/1141/1396
f 1335/1079/1334 1336/1080/1335 1399/1143/1398 1398/1142/1397
f 1336/1080/1335 1337/1081/1336 1400/1144/1399 1399/1143/1398
f 1337/1081/1336 1338/1082/1337 1401/1145/1400 1400/1144/1399
f 1338/1082/1337 1339/1083/1338 1402/1146/1401 1401/1145/1400
f 1339/1083/1338 1340/1084/1339 1403/1147/1402 1402/1146/1401
f 1340/1084/1339 1341/1085/1340 1404/1148/1403 1403/1147/1402
f 1341/1085/1340 1342/1086/1341 1405/1149/1404 1404/1148/1403
f 1342/1086/1341 1343/1087/1342 1406/1150/1405 1405/1149/1404
f 1343/1087/1342 1344/1088/1343 1407/1151/1406 1406/1150/1405
f 1344/1088/1343 1345/1089/1344 1408/1152/1407 1407/1151/1406
f 1345/1089/1344 1346/1090/1345 1409/1153/1408 1408/1152/1407
f 1346/1090/1345 1347/1091/1346 1410/1154/1409 1409/1153/1408
f 1347/1091/1346 1348/1092/1347 1411/1155/1410 1410/1154/1409
f 1348/1092/1347 1349/1093/1348 1412/1156/1411 1411/1155/1410
f 1349/1093/1348 1350/1094/1349 1413/1157/1412 1412/1156/1411
f 1350/1094/1349 1351/1095/1350 1414/1158/1413 1413/1157/1412
f 1351/1095/1350 1352/1096/1351 1415/1159/1414 1414/1158/1413
f 1352/1096/1351 1353/1097/1352 1416/1160/1415 1415/1159/1414
f 1353/1097/1352 1354/1098/1353 1417/1161/1416 1416/1160/1415
f 1354/1098/1353 1355/1099/1354 1418/1162/1417 1417/1161/1416
f 1355/1099/1354 1356/1100/1355 1419/1163/1418 1418/1162/1417
f 1356/1100/1355 1357/1101/1356 1420/1164/1419 1419/1163/1418
f 1357/1101/1356 1358/1102/1357 1421/1165/1420 1420/1164/1419
f 1358/1102/1357 1359/1103/1358 1422/1166/1421 1421/1165/1420
f 1359/1103/1358 1360/1104/1359 1423/1167/1422 1422/1166/1421
f 1360/1104/1359 1361/1105/1360 1424/1168/1423 1423/1167/1422
f 1361/1105/1360 1362/1106/1361 1425/1169/1424 1424/1168/1423
f 1362/1106/1361 1363/1107/1362 1426/1170/1425 1425/1169/1424
f 1363/1107/1362 1364/1108/1363 1427/1171/1426 1426/1170/1425
f 1364/1108/1363 1365/1109/1364 1428/1172/1427 1427/1171/1426
f 1365/1109/1364 1366/1110/1365 1429/1173/1428 1428/1172/1427
f 1366/1110/1365 1367/1111/1366 1430/1174/1429 1429/1173/1428
f 1367/1111/1366 1368/1112/1367 1431/1175/1430 1430/1174/1429
f 1368/1112/1367 1369/1113/1368 1432/1176/1431 1431/1175/1430
f 1369/1113/1368 1370/1114/1369 1433/1177/1432 1432/1176/1431
f 1370/1114/1369 1371/1115/1370 1434/1178/1433 1433/1177/1432
f 1371/1115/1370 1372/1116/1371 1435/1179/1434 1434/1178/1433
f 1372/1116/1371 1373/1117/1372 1436/1180/1435 1435/1179/1434
f 1373/1117/1372 1374/1118/1373 1437/1181/1436 1436/1180/1435
f 1374/1118/1373 1375/1119/1374 1438/1182/1437 1437/1181/1436
f 1375/1119/1374 1376/1120/1375 1439/1183/1438 1438/1182/1437
f 1376/1120/1375 1377/1121/1376 1440/1184/1439 1439/1183/1438
f 1377/1121/1376 1378/1122/1377 1441/1185/1440 1440/1184/1439
f 1378/1122/1377 1379/1123/1378 1442/1186/1441 1441/1185/1440
f 1379/1123/1378 1380/1124/1379 1443/1187/1442 1442/1186/1441
f 1380/1124/1379 1381/1125/1380 1444/1188/1443 1443/1187/1442
f 1381/1125/1380 1382/1126/1381 1445/1189/1444 1444/1188/1443
f 1382/1126/1381 1383/1127/1382 1446/1190/1445 1445/1189/1444
f 1383/1127/1382 1384/1128/1383 1447/1191/1446 1446/1190/1445
f 1384/1128/1383 1385/1129/1384 1448/1192/1447 1447/1191/1446
f 1385/1129/1384 1386/1130/1385 1449/1193/1448 1448/1192/1447
f 1386/1130/1385 1387/1131/1386 1450/1194/1449 1449/1193/1448
f 1387/1131/1386 1388/1132/1387 1451/1195/1450 1450/1194/1449
f 1388/1132/1387 1389/1133/1388 1452/1196/1451 1451/1195/1450
f 1389/1133/1388 1390/1134/1389 1453/1197/1452 1452/1196/1451
f 1391/1136/1390 1392/1135/1391 1455/1198/1454 1454/1199/1453
f 1392/1135/1391 1393/1137/1392 1456/1200/1455 1455/1198/1454
f 1393/1137/1392 1394/1138/1393 1457/1201/1456 1456/1200/1455
f 1394/1138/1393 1395/1139/1394 1458/1202/1457 1457/1201/1456
f 1395/1139/1394 1396/1140/1395 1459/1203/1458 1458/1202/1457
f 1396/1140/1395 1397/1141/1396 1460/1204/1459 1459/1203/1458
f 1397/1141/1396 1398/1142/1397 1461/1205/1460 1460/1204/1459
f 1398/1142/1397 1399/1143/1398 1462/1206/1461 1461/1205/1460
f 1399/1143/1398 1400/1144/1399 1463/1207/1462 1462/1206/1461
f 1400/1144/1399 1401/1145/1400 1464/1208/1463 1463/1207/1462
f 1401/1145/1400 1402/1146/1401 1465/1209/1464 1464/1208/1463
f 1402/1146/1401 1403/1147/1402 1466/1210/1465 1465/1209/1464
f 1403/1147/1402 1404/1148/1403 1467/1211/1466 1466/1210/1465
f 1404/1148/1403 1405/1149/1404 1468/1212/1467 1467/1211/1466
f 1405/1149/1404 1406/1150/1405 1469/1213/1468 1468/1212/1467
f 1406/1150/1405 1407/1151/1406 1470/1214/1469 1469/1213/1468
f 1407/1151/1406 1408/1152/1407 1471/1215/1470 1470/1214/1469
f 1408/1152/1407 1409/1153/1408 1472/1216/1471 1471/1215/1470
f 1409/1153/1408 1410/1154/1409 1473/1217/1472 1472/1216/1471
f 1410/1154/1409 1411/1155/1410 1474/1218/1473 1473/1217/1472
f 1411/1155/1410 1412/1156/1411 1475/1219/1474 1474/1218/1473
f 1412/1156/1411 1413/1157/1412 1476/1220/1475 1475/1219/1474
f 1413/1157/1412 1414/1158/1413 1477/1221/1476 1476/1220/1475
f 1414/1158/1413 1415/1159/1414 1478/1222/1477 1477/1221/1476
f 1415/1159/1414 1416/1160/1415 1479/1223/1478 1478/1222/1477
f 1416/1160/1415 1417/1161/1416 1480/1224/1479 1479/1223/1478
f 1417/1161/1416 1418/1162/1417 1481/1225/1480 1480/1224/1479
f 1418/1162/1417 1419/1163/1418 1482/1226/1481 1481/1225/1480
f 1419/1163/1418 1420/1164/1419 1483/1227/1482 1482/1226/1481
f 1420/1164/1419 1421/1165/1420 1484/1228/1483 1483/1227/1482
f 1421/1165/1420 1422/1166/1421 1485/1229/1484 1484/1228/1483
f 1422/1166/1421 1423/1167/1422 1486/1230/1485 1485/1229/1484
f 1423/1167/1422 1424/1168/1423 1487/1231/1486 1486/1230/1485
f 1424/1168/1423 1425/1169/1424 1488/1232/1487 1487/1231/1486
f 1425/1169/1424 1426/1170/1425 1489/1233/1488 1488/1232/1487
f 1426/1170/1425 1427/1171/1426 1490/1234/1489 1489/1233/1488
f 1427/1171/1426 1428/1172/1427 1491/1235/1490 1490/1234/1489
f 1428/1172/1427 1429/1173/1428 1492/1236/1491 1491/1235/1490
f 1429/1173/1428 1430/1174/1429 1493/1237/1492 1492/1236/1491
f 1430/1174/1429 1431/1175/1430 1494/1238/1493 1493/1237/1492
f 1431/1175/1430 1432/1176/1431 1495/1239/1494 1494/1238/1493
f 1432/1176/1431 1433/1177/1432 1496/1240/1495 1495/1239/1494
f 1433/1177/1432 1434/1178/1433 1497/1241/1496 1496/1240/1495
f 1434/1178/1433 1435/1179/1434 1498/1242/1497 1497/1241/1496
f 1435/1179/1434 1436/1180/1435 1499/1243/1498 1498/1242/1497
f 1436/1180/1435 1437/1181/1436 1500/1244/1499 1499/1243/1498
f 1437/1181/1436 1438/1182/1437 1501/1245/1500 1500/1244/1499
f 1438/1182/1437 1439/1183/1438 1502/1246/1501 1501/1245/1500
f 1439/1183/1438 1440/1184/1439 1503/1247/1502 1502/1246/1501
f 1440/1184/1439 1441/1185/1440 1504/1248/1503 1503/1247/1502
f 1441/1185/1440 1442/1186/1441 1505/1249/1504 1504/1248/1503
f 1442/1186/1441 1443/1187/1442 1506/1250/1505 1505/1249/1504
f 1443/1187/1442 1444/1188/1443 1507/1251/1506 1506/1250/1505
f 1444/1188/1443 1445/1189/1444 1508/1252/1507 1507/1251/1506
f 1445/1189/1444 1446/1190/1445 1509/1253/1508 1508/1252/1507
f 1446/1190/1445 1447/1191/1446 1510/1254/1509 1509/1253/1508
f 1447/1191/1446 1448/1192/1447 1511/1255/1510 1510/1254/1509
f 1448/1192/1447 1449/1193/1448 1512/1256/1511 1511/1255/1510
f 1449/1193/1448 1450/1194/1449 1513/1257/1512 1512/1256/1511
f 1450/1194/1449 1451/1195/1450 1514/1258/1513 1513/1257/1512
f 1451/1195/1450 1452/1196/1451 1515/1259/1514 1514/1258/1513
f 1452/1196/1451 1453/1197/1452 1516/1260/1515 1515/1259/1514
f 1454/1199/1453 1455/1198/1454 1518/1261/1517 1517/1262/1516
f 1455/1198/1454 1456/1200/1455 1519/1263/1518 1518/1261/1517
f 1456/1200/1455 1457/1201/1456 1520/1264/1519 1519/1263/1518
f 1457/1201/1456 1458/1202/1457 1521/1265/1520 1520/1264/1519
f 1458/1202/1457 1459/1203/1458 1522/1266/1521 1521/1265/1520
f 1459/1203/1458 1460/1204/1459 1523/1267/1522 1522/1266/1521
f 1460/1204/1459 1461/1205/1460 1524/1268/1523 1523/1267/1522
f 1461/1205/1460 1462/1206/1461 1525/1269/1524 1524/1268/1523
f 1462/1206/1461 1463/1207/1462 1526/1270/1525 1525/1269/1524
f 1463/1207/1462 1464/1208/1463 1527/1271/1526 1526/1270/1525
f 1464/1208/1463 1465/1209/1464 1528/1272/1527 1527/1271/1526
f 1465/1209/1464 1466/1210/1465 1529/1273/1528 1528/1272/1527
f 1466/1210/1465 1467/1211/1466 1530/1274/1529 1529/1273/1528
f 1467/1211/1466 1468/1212/1467 1531/1275/1530 1530/1274/1529
f 1468/1212/1467 1469/1213/1468 1532/1276/1531 1531/1275/1530
f 1469/1213/1468 1470/1214/1469 1533/1277/1532 1532/1276/1531
f 1470/1214/1469 1471/1215/1470 1534/1278/1533 1533/1277/1532
f 1471/1215/1470 1472/1216/1471 1535/1279/1534 1534/1278/1533
f 1472/1216/1471 1473/1217/1472 1536/1280/1535 1535/1279/1534
f 1473/1217/1472 1474/1218/1473 1537/1281/1536 1536/1280/1535
f 1474/1218/1473 1475/1219/1474 1538/1282/1537 1537/1281/1536
f 1475/1219/1474 1476/1220/1475 1539/1283/1538 1538/1282/1537
f 1476/1220/1475 1477/1221/1476 1540/1284/1539 1539/1283/1538
f 1477/1221/1476 1478/1222/1477 1541/1285/1540 1540/1284/1539
f 1478/1222/1477 1479/1223/1478 1542/1286/1541 1541/1285/1540
f 1479/1223/1478 1480/1224/1479 1543/1287/1542 1542/1286/1541
f 1480/1224/1479 1481/1225/1480 1544/1288/1543 1543/1287/1542
f 1481/1225/1480 1482/1226/1481 1545/1289/1544 1544/1288/1543
f 1482/1226/1481 1483/1227/1482 1546/1290/1545 1545/1289/1544
f 1483/1227/1482 1484/1228/1483 1547/1291/1546 1546/1290/1545
f 1484/1228/1483 1485/1229/1484 1548/1292/1547 1547/1291/1546
f 1485/1229/1484 1486/1230/1485 1549/1293/1548 1548/1292/1547
f 1486/1230/1485 1487/1231/1486 1550/1294/1549 1549/1293/1548
f 1487/1231/1486 1488/1232/1487 1551/1295/1550 1550/1294/1549
f 1488/1232/1487 1489/1233/1488 1552/1296/1551 1551/1295/1550
f 1489/1233/1488 1490/1234/1489 1553/1297/1552 1552/1296/1551
f 1490/1234/1489 1491/1235/1490 1554/1298/1553 1553/1297/1552
f 1491/1235/1490 1492/1236/1491 1555/1299/1554 1554/1298/1553
f 1492/1236/1491 1493/1237/1492 1556/1300/1555 1555/1299/1554
f 1493/1237/1492 1494/1238/1493 1557/1301/1556 1556/1300/1555
f 1494/1238/1493 1495/1239/1494 1558/1302/1557 1557/1301/1556
f 1495/1239/1494 1496/1240/1495 1559/1303/1558 1558/1302/1557
f 1496/1240/1495 1497/1241/1496 1560/1304/1559 1559/1303/1558
f 1497/1241/1496 1498/1242/1497 1561/1305/1560 1560/1304/1559
f 1498/1242/1497 1499/1243/1498 1562/1306/1561 1561/1305/1560
f 1499/1243/1498 1500/1244/1499 1563/1307/1562 1562/1306/1561
f 1500/1244/1499 1501/1245/1500 1564/1308/1563 1563/1307/1562
f 1501/1245/1500 1502/1246/1501 1565/1309/1564 1564/1308/1563
f 1502/1246/1501 1503/1247/1502 1566/1310/1565 1565/1309/1564
f 1503/1247/1502 1504/1248/1503 1567/1311/1566 1566/1310/1565
f 1504/1248/1503 1505/1249/1504 1568/1312/1567 1567/1311/1566
f 1505/1249/1504 1506/1250/1505 1569/1313/1568 1568/1312/1567
f 1506/1250/1505 1507/1251/1506 1570/1314/1569 1569/1313/1568
f 1507/1251/1506 1508/1252/1507 1571/1315/1570 1570/1314/1569
f 1508/1252/1507 1509/1253/1508 1572/1316/1571 1571/1315/1570
f 1509/1253/1508 1510/1254/1509 1573/1317/1572 1572/1316/1571
f 1510/1254/1509 1511/1255/1510 1574/1318/1573 1573/1317/1572
f 1511/1255/1510 1512/1256/1511 1575/1319/1574 1574/1318/1573
f 1512/1256/1511 1513/1257/1512 1576/1320/1575 1575/1319/1574
f 1513/1257/1512 1514/1258/1513 1577/1321/1576 1576/1320/1575
f 1514/1258/1513 1515/1259/1514 1578/1322/1577 1577/1321/1576
f 1515/1259/1514 1516/1260/1515 1579/1323/1578 1578/1322/1577
f 1517/1262/1516 1518/1261/1517 1581/1324/1580 1580/1325/1579
f 1518/1261/1517 1519/1263/1518 1582/1326/1581 1581/1324/1580
f 1519/1263/1518 1520/1264/1519 1583/1327/1582 1582/1326/1581
f 1520/1264/1519 1521/1265/1520 1584/1328/1583 1583/1327/1582
f 1521/1265/1520 1522/1266/1521 1585/1329/1584 1584/1328/1583
f 1522/1266/1521 1523/1267/1522 1586/1330/1585 1585/1329/1584
f 1523/1267/1522 1524/1268/1523 1587/1331/1586 1586/1330/1585
f 1524/1268/1523 1525/1269/1524 1588/1332/1587 1587/1331/1586
f 1525/1269/1524 1526/1270/1525 1589/1333/1588 1588/1332/1587
f 1526/1270/1525 1527/1271/1526 1590/1334/1589 1589/1333/1588
f 1527/1271/1526 1528/1272/1527 1591/1335/1590 1590/1334/1589
f 1528/1272/1527 1529/1273/1528 1592/1336/1591 1591/1335/1590
f 1529/1273/1528 1530/1274/1529 1593/1337/1592 1592/1336/1591
f 1530/1274/1529 1531/1275/1530 1594/1338/1593 1593/1337/1592
f 1531/1275/1530 1532/1276/1531 1595/1339/1594 1594/1338/1593
f 1532/1276/1531 1533/1277/1532 1596/1340/1595 1595/1339/1594
f 1533/1277/1532 1534/1278/1533 1597/1341/1596 1596/1340/1595
f 1534/1278/1533 1535/1279/1534 1598/1342/1597 1597/1341/1596
f 1535/1279/1534 1536/1280/1535 1599/1343/1598 1598/1342/1597
f 1536/1280/1535 1537/1281/1536 1600/1344/1599 1599/1343/1598
f 1537/1281/1536 1538/1282/1537 1601/1345/1600 1600/1344/1599
f 1538/1282/1537 1539/1283/1538 1602/1346/1601 1601/1345/1600
f 1539/1283/1538 1540/1284/1539 1603/1347/1602 1602/1346/1601
f 1540/1284/1539 1541/1285/1540 1604/1348/1603 1603/1347/1602
f 1541/1285/1540 1542/1286/1541 1605/1349/1604 1604/1348/1603
f 1542/1286/1541 1543/1287/1542 1606/1350/1605 1605/1349/1604
f 1543/1287/1542 1544/1288/1543 1607/1351/1606 1606/1350/1605
f 1544/1288/1543 1545/1289/1544 1608/1352/1607 1607/1351/1606
f 1545/1289/1544 1546/1290/1545 1609/1353/1608 1608/1352/1607
f 1546/1290/1545 1547/1291/1546 1610/1354/1609 1609/1353/1608
f 1547/1291/1546 1548/1292/1547 1611/1355/1610 1610/1354/1609
f 1548/1292/1547 1549/1293/1548 1612/1356/1611 1611/1355/1610
f 1549/1293/1548 1550/1294/1549 1613/1357/1612 1612/1356/1611
f 1550/1294/1549 1551/1295/1550 1614/1358/1613 1613/1357/1612
f 1551/1295/1550 1552/1296/1551 1615/1359/1614 1614/1358/1613
f 1552/1296/1551 1553/1297/1552 1616/1360/1615 1615/1359/1614
f 1553/1297/1552 1554/1298/1553 1617/1361/1616 1616/1360/1615
f 1554/1298/1553 1555/1299/1554 1618/1362/1617 1617/1361/1616
f 1555/1299/1554 1556/1300/1555 1619/1363/1618 1618/1362/1617
f 1556/1300/1555 1557/1301/1556 1620/1364/1619 1619/1363/1618
f 1557/1301/1556 1558/1302/1557 1621/1365/1620 1620/1364/1619
f 1558/1302/1557 1559/1303/1558 1622/1366/1621 1621/1365/1620
f 1559/1303/1558 1560/1304/1559 1623/1367/1622 1622/1366/1621
f 1560/1304/1559 1561/1305/1560 1624/1368/1623 1623/1367/1622
f 1561/1305/1560 1562/1306/1561 1625/1369/1624 1624/1368/1623
f 1562/1306/1561 1563/1307/1562 1626/1370/1625 1625/1369/1624
f 1563/1307/1562 1564/1308/1563 1627/1371/1626 1626/1370/1625
f 1564/1308/1563 1565/1309/1564 1628/1372/1627 1627/1371/1626
f 1565/1309/1564 1566/1310/1565 1629/1373/1628 1628/1372/1627
f 1566/1310/1565 1567/1311/1566 1630/1374/1629 1629/1373/1628
f 1567/1311/1566 1568/1312/1567 1631/1375/1630 1630/1374/1629
f 1568/1312/1567 1569/1313/1568 1632/1376/1631 1631/1375/1630
f 1569/1313/1568 1570/1314/1569 1633/1377/1632 1632/1376/1631
f 1570/1314/1569 1571/1315/1570 1634/1378/1633 1633/1377/1632
f 1571/1315/1570 1572/1316/1571 1635/1379/1634 1634/1378/1633
f 1572/1316/1571 1573/1317/1572 1636/1380/1635 1635/1379/1634
f 1573/1317/1572 1574/1318/1573 1637/1381/1636 1636/1380/1635
f 1574/1318/1573 1575/1319/1574 1638/1382/1637 1637/1381/1636
f 1575/1319/1574 1576/1320/1575 1639/1383/1638 1638/1382/1637
f 1576/1320/1575 1577/1321/1576 1640/1384/1639 1639/1383/1638
f 1577/1321/1576 1578/1322/1577 1641/1385/1640 1640/1384/1639
f 1578/1322/1577 1579/1323/1578 1642/1386/1641 1641/1385/1640
f 1580/1325/1579 1581/1324/1580 1644/1387/1643 1643/1388/1642
f 1581/1324/1580 1582/1326/1581 1645/1389/1644 1644/1387/1643
f 1582/1326/1581 1583/1327/1582 1646/1390/1645 1645/1389/1644
f 1583/1327/1582 1584/1328/1583 1647/1391/1646 1646/1390/1645
f 1584/1328/1583 1585/1329/1584 1648/1392/1647 1647/1391/1646
f 1585/1329/1584 1586/1330/1585 1649/1393/1648 1648/1392/1647
f 1586/1330/1585 1587/1331/1586 1650/1394/1649 1649/1393/1648
f 1587/1331/1586 1588/1332/1587 1651/1395/1650 1650/1394/1649
f 1588/1332/1587 1589/1333/1588 1652/1396/1651 1651/1395/1650
f 1589/1333/1588 1590/1334/1589 1653/1397/1652 1652/1396/1651
f 1590/1334/1589 1591/1335/1590 1654/1398/1653 1653/1397/1652
f 1591/1335/1590 1592/1336/1591 1655/1399/1654 1654/1398/1653
f 1592/1336/1591 1593/1337/1592 1656/1400/1655 1655/1399/1654
f 1593/1337/1592 1594/1338/1593 1657/1401/1656 1656/1400/1655
f 1594/1338/1593 1595/1339/1594 1658/1402/1657 1657/1401/1656
f 1595/1339/1594 1596/1340/1595 1659/1403/1658 1658/1402/1657
f 1596/1340/1595 1597/1341/1596 1660/1404/1659 1659/1403/1658
f 1597/1341/1596 1598/1342/1597 1661/1405/1660 1660/1404/1659
f 1598/1342/1597 1599/1343/1598 1662/1406/1661 1661/1405/1660
f 1599/1343/1598 1600/1344/1599 1663/1407/1662 1662/1406/1661
f 1600/1344/1599 1601/1345/1600 1664/1408/1663 1663/1407/1662
f 1601/1345/1600 1602/1346/1601 1665/1409/1664 1664/1408/1663
f 1602/1346/1601 1603/1347/1602 1666/1410/1665 1665/1409/1664
f 1603/1347/1602 1604/1348/1603 1667/1411/1666 1666/1410/1665
f 1604/1348/1603 1605/1349/1604 1668/1412/1667 1667/1411/1666
f 1605/1349/1604 1606/1350/1605 1669/1413/1668 1668/1412/1667
f 1606/1350/1605 1607/1351/1606 1670/1414/1669 1669/1413/1668
f 1607/1351/1606 1608/1352/1607 1671/1415/1670 1670/1414/1669
f 1608/1352/1607 1609/1353/1608 1672/1416/1671 1671/1415/1670
f 1609/1353/1608 1610/1354/1609 1673/1417/1672 1672/1416/1671
f 1610/1354/1609 1611/1355/1610 1674/1418/1673 1673/1417/1672
f 1611/1355/1610 1612/1356/1611 1675/1419/1674 1674/1418/1673
f 1612/1356/1611 1613/1357/1612 1676/1420/1675 1675/1419/1674
f 1613/1357/1612 1614/1358/1613 1677/1421/1676 1676/1420/1675
f 1614/1358/1613 1615/1359/1614 1678/1422/1677 1677/1421/1676
f 1615/1359/1614 1616/1360/1615 1679/1423/1678 1678/1422/1677
f 1616/1360/1615 1617/1361/1616 1680/1424/1679 1679/1423/1678
f 1617/1361/1616 1618/1362/1617 1681/1425/1680 1680/1424/1679
f 1618/1362/1617 1619/1363/1618 1682/1426/1681 1681/1425/1680
f 1619/1363/1618 1620/1364/1619 1683/1427/1682 1682/1426/1681
f 1620/1364/1619 1621/1365/1620 1684/1428/1683 1683/1427/1682
f 1621/1365/1620 1622/1366/1621 1685/1429/1684 1684/1428/1683
f 1622/1366/1621 1623/1367/1622 1686/1430/1685 1685/1429/1684
f 1623/1367/1622 1624/1368/1623 1687/1431/1686 1686/1430/1685
f 1624/1368/1623 1625/1369/1624 1688/1432/1687 1687/1431/1686
f 1625/1369/1624 1626/1370/1625 1689/1433/1688 1688/1432/1687
f 1626/1370/1625 1627/1371/1626 1690/1434/1689 1689/1433/1688
f 1627/1371/1626 1628/1372/1627 1691/1435/1690 1690/1434/1689
f 1628/1372/1627 1629/1373/1628 1692/1436/1691 1691/1435/1690
f 1629/1373/1628 1630/1374/1629 1693/1437/1692 1692/1436/1691
f 1630/1374/1629 1631/1375/1630 1694/1438/1693 1693/1437/1692
f 1631/1375/1630 1632/1376/1631 1695/1439/1694 1694/1438/1693
f 1632/1376/1631 1633/1377/1632 1696/1440/1695 1695/1439/1694
f 1633/1377/1632 1634/1378/1633 1697/1441/1696 1696/1440/1695
f 1634/1378/1633 1635/1379/1634 1698/1442/1697 1697/1441/1696
f 1635/1379/1634 1636/1380/1635 1699/1443/1698 1698/1442/1697
f 1636/1380/1635 1637/1381/1636 1700/1444/1699 1699/1443/1698
f 1637/1381/1636 1638/1382/1637 1701/1445/1700 1700/1444/1699
f 1638/1382/1637 1639/1383/1638 1702/1446/1701 1701/1445/1700
f 1639/1383/1638 1640/1384/1639 1703/1447/1702 1702/1446/1701
f 1640/1384/1639 1641/1385/1640 1704/1448/1703 1703/1447/1702
f 1641/1385/1640 1642/1386/1641 1705/1449/1704 1704/1448/1703
f 1643/1388/1642 1644/1387/1643 1707/1450/1706 1706/1451/1705
f 1644/1387/1643 1645/1389/1644 1708/1452/1707 1707/1450/1706
f 1645/1389/1644 1646/1390/1645 1709/1453/1708 1708/1452/1707
f 1646/1390/1645 1647/1391/1646 1710/1454/1709 1709/1453/1708
f 1647/1391/1646 1648/1392/1647 1711/1455/1710 1710/1454/1709
f 1648/1392/1647 1649/1393/1648 1712/1456/1711 1711/1455/1710
f 1649/1393/1648 1650/1394/1649 1713/1457/1712 1712/1456/1711
f 1650/1394/1649 1651/1395/1650 1714/1458/1713 1713/1457/1712
f 1651/1395/1650 1652/1396/1651 1715/1459/1714 1714/1458/1713
f 1652/1396/1651 1653/1397/1652 1716/1460/1715 1715/1459/1714
f 1653/1397/1652 1654/1398/1653 1717/1461/1716 1716/1460/1715
f 1654/1398/1653 1655/1399/1654 1718/1462/1717 1717/1461/1716
f 1655/1399/1654 1656/1400/1655 1719/1463/1718 1718/1462/1717
f 1656/1400/1655 1657/1401/1656 1720/1464/1719 1719/1463/1718
f 1657/1401/1656 1658/1402/1657 1721/1465/1720 1720/1464/1719
f 1658/1402/1657 1659/1403/1658 1722/1466/1721 1721/1465/1720
f 1659/1403/1658 1660/1404/1659 1723/1467/1722 1722/1466/1721
f 1660/1404/1659 1661/1405/1660 1724/1468/1723 1723/1467/1722
f 1661/1405/1660 1662/1406/1661 1725/1469/1724 1724/1468/1723
f 1662/1406/1661 1663/1407/1662 1726/1470/1725 1725/1469/1724
f 1663/1407/1662 1664/1408/1663 1727/1471/1726 1726/1470/1725
f 1664/1408/1663 1665/1409/1664 1728/1472/1727 1727/1471/1726
f 1665/1409/1664 1666/1410/1665 1729/1473/1728 1728/1472/1727
f 1666/1410/1665 1667/1411/1666 1730/1474/1729 1729/1473/1728
f 1667/1411/1666 1668/1412/1667 1731/1475/1730 1730/1474/1729
f 1668/1412/1667 1669/1413/1668 1732/1476/1731 1731/1475/1730
f 1669/1413/1668 1670/1414/1669 1733/1477/1732 1732/1476/1731
f 1670/1414/1669 1671/1415/1670 1734/1478/1733 1733/1477/1732
f 1671/1415/1670 1672/1416/1671 1735/1479/1734 1734/1478/1733
f 1672/1416/1671 1673/1417/1672 1736/1480/1735 1735/1479/1734
f 1673/1417/1672 1674/1418/1673 1737/1481/1736 1736/1480/1735
f 1674/1418/1673 1675/1419/1674 1738/1482/1737 1737/1481/1736
f 1675/1419/1674 1676/1420/1675 1739/1483/1738 1738/1482/1737
f 1676/1420/1675 1677/1421/1676 1740/1484/1739 1739/1483/1738
f 1677/1421/1676 1678/1422/1677 1741/1485/1740 1740/1484/1739
f 1678/1422/1677 1679/1423/1678 1742/1486/1741 1741/1485/1740
f 1679/1423/1678 1680/1424/1679 1743/1487/1742 1742/1486/1741
f 1680/1424/1679 1681/1425/1680 1744/1488/1743 1743/1487/1742
f 1681/1425/1680 1682/1426/1681 1745/1489/1744 1744/1488/1743
f 1682/1426/1681 1683/1427/1682 1746/1490/1745 1745/1489/1744
f 1683/1427/1682 1684/1428/1683 1747/1491/1746 1746/1490/1745
f 1684/1428/1683 1685/1429/1684 1748/1492/1747 1747/1491/1746
f 1685/1429/1684 1686/1430/1685 1749/1493/1748 1748/1492/1747
f 1686/1430/1685 1687/1431/1686 1750/1494/1749 1749/1493/1748
f 1687/1431/1686 1688/1432/1687 1751/1495/1750 1750/1494/1749
f 1688/1432/1687 1689/1433/1688 1752/1496/1751 1751/1495/1750
f 1689/1433/1688 1690/1434/1689 1753/1497/1752 1752/1496/1751
f 1690/1434/1689 1691/1435/1690 1754/1498/1753 1753/1497/1752
f 1691/1435/1690 1692/1436/1691 1755/1499/1754 1754/1498/1753
f 1692/1436/1691 1693/1437/1692 1756/1500/1755 1755/1499/1754
f 1693/1437/1692 1694/1438/1693 1757/1501/1756 1756/1500/1755
f 1694/1438/1693 1695/1439/1694 1758/1502/1757 1757/1501/1756
f 1695/1439/1694 1696/1440/1695 1759/1503/1758 1758/1502/1757
f 1696/1440/1695 1697/1441/1696 1760/1504/1759 1759/1503/1758
f 1697/1441/1696 1698/1442/1697 1761/1505/1760 1760/1504/1759
f 1698/1442/1697 1699/1443/1698 1762/1506/1761 1761/1505/1760
f 1699/1443/1698 1700/1444/1699 1763/1507/1762 1762/1506/1761
f 1700/1444/1699 1701/1445/1700 1764/1508/1763 1763/1507/1762
f 1701/1445/1700 1702/1446/1701 1765/1509/1764 1764/1508/1763
f 1702/1446/1701 1703/1447/1702 1766/1510/1765 1765/1509/1764
f 1703/1447/1702 1704/1448/1703 1767/1511/1766 1766/1510/1765
f 1704/1448/1703 1705/1449/1704 1768/1512/1767 1767/1511/1766
f 1706/1451/1705 1707/1450/1706 1770/1513/1769 1769/1514/1768
f 1707/1450/1706 1708/1452/1707 1771/1515/1770 1770/1513/1769
f 1708/1452/1707 1709/1453/1708 1772/1516/1771 1771/1515/1770
f 1709/1453/1708 1710/1454/1709 1773/1517/1772 1772/1516/1771
f 1710/1454/1709 1711/1455/1710 1774/1518/1773 1773/1517/1772
f 1711/1455/1710 1712/1456/1711 1775/1519/1774 1774/1518/1773
f 1712/1456/1711 1713/1457/1712 1776/1520/1775 1775/1519/1774
f 1713/1457/1712 1714/1458/1713 1777/1521/1776 1776/1520/1775
f 1714/1458/1713 1715/1459/1714 1778/1522/1777 1777/1521/1776
f 1715/1459/1714 1716/1460/1715 1779/1523/1778 1778/1522/1777
f 1716/1460/1715 1717/1461/1716 1780/1524/1779 1779/1523/1778
f 1717/1461/1716 1718/1462/1717 1781/1525/1780 1780/1524/1779
f 1718/1462/1717 1719/1463/1718 1782/1526/1781 1781/1525/1780
f 1719/1463/1718 1720/1464/1719 1783/1527/1782 1782/1526/1781
f 1720/1464/1719 1721/1465/1720 1784/1528/1783 1783/1527/1782
f 1721/1465/1720 1722/1466/1721 1785/1529/1784 1784/1528/1783
f 1722/1466/1721 1723/1467/1722 1786/1530/1785 1785/1529/1784
f 1723/1467/1722 1724/1468/1723 1787/1531/1786 1786/1530/1785
f 1724/1468/1723 1725/1469/1724 1788/1532/1787 1787/1531/1786
f 1725/1469/1724 1726/1470/1725 1789/1533/1788 1788/1532/1787
f 1726/1470/1725 1727/1471/1726 1790/1534/1789 1789/1533/1788
f 1727/1471/1726 1728/1472/1727 1791/1535/1790 1790/1534/1789
f 1728/1472/1727 1729/1473/1728 1792/1536/1791 1791/1535/1790
f 1729/1473/1728 1730/1474/1729 1793/1537/1792 1792/1536/1791
f 1730/1474/1729 1731/1475/1730 1794/1538/1793 1793/1537/1792
f 1731/1475/1730 1732/1476/1731 1795/1539/1794 1794/1538/1793
f 1732/1476/1731 1733/1477/1732 1796/1540/1795 1795/1539/1794
f 1733/1477/1732 1734/1478/1733 1797/1541/1796 1796/1540/1795
f 1734/1478/1733 1735/1479/1734 1798/1542/1797 1797/1541/1796
f 1735/1479/1734 1736/1480/1735 1799/1543/1798 1798/1542/1797
f 1736/1480/1735 1737/1481/1736 1800/1544/1799 1799/1543/1798
f 1737/1481/1736 1738/1482/1737 1801/1545/1800 1800/1544/1799
f 1738/1482/1737 1739/1483/1738 1802/1546/1801 1801/1545/1800
f 1739/1483/1738 1740/1484/1739 1803/1547/1802 1802/1546/1801
f 1740/1484/1739 1741/1485/1740 1804/1548/1803 1803/1547/1802
f 1741/1485/1740 1742/1486/1741 1805/1549/1804 1804/1548/1803
f 1742/1486/1741 1743/1487/1742 1806/1550/1805 1805/1549/1804
f 1743/1487/1742 1744/1488/1743 1807/1551/1806 1806/1550/1805
f 1744/1488/1743 1745/1489/1744 1808/1552/1807 1807/1551/1806
f 1745/1489/1744 1746/1490/1745 1809/1553/1808 1808/1552/1807
f 1746/1490/1745 1747/1491/1746 1810/1554/1809 1809/1553/1808
f 1747/1491/1746 1748/1492/1747 1811/1555/1810 1810/1554/1809
f 1748/1492/1747 1749/1493/1748 1812/1556/1811 1811/1555/1810
f 1749/1493/1748 1750/1494/1749 1813/1557/1812 1812/1556/1811
f 1750/1494/1749 1751/1495/1750 1814/1558/1813 1813/1557/1812
f 1751/1495/1750 1752/1496/1751 1815/1559/1814 1814/1558/1813
f 1752/1496/1751 1753/1497/1752 1816/1560/1815 1815/1559/1814
f 1753/1497/1752 1754/1498/1753 1817/1561/1816 1816/1560/1815
f 1754/1498/1753 1755/1499/1754 1818/1562/1817 1817/1561/1816
f 1755/1499/1754 1756/1500/1755 1819/1563/1818 1818/1562/1817
f 1756/1500/1755 1757/1501/1756 1820/1564/1819 1819/1563/1818
f 1757/1501/1756 1758/1502/1757 1821/1565/1820 1820/1564/1819
f 1758/1502/1757 1759/1503/1758 1822/1566/1821 1821/1565/1820
f 1759/1503/1758 1760/1504/1759 1823/1567/1822 1822/1566/1821
f 1760/1504/1759 1761/1505/1760 1824/1568/1823 1823/1567/1822
f 1761/1505/1760 1762/1506/1761 1825/1569/1824 1824/1568/1823
f 1762/1506/1761 1763/1507/1762 1826/1570/1825 1825/1569/1824
f 1763/1507/1762 1764/1508/1763 1827/1571/1826 1826/1570/1825
f 1764/1508/1763 1765/1509/1764 1828/1572/1827 1827/1571/1826
f 1765/1509/1764 1766/1510/1765 1829/1573/1828 1828/1572/1827
f 1766/1510/1765 1767/1511/1766 1830/1574/1829 1829/1573/1828
f 1767/1511/1766 1768/1512/1767 1831/1575/1830 1830/1574/1829
f 1769/1514/1768 1770/1513/1769 1833/1576/1832 1832/1577/1831
f 1770/1513/1769 1771/1515/1770 1834/1578/1833 1833/1576/1832
f 1771/1515/1770 1772/1516/1771 1835/1579/1834 1834/1578/1833
f 1772/1516/1771 1773/1517/1772 1836/1580/1835 1835/1579/1834
f 1773/1517/1772 1774/1518/1773 1837/1581/1836 1836/1580/1835
f 1774/1518/1773 1775/1519/1774 1838/1582/1837 1837/1581/1836
f 1775/1519/1774 1776/1520/1775 1839/1583/1838 1838/1582/1837
f 1776/1520/1775 1777/1521/1776 1840/1584/1839 1839/1583/1838
f 1777/1521/1776 1778/1522/1777 1841/1585/1840 1840/1584/1839
f 1778/1522/1777 1779/1523/1778 1842/1586/1841 1841/1585/1840
f 1779/1523/1778 1780/1524/1779 1843/1587/1842 1842/1586/1841
f 1780/1524/1779 1781/1525/1780 1844/1588/1843 1843/1587/1842
f 1781/1525/1780 1782/1526/1781 1845/1589/1844 1844/1588/1843
f 1782/1526/1781 1783/1527/1782 1846/1590/1845 1845/1589/1844
f 1783/1527/1782 1784/1528/1783 1847/1591/1846 1846/1590/1845
f 1784/1528/1783 1785/1529/1784 1848/1592/1847 1847/1591/1846
f 1785/1529/1784 1786/1530/1785 1849/1593/1848 1848/1592/1847
f 1786/1530/1785 1787/1531/1786 1850/1594/1849 1849/1593/1848
f 1787/1531/1786 1788/1532/1787 1851/1595/1850 1850/1594/1849
f 1788/1532/1787 1789/1533/1788 1852/1596/1851 1851/1595/1850
f 1789/1533/1788 1790/1534/1789 1853/1597/1852 1852/1596/1851
f 1790/1534/1789 1791/1535/1790 1854/1598/1853 1853/1597/1852
f 1791/1535/1790 1792/1536/1791 1855/1599/1854 1854/1598/1853
f 1792/1536/1791 1793/1537/1792 1856/1600/1855 1855/1599/1854
f 1793/1537/1792 1794/1538/1793 1857/1601/1856 1856/1600/1855
f 1794/1538/1793 1795/1539/1794 1858/1602/1857 1857/1601/1856
f 1795/1539/1794 1796/1540/1795 1859/1603/1858 1858/1602/1857
f 1796/1540/1795 1797/1541/1796 1860/1604/1859 1859/1603/1858
f 1797/1541/1796 1798/1542/1797 1861/1605/1860 1860/1604/1859
f 1798/1542/1797 1799/1543/1798 1862/1606/1861 1861/1605/1860
f 1799/1543/1798 1800/1544/1799 1863/1607/1862 1862/1606/1861
f 1800/1544/1799 1801/1545/1800 1864/1608/1863 1863/1607/1862
f 1801/1545/1800 1802/1546/1801 1865/1609/1864 1864/1608/1863
f 1802/1546/1801 1803/1547/1802 1866/1610/1865 1865/1609/1864
f 1803/1547/1802 1804/1548/1803 1867/1611/1866 1866/1610/1865
f 1804/1548/1803 1805/1549/1804 1868/1612/1867 1867/1611/1866
f 1805/1549/1804 1806/1550/1805 1869/1613/1868 1868/1612/1867
f 1806/1550/1805 1807/1551/1806 1870/1614/1869 1869/1613/1868
f 1807/1551/1806 1808/1552/1807 1871/1615/1870 1870/1614/1869
f 1808/1552/1807 1809/1553/1808 1872/1616/1871 1871/1615/1870
f 1809/1553/1808 1810/1554/1809 1873/1617/1872 1872/1616/1871
f 1810/1554/1809 1811/1555/1810 1874/1618/1873 1873/1617/1872
f 1811/1555/1810 1812/1556/1811 1875/1619/1874 1874/1618/1873
f 1812/1556/1811 1813/1557/1812 1876/1620/1875 1875/1619/1874
f 1813/1557/1812 1814/1558/1813 1877/1621/1876 1876/1620/1875
f 1814/1558/1813 1815/1559/1814 1878/1622/1877 1877/1621/1876
f 1815/1559/1814 1816/1560/1815 1879/1623/1878 1878/1622/1877
f 1816/1560/1815 1817/1561/1816 1880/1624/1879 1879/1623/1878
f 1817/1561/1816 1818/1562/1817 1881/1625/1880 1880/1624/1879
f 1818/1562/1817 1819/1563/1818 1882/1626/1881 1881/1625/1880
f 1819/1563/1818 1820/1564/1819 1883/1627/1882 1882/1626/1881
f 1820/1564/1819 1821/1565/1820 1884/1628/1883 1883/1627/1882
f 1821/1565/1820 1822/1566/1821 1885/1629/1884 1884/1628/1883
f 1822/1566/1821 1823/1567/1822 1886/1630/1885 1885/1629/1884
f 1823/1567/1822 1824/1568/1823 1887/1631/1886 1886/1630/1885
f 1824/1568/1823 1825/1569/1824 1888/1632/1887 1887/1631/1886
f 1825/1569/1824 1826/1570/1825 1889/1633/1888 1888/1632/1887
f 1826/1570/1825 1827/1571/1826 1890/1634/1889 1889/1633/1888
f 1827/1571/1826 1828/1572/1827 1891/1635/1890 1890/1634/1889
f 1828/1572/1827 1829/1573/1828 1892/1636/1891 1891/1635/1890
f 1829/1573/1828 1830/1574/1829 1893/1637/1892 1892/1636/1891
f 1830/1574/1829 1831/1575/1830 1894/1638/1893 1893/1637/1892
f 1832/1577/1831 1833/1576/1832 1896/1639/1895 1895/1640/1894
f 1833/1576/1832 1834/1578/1833 1897/1641/1896 1896/1639/1895
f 1834/1578/1833 1835/1579/1834 1898/1642/1897 1897/1641/1896
f 1835/1579/1834 1836/1580/1835 1899/1643/1898 1898/1642/1897
f 1836/1580/1835 1837/1581/1836 1900/1644/1899 1899/1643/1898
f 1837/1581/1836 1838/1582/1837 1901/1645/1900 1900/1644/1899
f 1838/1582/1837 1839/1583/1838 1902/1646/1901 1901/1645/1900
f 1839/1583/1838 1840/1584/1839 1903/1647/1902 1902/1646/1901
f 1840/1584/1839 1841/1585/1840 1904/1648/1903 1903/1647/1902
f 1841/1585/1840 1842/1586/1841 1905/1649/1904 1904/1648/1903
f 1842/1586/1841 1843/1587/1842 1906/1650/1905 1905/1649/1904
f 1843/1587/1842 1844/1588/1843 1907/1651/1906 1906/1650/1905
f 1844/1588/1843 1845/1589/1844 1908/1652/1907 1907/1651/1906
f 1845/1589/1844 1846/1590/1845 1909/1653/1908 1908/1652/1907
f 1846/1590/1845 1847/1591/1846 1910/1654/1909 1909/1653/1908
f 1847/1591/1846 1848/1592/1847 1911/1655/1910 1910/1654/1909
f 1848/1592/1847 1849/1593/1848 1912/1656/1911 1911/1655/1910
f 1849/1593/1848 1850/1594/1849 1913/1657/1912 1912/1656/1911
f 1850/1594/1849 1851/1595/1850 1914/1658/1913 1913/1657/1912
f 1851/1595/1850 1852/1596/1851 1915/1659/1914 1914/1658/1913
f 1852/1596/1851 1853/1597/1852 1916/1660/1915 1915/1659/1914
f 1853/1597/1852 1854/1598/1853 1917/1661/1916 1916/1660/1915
f 1854/1598/1853 1855/1599/1854 1918/1662/1917 1917/1661/1916
f 1855/1599/1854 1856/1600/1855 1919/1663/1918 1918/1662/1917
f 1856/1600/1855 1857/1601/1856 1920/1664/1919 1919/1663/1918
f 1857/1601/1856 1858/1602/1857 1921/1665/1920 1920/1664/1919
f 1858/1602/1857 1859/1603/1858 1922/1666/1921 1921/1665/1920
f 1859/1603/1858 1860/1604/1859 1923/1667/1922 1922/1666/1921
f 1860/1604/1859 1861/1605/1860 1924/1668/1923 1923/1667/1922
f 1861/1605/1860 1862/1606/1861 1925/1669/1924 1924/1668/1923
f 1862/1606/1861 1863/1607/1862 1926/1670/1925 1925/1669/1924
f 1863/1607/1862 1864/1608/1863 1927/1671/1926 1926/1670/1925
f 1864/1608/1863 1865/1609/1864 1928/1672/1927 1927/1671/1926
f 1865/1609/1864 1866/1610/1865 1929/1673/1928 1928/1672/1927
f 1866/1610/1865 1867/1611/1866 1930/1674/1929 1929/1673/1928
f 1867/1611/1866 1868/1612/1867 1931/1675/1930 1930/1674/1929
f 1868/1612/1867 1869/1613/1868 1932/1676/1931 1931/1675/1930
f 1869/1613/1868 1870/1614/1869 1933/1677/1932 1932/1676/1931
f 1870/1614/1869 1871/1615/1870 1934/1678/1933 1933/1677/1932
f 1871/1615/1870 1872/1616/1871 1935/1679/1934 1934/1678/1933
f 1872/1616/1871 1873/1617/1872 1936/1680/1935 1935/1679/1934
f 1873/1617/1872 1874/1618/1873 1937/1681/1936 1936/1680/1935
f 1874/1618/1873 1875/1619/1874 1938/1682/1937 1937/1681/1936
f 1875/1619/1874 1876/1620/1875 1939/1683/1938 1938/1682/1937
f 1876/1620/1875 1877/1621/1876 1940/1684/1939 1939/1683/1938
f 1877/1621/1876 1878/1622/1877 1941/1685/1940 1940/1684/1939
f 1878/1622/1877 1879/1623/1878 1942/1686/1941 1941/1685/1940
f 1879/1623/1878 1880/1624/1879 1943/1687/1942 1942/1686/1941
f 1880/1624/1879 1881/1625/1880 1944/1688/1943 1943/1687/1942
f 1881/1625/1880 1882/1626/1881 1945/1689/1944 1944/1688/1943
f 1882/1626/1881 1883/1627/1882 1946/1690/1945 1945/1689/1944
f 1883/1627/1882 1884/1628/1883 1947/1691/1946 1946/1690/1945
f 1884/1628/1883 1885/1629/1884 1948/1692/1947 1947/1691/1946
f 1885/1629/1884 1886/1630/1885 1949/1693/1948 1948/1692/1947
f 1886/1630/1885 1887/1631/1886 1950/1694/1949 1949/1693/1948
f 1887/1631/1886 1888/1632/1887 1951/1695/1950 1950/1694/1949
f 1888/1632/1887 1889/1633/1888 1952/1696/1951 1951/1695/1950
f 1889/1633/1888 1890/1634/1889 1953/1697/1952 1952/1696/1951
f 1890/1634/1889 1891/1635/1890 1954/1698/1953 1953/1697/1952
f 1891/1635/1890 1892/1636/1891 1955/1699/1954 1954/1698/1953
f 1892/1636/1891 1893/1637/1892 1956/1700/1955 1955/1699/1954
f 1893/1637/1892 1894/1638/1893 1957/1701/1956 1956/1700/1955
f 1895/1640/1894 1896/1639/1895 1959/1702/1958 1958/1703/1957
f 1896/1639/1895 1897/1641/1896 1960/1704/1959 1959/1702/1958
f 1897/1641/1896 1898/1642/1897 1961/1705/1960 1960/1704/1959
f 1898/1642/1897 1899/1643/1898 1962/1706/1961 1961/1705/1960
f 1899/1643/1898 1900/1644/1899 1963/1707/1962 1962/1706/1961
f 1900/1644/1899 1901/1645/1900 1964/1708/1963 1963/1707/1962
f 1901/1645/1900 1902/1646/1901 1965/1709/1964 1964/1708/1963
f 1902/1646/1901 1903/1647/1902 1966/1710/1965 1965/1709/1964
f 1903/1647/1902 1904/1648/1903 1967/1711/1966 1966/1710/1965
f 1904/1648/1903 1905/1649/1904 1968/1712/1967 1967/1711/1966
f 1905/1649/1904 1906/1650/1905 1969/1713/1968 1968/1712/1967
f 1906/1650/1905 1907/1651/1906 1970/1714/1969 1969/1713/1968
f 1907/1651/1906 1908/1652/1907 1971/1715/1970 1970/1714/1969
f 1908/1652/1907 1909/1653/1908 1972/1716/1971 1971/1715/1970
f 1909/1653/1908 1910/1654/1909 1973/1717/1972 1972/1716/1971
f 1910/1654/1909 1911/1655/1910 1974/1718/1973 1973/1717/1972
f 1911/1655/1910 1912/1656/1911 1975/1719/1974 1974/1718/1973
f 1912/1656/1911 1913/1657/1912 1976/1720/1975 1975/1719/1974
f 1913/1657/1912 1914/1658/1913 1977/1721/1976 1976/1720/1975
f 1914/1658/1913 1915/1659/1914 1978/1722/1977 1977/1721/1976
f 1915/1659/1914 1916/1660/1915 1979/1723/1978 1978/1722/1977
f 1916/1660/1915 1917/1661/1916 1980/1724/1979 1979/1723/1978
f 1917/1661/1916 1918/1662/1917 1981/1725/1980 1980/1724/1979
f 1918/1662/1917 1919/1663/1918 1982/1726/1981 1981/1725/1980
f 1919/1663/1918 1920/1664/1919 1983/1727/1982 1982/1726/1981
f 1920/1664/1919 1921/1665/1920 1984/1728/1983 1983/1727/1982
f 1921/1665/1920 1922/1666/1921 1985/1729/1984 1984/1728/1983
f 1922/1666/1921 1923/1667/1922 1986/1730/1985 1985/1729/1984
f 1923/1667/1922 1924/1668/1923 1987/1731/1986 1986/1730/1985
f 1924/1668/1923 1925/1669/1924 1988/1732/1987 1987/1731/1986
f 1925/1669/1924 1926/1670/1925 1989/1733/1988 1988/1732/1987
f 1926/1670/1925 1927/1671/1926 1990/1734/1989 1989/1733/1988
f 1927/1671/1926 1928/1672/1927 1991/1735/1990 1990/1734/1989
f 1928/1672/1927 1929/1673/1928 1992/1736/1991 1991/1735/1990
f 1929/1673/1928 1930/1674/1929 1993/1737/1992 1992/1736/1991
f 1930/1674/1929 1931/1675/1930 1994/1738/1993 1993/1737/1992
f 1931/1675/1930 1932/1676/1931 1995/1739/1994 1994/1738/1993
f 1932/1676/1931 1933/1677/1932 1996/1740/1995 1995/1739/1994
f 1933/1677/1932 1934/1678/1933 1997/1741/1996 1996/1740/1995
f 1934/1678/1933 1935/1679/1934 1998/1742/1997 1997/1741/1996
f 1935/1679/1934 1936/1680/1935 1999/1743/1998 1998/1742/1997
f 1936/1680/1935 1937/1681/1936 2000/1744/1999 1999/1743/1998
f 1937/1681/1936 1938/1682/1937 2001/1745/2000 2000/1744/1999
f 1938/1682/1937 1939/1683/1938 2002/1746/2001 2001/1745/2000
f 1939/1683/1938 1940/1684/1939 2003/1747/2002 2002/1746/2001
f 1940/1684/1939 1941/1685/1940 2004/1748/2003 2003/1747/2002
f 1941/1685/1940 1942/1686/1941 2005/1749/2004 2004/1748/2003
f 1942/1686/1941 1943/1687/1942 2006/1750/2005 2005/1749/2004
f 1943/1687/1942 1944/1688/1943 2007/1751/2006 2006/1750/2005
f 1944/1688/1943 1945/1689/1944 2008/1752/2007 2007/1751/2006
f 1945/1689/1944 1946/1690/1945 2009/1753/2008 2008/1752/2007
f 1946/1690/1945 1947/1691/1946 2010/1754/2009 2009/1753/2008
f 1947/1691/1946 1948/1692/1947 2011/1755/2010 2010/1754/2009
f 1948/1692/1947 1949/1693/1948 2012/1756/2011 2011/1755/2010
f 1949/1693/1948 1950/1694/1949 2013/1757/2012 2012/1756/2011
f 1950/1694/1949 1951/1695/1950 2014/1758/2013 2013/1757/2012
f 1951/1695/1950 1952/1696/1951 2015/1759/2014 2014/1758/2013
f 1952/1696/1951 1953/1697/1952 2016/1760/2015 2015/1759/2014
f 1953/1697/1952 1954/1698/1953 2017/1761/2016 2016/1760/2015
f 1954/1698/1953 1955/1699/1954 2018/1762/2017 2017/1761/2016
f 1955/1699/1954 1956/1700/1955 2019/1763/2018 2018/1762/2017
f 1956/1700/1955 1957/1701/1956 2020/1764/2019 2019/1763/2018
f 1958/1703/1957 1959/1702/1958 2022/1765/2021 2021/1766/2020
f 1959/1702/1958 1960/1704/1959 2023/1767/2022 2022/1765/2021
f 1960/1704/1959 1961/1705/1960 2024/1768/2023 2023/1767/2022
f 1961/1705/1960 1962/1706/1961 2025/1769/2024 2024/1768/2023
f 1962/1706/1961 1963/1707/1962 2026/1770/2025 2025/1769/2024
f 1963/1707/1962 1964/1708/1963 2027/1771/2026 2026/1770/2025
f 1964/1708/1963 1965/1709/1964 2028/1772/2027 2027/1771/2026
f 1965/1709/1964 1966/1710/1965 2029/1773/2028 2028/1772/2027
f 1966/1710/1965 1967/1711/1966 2030/1774/2029 2029/1773/2028
f 1967/1711/1966 1968/1712/1967 2031/1775/2030 2030/1774/2029
f 1968/1712/1967 1969/1713/1968 2032/1776/2031 2031/1775/2030
f 1969/1713/1968 1970/1714/1969 2033/1777/2032 2032/1776/2031
f 1970/1714/1969 1971/1715/1970 2034/1778/2033 2033/1777/2032
f 1971/1715/1970 1972/1716/1971 2035/1779/2034 2034/1778/2033
f 1972/1716/1971 1973/1717/1972 2036/1780/2035 2035/1779/2034
f 1973/1717/1972 1974/1718/1973 2037/1781/2036 2036/1780/2035
f 1974/1718/1973 1975/1719/1974 2038/1782/2037 2037/1781/2036
f 1975/1719/1974 1976/1720/1975 2039/1783/2038 2038/1782/2037
f 1976/1720/1975 1977/1721/1976 2040/1784/2039 2039/1783/2038
f 1977/1721/1976 1978/1722/1977 2041/1785/2040 2040/1784/2039
f 1978/1722/1977 1979/1723/1978 2042/1786/2041 2041/1785/2040
f 1979/1723/1978 1980/1724/1979 2043/1787/2042 2042/1786/2041
f 1980/1724/1979 1981/1725/1980 2044/1788/2043 2043/1787/2042
f 1981/1725/1980 1982/1726/1981 2045/1789/2044 2044/1788/2043
f 1982/1726/1981 1983/1727/1982 2046/1790/2045 2045/1789/2044
f 1983/1727/1982 1984/1728/1983 2047/1791/2046 2046/1790/2045
f 1984/1728/1983 1985/1729/1984 2048/1792/2047 2047/1791/2046
f 1985/1729/1984 1986/1730/1985 2049/1793/2048 2048/1792/2047
f 1986/1730/1985 1987/1731/1986 2050/1794/2049 2049/1793/2048
f 1987/1731/1986 1988/1732/1987 2051/1795/2050 2050/1794/2049
f 1988/1732/1987 1989/1733/1988 2052/1796/2051 2051/1795/2050
f 1989/1733/1988 1990/1734/1989 2053/1797/2052 2052/1796/2051
f 1990/1734/1989 1991/1735/1990 2054/1798/2053 2053/1797/2052
f 1991/1735/1990 1992/1736/1991 2055/1799/2054 2054/1798/2053
f 1992/1736/1991 1993/1737/1992 2056/1800/2055 2055/1799/2054
f 1993/1737/1992 1994/1738/1993 2057/1801/2056 2056/1800/2055
f 1994/1738/1993 1995/1739/1994 2058/1802/2057 2057/1801/2056
f 1995/1739/1994 1996/1740/1995 2059/1803/2058 2058/1802/2057
f 1996/1740/1995 1997/1741/1996 2060/1804/2059 2059/1803/2058
f 1997/1741/1996 1998/1742/1997 2061/1805/2060 2060/1804/2059
f 1998/1742/1997 1999/1743/1998 2062/1806/2061 2061/1805/2060
f 1999/1743/1998 2000/1744/1999 2063/1807/2062 2062/1806/2061
f 2000/1744/1999 2001/1745/2000 2064/1808/2063 2063/1807/2062
f 2001/1745/2000 2002/1746/2001 2065/1809/2064 2064/1808/2063
f 2002/1746/2001 2003/1747/2002 2066/1810/2065 2065/1809/2064
f 2003/1747/2002 2004/1748/2003 2067/1811/2066 2066/1810/2065
f 2004/1748/2003 2005/1749/2004 2068/1812/2067 2067/1811/2066
f 2005/1749/2004 2006/1750/2005 2069/1813/2068 2068/1812/2067
f 2006/1750/2005 2007/1751/2006 2070/1814/2069 2069/1813/2068
f 2007/1751/2006 2008/1752/2007 2071/1815/2070 2070/1814/2069
f 2008/1752/2007 2009/1753/2008 2072/1816/2071 2071/1815/2070
f 2009/1753/2008 2010/1754/2009 2073/1817/2072 2072/1816/2071
f 2010/1754/2009 2011/1755/2010 2074/1818/2073 2073/1817/2072
f 2011/1755/2010 2012/1756/2011 2075/1819/2074 2074/1818/2073
f 2012/1756/2011 2013/1757/2012 2076/1820/2075 2075/1819/2074
f 2013/1757/2012 2014/1758/2013 2077/1821/2076 2076/1820/2075
f 2014/1758/2013 2015/1759/2014 2078/1822/2077 2077/1821/2076
f 2015/1759/2014 2016/1760/2015 2079/1823/2078 2078/1822/2077
f 2016/1760/2015 2017/1761/2016 2080/1824/2079 2079/1823/2078
f 2017/1761/2016 2018/1762/2017 2081/1825/2080 2080/1824/2079
f 2018/1762/2017 2019/1763/2018 2082/1826/2081 2081/1825/2080
f 2019/1763/2018 2020/1764/2019 2083/1827/2082 2082/1826/2081
f 2021/1766/2020 2022/1765/2021 2085/1828/2084 2084/1829/2083
f 2022/1765/2021 2023/1767/2022 2086/1830/2085 2085/1828/2084
f 2023/1767/2022 2024/1768/2023 2087/1831/2086 2086/1830/2085
f 2024/1768/2023 2025/1769/2024 2088/1832/2087 2087/1831/2086
f 2025/1769/2024 2026/1770/2025 2089/1833/2088 2088/1832/2087
f 2026/1770/2025 2027/1771/2026 2090/1834/2089 2089/1833/2088
f 2027/1771/2026 2028/1772/2027 2091/1835/2090 2090/1834/2089
f 2028/1772/2027 2029/1773/2028 2092/1836/2091 2091/1835/2090
f 2029/1773/2028 2030/1774/2029 2093/1837/2092 2092/1836/2091
f 2030/1774/2029 2031/1775/2030 2094/1838/2093 2093/1837/2092
f 2031/1775/2030 2032/1776/2031 2095/1839/2094 2094/1838/2093
f 2032/1776/2031 2033/1777/2032 2096/1840/2095 2095/1839/2094
f 2033/1777/2032 2034/1778/2033 2097/1841/2096 2096/1840/2095
f 2034/1778/2033 2035/1779/2034 2098/1842/2097 2097/1841/2096
f 2035/1779/2034 2036/1780/2035 2099/1843/2098 2098/1842/2097
f 2036/1780/2035 2037/1781/2036 2100/1844/2099 2099/1843/2098
f 2037/1781/2036 2038/1782/2037 2101/1845/2100 2100/1844/2099
f 2038/1782/2037 2039/1783/2038 2102/1846/2101 2101/1845/2100
f 2039/1783/2038 2040/1784/2039 2103/1847/2102 2102/1846/2101
f 2040/1784/2039 2041/1785/2040 2104/1848/2103 2103/1847/2102
f 2041/1785/2040 2042/1786/2041 2105/1849/2104 2104/1848/2103
f 2042/1786/2041 2043/1787/2042 2106/1850/2105 2105/1849/2104
f 2043/1787/2042 2044/1788/2043 2107/1851/2106 2106/1850/2105
f 2044/1788/2043 2045/1789/2044 2108/1852/2107 2107/1851/2106
f 2045/1789/2044 2046/1790/2045 2109/1853/2108 2108/1852/2107
f 2046/1790/2045 2047/1791/2046 2110/1854/2109 2109/1853/2108
f 2047/1791/2046 2048/1792/2047 2111/1855/2110 2110/1854/2109
f 2048/1792/2047 2049/1793/2048 2112/1856/2111 2111/1855/2110
f 2049/1793/2048 2050/1794/2049 2113/1857/2112 2112/1856/2111
f 2050/1794/2049 2051/1795/2050 2114/1858/2113 2113/1857/2112
f 2051/1795/2050 2052/1796/2051 2115/1859/2114 2114/1858/2113
f 2052/1796/2051 2053/1797/2052 2116/1860/2115 2115/1859/2114
f 2053/1797/2052 2054/1798/2053 2117/1861/2116 2116/1860/2115
f 2054/1798/2053 2055/1799/2054 2118/1862/2117 2117/1861/2116
f 2055/1799/2054 2056/1800/2055 2119/1863/2118 2118/1862/2117
f 2056/1800/2055 2057/1801/2056 2120/1864/2119 2119/1863/2118
f 2057/1801/2056 2058/1802/2057 2121/1865/2120 2120/1864/2119
f 2058/1802/2057 2059/1803/2058 2122/1866/2121 2121/1865/2120
f 2059/1803/2058 2060/1804/2059 2123/1867/2122 2122/1866/2121
f 2060/1804/2059 2061/1805/2060 2124/1868/2123 2123/1867/2122
f 2061/1805/2060 2062/1806/2061 2125/1869/2124 2124/1868/2123
f 2062/1806/2061 2063/1807/2062 2126/1870/2125 2125/1869/2124
f 2063/1807/2062 2064/1808/2063 2127/1871/2126 2126/1870/2125
f 2064/1808/2063 2065/1809/2064 2128/1872/2127 2127/1871/2126
f 2065/1809/2064 2066/1810/2065 2129/1873/2128 2128/1872/2127
f 2066/1810/2065 2067/1811/2066 2130/1874/2129 2129/1873/2128
f 2067/1811/2066 2068/1812/2067 2131/1875/2130 2130/1874/2129
f 2068/1812/2067 2069/1813/2068 2132/1876/2131 2131/1875/2130
f 2069/1813/2068 2070/1814/2069 2133/1877/2132 2132/1876/2131
f 2070/1814/2069 2071/1815/2070 2134/1878/2133 2133/1877/2132
f 2071/1815/2070 2072/1816/2071 2135/1879/2134 2134/1878/2133
f 2072/1816/2071 2073/1817/2072 2136/1880/2135 2135/1879/2134
f 2073/1817/2072 2074/1818/2073 2137/1881/2136 2136/1880/2135
f 2074/1818/2073 2075/1819/2074 2138/1882/2137 2137/1881/2136
f 2075/1819/2074 2076/1820/2075 2139/1883/2138 2138/1882/2137
f 2076/1820/2075 2077/1821/2076 2140/1884/2139 2139/1883/2138
f 2077/1821/2076 2078/1822/2077 2141/1885/2140 2140/1884/2139
f 2078/1822/2077 2079/1823/2078 2142/1886/2141 2141/1885/2140
f 2079/1823/2078 2080/1824/2079 2143/1887/2142 2142/1886/2141
f 2080/1824/2079 2081/1825/2080 2144/1888/2143 2143/1887/2142
f 2081/1825/2080 2082/1826/2081 2145/1889/2144 2144/1888/2143
f 2082/1826/2081 2083/1827/2082 2146/1890/2145 2145/1889/2144
f 2084/1829/2083 2085/1828/2084 2148/1891/2147 2147/1892/2146
f 2085/1828/2084 2086/1830/2085 2149/1893/2148 2148/1891/2147
f 2086/1830/2085 2087/1831/2086 2150/1894/2149 2149/1893/2148
f 2087/1831/2086 2088/1832/2087 2151/1895/2150 2150/1894/2149
f 2088/1832/2087 2089/1833/2088 2152/1896/2151 2151/1895/2150
f 2089/1833/2088 2090/1834/2089 2153/1897/2152 2152/1896/2151
f 2090/1834/2089 2091/1835/2090 2154/1898/2153 2153/1897/2152
f 2091/1835/2090 2092/1836/2091 2155/1899/2154 2154/1898/2153
f 2092/1836/2091 2093/1837/2092 2156/1900/2155 2155/1899/2154
f 2093/1837/2092 2094/1838/2093 2157/1901/2156 2156/1900/2155
f 2094/1838/2093 2095/1839/2094 2158/1902/2157 2157/1901/2156
f 2095/1839/2094 2096/1840/2095 2159/1903/2158 2158/1902/2157
f 2096/1840/2095 2097/1841/2096 2160/1904/2159 2159/1903/2158
f 2097/1841/2096 2098/1842/2097 2161/1905/2160 2160/1904/2159
f 2098/1842/2097 2099/1843/2098 2162/1906/2161 2161/1905/2160
f 2099/1843/2098 2100/1844/2099 2163/1907/2162 2162/1906/2161
f 2100/1844/2099 2101/1845/2100 2164/1908/2163 2163/1907/2162
f 2101/1845/2100 2102/1846/2101 2165/1909/2164 2164/1908/2163
f 2102/1846/2101 2103/1847/2102 2166/1910/2165 2165/1909/2164
f 2103/1847/2102 2104/1848/2103 2167/1911/2166 2166/1910/2165
f 2104/1848/2103 2105/1849/2104 2168/1912/2167 2167/1911/2166
f 2105/1849/2104 2106/1850/2105 2169/1913/2168 2168/1912/2167
f 2106/1850/2105 2107/1851/2106 2170/1914/2169 2169/1913/2168
f 2107/1851/2106 2108/1852/2107 2171/1915/2170 2170/1914/2169
f 2108/1852/2107 2109/1853/2108 2172/1916/2171 2171/1915/2170
f 2109/1853/2108 2110/1854/2109 2173/1917/2172 2172/1916/2171
f 2110/1854/2109 2111/1855/2110 2174/1918/2173 2173/1917/2172
f 2111/1855/2110 2112/1856/2111 2175/1919/2174 2174/1918/2173
f 2112/1856/2111 2113/1857/2112 2176/1920/2175 2175/1919/2174
f 2113/1857/2112 2114/1858/2113 2177/1921/2176 2176/1920/2175
f 2114/1858/2113 2115/1859/2114 2178/1922/2177 2177/1921/2176
f 2115/1859/2114 2116/1860/2115 2179/1923/2178 2178/1922/2177
f 2116/1860/2115 2117/1861/2116 2180/1924/2179 2179/1923/2178
f 2117/1861/2116 2118/1862/2117 2181/1925/2180 2180/1924/2179
f 2118/1862/2117 2119/1863/2118 2182/1926/2181 2181/1925/2180
f 2119/1863/2118 2120/1864/2119 2183/1927/2182 2182/1926/2181
f 2120/1864/2119 2121/1865/2120 2184/1928/2183 2183/1927/2182
f 2121/1865/2120 2122/1866/2121 2185/1929/2184 2184/1928/2183
f 2122/1866/2121 2123/1867/2122 2186/1930/2185 2185/1929/2184
f 2123/1867/2122 2124/1868/2123 2187/1931/2186 2186/1930/2185
f 2124/1868/2123 2125/1869/2124 2188/1932/2187 2187/1931/2186
f 2125/1869/2124 2126/1870/2125 2189/1933/2188 2188/1932/2187
f 2126/1870/2125 2127/1871/2126 2190/1934/2189 2189/1933/2188
f 2127/1871/2126 2128/1872/2127 2191/1935/2190 2190/1934/2189
f 2128/1872/2127 2129/1873/2128 2192/1936/2191 2191/1935/2190
f 2129/1873/2128 2130/1874/2129 2193/1937/2192 2192/1936/2191
f 2130/1874/2129 2131/1875/2130 2194/1938/2193 2193/1937/2192
f 2131/1875/2130 2132/1876/2131 2195/1939/2194 2194/1938/2193
f 2132/1876/2131 2133/1877/2132 2196/1940/2195 2195/1939/2194
f 2133/1877/2132 2134/1878/2133 2197/1941/2196 2196/1940/2195
f 2134/1878/2133 2135/1879/2134 2198/1942/2197 2197/1941/2196
f 2135/1879/2134 2136/1880/2135 2199/1943/2198 2198/1942/2197
f 2136/1880/2135 2137/1881/2136 2200/1944/2199 2199/1943/2198
f 2137/1881/2136 2138/1882/2137 2201/1945/2200 2200/1944/2199
f 2138/1882/2137 2139/1883/2138 2202/1946/2201 2201/1945/2200
f 2139/1883/2138 2140/1884/2139 2203/1947/2202 2202/1946/2201
f 2140/1884/2139 2141/1885/2140 2204/1948/2203 2203/1947/2202
f 2141/1885/2140 2142/1886/2141 2205/1949/2204 2204/1948/2203
f 2142/1886/2141 2143/1887/2142 2206/1950/2205 2205/1949/2204
f 2143/1887/2142 2144/1888/2143 2207/1951/2206 2206/1950/2205
f 2144/1888/2143 2145/1889/2144 2208/1952/2207 2207/1951/2206
f 2145/1889/2144 2146/1890/2145 2209/1953/2208 2208/1952/2207
f 2147/1892/2146 2148/1891/2147 2211/1954/2210 2210/1955/2209
f 2148/1891/2147 2149/1893/2148 2212/1956/2211 2211/1954/2210
f 2149/1893/2148 2150/1894/2149 2213/1957/2212 2212/1956/2211
f 2150/1894/2149 2151/1895/2150 2214/1958/2213 2213/1957/2212
f 2151/1895/2150 2152/1896/2151 2215/1959/2214 2214/1958/2213
f 2152/1896/2151 2153/1897/2152 2216/1960/2215 2215/1959/2214
f 2153/1897/2152 2154/1898/2153 2217/1961/2216 2216/1960/2215
f 2154/1898/2153 2155/1899/2154 2218/1962/2217 2217/1961/2216
f 2155/1899/2154 2156/1900/2155 2219/1963/2218 2218/1962/2217
f 2156/1900/2155 2157/1901/2156 2220/1964/2219 2219/1963/2218
f 2157/1901/2156 2158/1902/2157 2221/1965/2220 2220/1964/2219
f 2158/1902/2157 2159/1903/2158 2222/1966/2221 2221/1965/2220
f 2159/1903/2158 2160/1904/2159 2223/1967/2222 2222/1966/2221
f 2160/1904/2159 2161/1905/2160 2224/1968/2223 2223/1967/2222
f 2161/1905/2160 2162/1906/2161 2225/1969/2224 2224/1968/2223
f 2162/1906/2161 2163/1907/2162 2226/1970/2225 2225/1969/2224
f 2163/1907/2162 2164/1908/2163 2227/1971/2226 2226/1970/2225
f 2164/1908/2163 2165/1909/2164 2228/1972/2227 2227/1971/2226
f 2165/1909/2164 2166/1910/2165 2229/1973/2228 2228/1972/2227
f 2166/1910/2165 2167/1911/2166 2230/1974/2229 2229/1973/2228
f 2167/1911/2166 2168/1912/2167 2231/1975/2230 2230/1974/2229
f 2168/1912/2167 2169/1913/2168 2232/1976/2231 2231/1975/2230
f 2169/1913/2168 2170/1914/2169 2233/1977/2232 2232/1976/2231
f 2170/1914/2169 2171/1915/2170 2234/1978/2233 2233/1977/2232
f 2171/1915/2170 2172/1916/2171 2235/1979/2234 2234/1978/2233
f 2172/1916/2171 2173/1917/2172 2236/1980/2235 2235/1979/2234
f 2173/1917/2172 2174/1918/2173 2237/1981/2236 2236/1980/2235
f 2174/1918/2173 2175/1919/2174 2238/1982/2237 2237/1981/2236
f 2175/1919/2174 2176/1920/2175 2239/1983/2238 2238/1982/2237
f 2176/1920/2175 2177/1921/2176 2240/1984/2239 2239/1983/2238
f 2177/1921/2176 2178/1922/2177 2241/1985/2240 2240/1984/2239
f 2178/1922/2177 2179/1923/2178 2242/1986/2241 2241/1985/2240
f 2179/1923/2178 2180/1924/2179 2243/1987/2242 2242/1986/2241
f 2180/1924/2179 2181/1925/2180 2244/1988/2243 2243/1987/2242
f 2181/1925/2180 2182/1926/2181 2245/1989/2244 2244/1988/2243
f 2182/1926/2181 2183/1927/2182 2246/1990/2245 2245/1989/2244
f 2183/1927/2182 2184/1928/2183 2247/1991/2246 2246/1990/2245
f 2184/1928/2183 2185/1929/2184 2248/1992/2247 2247/1991/2246
f 2185/1929/2184 2186/1930/2185 2249/1993/2248 2248/1992/2247
f 2186/1930/2185 2187/1931/2186 2250/1994/2249 2249/1993/2248
f 2187/1931/2186 2188/1932/2187 2251/1995/2250 2250/1994/2249
f 2188/1932/2187 2189/1933/2188 2252/1996/2251 2251/1995/2250
f 2189/1933/2188 2190/1934/2189 2253/1997/2252 2252/1996/2251
f 2190/1934/2189 2191/1935/2190 2254/1998/2253 2253/1997/2252
f 2191/1935/2190 2192/1936/2191 2255/1999/2254 2254/1998/2253
f 2192/1936/2191 2193/1937/2192 2256/2000/2255 2255/1999/2254
f 2193/1937/2192 2194/1938/2193 2257/2001/2256 2256/2000/2255
f 2194/1938/2193 2195/1939/2194 2258/2002/2257 2257/2001/2256
f 2195/1939/2194 2196/1940/2195 2259/2003/2258 2258/2002/2257
f 2196/1940/2195 2197/1941/2196 2260/2004/2259 2259/2003/2258
f 2197/1941/2196 2198/1942/2197 2261/2005/2260 2260/2004/2259
f 2198/1942/2197 2199/1943/2198 2262/2006/2261 2261/2005/2260
f 2199/1943/2198 2200/1944/2199 2263/2007/2262 2262/2006/2261
f 2200/1944/2199 2201/1945/2200 2264/2008/2263 2263/2007/2262
f 2201/1945/2200 2202/1946/2201 2265/2009/2264 2264/2008/2263
f 2202/1946/2201 2203/1947/2202 2266/2010/2265 2265/2009/2264
f 2203/1947/2202 2204/1948/2203 2267/2011/2266 2266/2010/2265
f 2204/1948/2203 2205/1949/2204 2268/2012/2267 2267/2011/2266
f 2205/1949/2204 2206/1950/2205 2269/2013/2268 2268/2012/2267
f 2206/1950/2205 2207/1951/2206 2270/2014/2269 2269/2013/2268
f 2207/1951/2206 2208/1952/2207 2271/2015/2270 2270/2014/2269
f 2208/1952/2207 2209/1953/2208 2272/2016/2271 2271/2015/2270
f 2210/1955/2209 2211/1954/2210 2274/2017/2273 2273/2018/2272
f 2211/1954/2210 2212/1956/2211 2275/2019/2274 2274/2017/2273
f 2212/1956/2211 2213/1957/2212 2276/2020/2275 2275/2019/2274
f 2213/1957/2212 2214/1958/2213 2277/2021/2276 2276/2020/2275
f 2214/1958/2213 2215/1959/2214 2278/2022/2277 2277/2021/2276
f 2215/1959/2214 2216/1960/2215 2279/2023/2278 2278/2022/2277
f 2216/1960/2215 2217/1961/2216 2280/2024/2279 2279/2023/2278
f 2217/1961/2216 2218/1962/2217 2281/2025/2280 2280/2024/2279
f 2218/1962/2217 2219/1963/2218 2282/2026/2281 2281/2025/2280
f 2219/1963/2218 2220/1964/2219 2283/2027/2282 2282/2026/2281
f 2220/1964/2219 2221/1965/2220 2284/2028/2283 2283/2027/2282
f 2221/1965/2220 2222/1966/2221 2285/2029/2284 2284/2028/2283
f 2222/1966/2221 2223/1967/2222 2286/2030/2285 2285/2029/2284
f 2223/1967/2222 2224/1968/2223 2287/2031/2286 2286/2030/2285
f 2224/1968/2223 2225/1969/2224 2288/2032/2287 2287/2031/2286
f 2225/1969/2224 2226/1970/2225 2289/2033/2288 2288/2032/2287
f 2226/1970/2225 2227/1971/2226 2290/2034/2289 2289/2033/2288
f 2227/1971/2226 2228/1972/2227 2291/2035/2290 2290/2034/2289
f 2228/1972/2227 2229/1973/2228 2292/2036/2291 2291/2035/2290
f 2229/1973/2228 2230/1974/2229 2293/2037/2292 2292/2036/2291
f 2230/1974/2229 2231/1975/2230 2294/2038/2293 2293/2037/2292
f 2231/1975/2230 2232/1976/2231 2295/2039/2294 2294/2038/2293
f 2232/1976/2231 2233/1977/2232 2296/2040/2295 2295/2039/2294
f 2233/1977/2232 2234/1978/2233 2297/2041/2296 2296/2040/2295
f 2234/1978/2233 2235/1979/2234 2298/2042/2297 2297/2041/2296
f 2235/1979/2234 2236/1980/2235 2299/2043/2298 2298/2042/2297
f 2236/1980/2235 2237/1981/2236 2300/2044/2299 2299/2043/2298
f 2237/1981/2236 2238/1982/2237 2301/2045/2300 2300/2044/2299
f 2238/1982/2237 2239/1983/2238 2302/2046/2301 2301/2045/2300
f 2239/1983/2238 2240/1984/2239 2303/2047/2302 2302/2046/2301
f 2240/1984/2239 2241/1985/2240 2304/2048/2303 2303/2047/2302
f 2241/1985/2240 2242/1986/2241 2305/2049/2304 2304/2048/2303
f 2242/1986/2241 2243/1987/2242 2306/2050/2305 2305/2049/2304
f 2243/1987/2242 2244/1988/2243 2307/2051/2306 2306/2050/2305
f 2244/1988/2243 2245/1989/2244 2308/2052/2307 2307/2051/2306
f 2245/1989/2244 2246/1990/2245 2309/2053/2308 2308/2052/2307
f 2246/1990/2245 2247/1991/2246 2310/2054/2309 2309/2053/2308
f 2247/1991/2246 2248/1992/2247 2311/2055/2310 2310/2054/2309
f 2248/1992/2247 2249/1993/2248 2312/2056/2311 2311/2055/2310
f 2249/1993/2248 2250/1994/2249 2313/2057/2312 2312/2056/2311
f 2250/1994/2249 2251/1995/2250 2314/2058/2313 2313/2057/2312
f 2251/1995/2250 2252/1996/2251 2315/2059/2314 2314/2058/2313
f 2252/1996/2251 2253/1997/2252 2316/2060/2315 2315/2059/2314
f 2253/1997/2252 2254/1998/2253 2317/2061/2316 2316/2060/2315
f 2254/1998/2253 2255/1999/2254 2318/2062/2317 2317/2061/2316
f 2255/1999/2254 2256/2000/2255 2319/2063/2318 2318/2062/2317
f 2256/2000/2255 2257/2001/2256 2320/2064/2319 2319/2063/2318
f 2257/2001/2256 2258/2002/2257 2321/2065/2320 2320/2064/2319
f 2258/2002/2257 2259/2003/2258 2322/2066/2321 2321/2065/2320
f 2259/2003/2258 2260/2004/2259 2323/2067/2322 2322/2066/2321
f 2260/2004/2259 2261/2005/2260 2324/2068/2323 2323/2067/2322
f 2261/2005/2260 2262/2006/2261 2325/2069/2324 2324/2068/2323
f 2262/2006/2261 2263/2007/2262 2326/2070/2325 2325/2069/2324
f 2263/2007/2262 2264/2008/2263 2327/2071/2326 2326/2070/2325
f 2264/2008/2263 2265/2009/2264 2328/2072/2327 2327/2071/2326
f 2265/2009/2264 2266/2010/2265 2329/2073/2328 2328/2072/2327
f 2266/2010/2265 2267/2011/2266 2330/2074/2329 2329/2073/2328
f 2267/2011/2266 2268/2012/2267 2331/2075/2330 2330/2074/2329
f 2268/2012/2267 2269/2013/2268 2332/2076/2331 2331/2075/2330
f 2269/2013/2268 2270/2014/2269 2333/2077/2332 2332/2076/2331
f 2270/2014/2269 2271/2015/2270 2334/2078/2333 2333/2077/2332
f 2271/2015/2270 2272/2016/2271 2335/2079/2334 2334/2078/2333
f 2273/2018/2272 2274/2017/2273 2337/2080/2336 2336/2081/2335
f 2274/2017/2273 2275/2019/2274 2338/2082/2337 2337/2080/2336
f 2275/2019/2274 2276/2020/2275 2339/2083/2338 2338/2082/2337
f 2276/2020/2275 2277/2021/2276 2340/2084/2339 2339/2083/2338
f 2277/2021/2276 2278/2022/2277 2341/2085/2340 2340/2084/2339
f 2278/2022/2277 2279/2023/2278 2342/2086/2341 2341/2085/2340
f 2279/2023/2278 2280/2024/2279 2343/2087/2342 2342/2086/2341
f 2280/2024/2279 2281/2025/2280 2344/2088/2343 2343/2087/2342
f 2281/2025/2280 2282/2026/2281 2345/2089/2344 2344/2088/2343
f 2282/2026/2281 2283/2027/2282 2346/2090/2345 2345/2089/2344
f 2283/2027/2282 2284/2028/2283 2347/2091/2346 2346/2090/2345
f 2284/2028/2283 2285/2029/2284 2348/2092/2347 2347/2091/2346
f 2285/2029/2284 2286/2030/2285 2349/2093/2348 2348/2092/2347
f 2286/2030/2285 2287/2031/2286 2350/2094/2349 2349/2093/2348
f 2287/2031/2286 2288/2032/2287 2351/2095/2350 2350/2094/2349
f 2288/2032/2287 2289/2033/2288 2352/2096/2351 2351/2095/2350
f 2289/2033/2288 2290/2034/2289 2353/2097/2352 2352/2096/2351
f 2290/2034/2289 2291/2035/2290 2354/2098/2353 2353/2097/2352
f 2291/2035/2290 2292/2036/2291 2355/2099/2354 2354/2098/2353
f 2292/2036/2291 2293/2037/2292 2356/2100/2355 2355/2099/2354
f 2293/2037/2292 2294/2038/2293 2357/2101/2356 2356/2100/2355
f 2294/2038/2293 2295/2039/2294 2358/2102/2357 2357/2101/2356
f 2295/2039/2294 2296/2040/2295 2359/2103/2358 2358/2102/2357
f 2296/2040/2295 2297/2041/2296 2360/2104/2359 2359/2103/2358
f 2297/2041/2296 2298/2042/2297 2361/2105/2360 2360/2104/2359
f 2298/2042/2297 2299/2043/2298 2362/2106/2361 2361/2105/2360
f 2299/2043/2298 2300/2044/2299 2363/2107/2362 2362/2106/2361
f 2300/2044/2299 2301/2045/2300 2364/2108/2363 2363/2107/2362
f 2301/2045/2300 2302/2046/2301 2365/2109/2364 2364/2108/2363
f 2302/2046/2301 2303/2047/2302 2366/2110/2365 2365/2109/2364
f 2303/2047/2302 2304/2048/2303 2367/2111/2366 2366/2110/2365
f 2304/2048/2303 2305/2049/2304 2368/2112/2367 2367/2111/2366
f 2305/2049/2304 2306/2050/2305 2369/2113/2368 2368/2112/2367
f 2306/2050/2305 2307/2051/2306 2370/2114/2369 2369/2113/2368
f 2307/2051/2306 2308/2052/2307 2371/2115/2370 2370/2114/2369
f 2308/2052/2307 2309/2053/2308 2372/2116/2371 2371/2115/2370
f 2309/2053/2308 2310/2054/2309 2373/2117/2372 2372/2116/2371
f 2310/2054/2309 2311/2055/2310 2374/2118/2373 2373/2117/2372
f 2311/2055/2310 2312/2056/2311 2375/2119/2374 2374/2118/2373
f 2312/2056/2311 2313/2057/2312 2376/2120/2375 2375/2119/2374
f 2313/2057/2312 2314/2058/2313 2377/2121/2376 2376/2120/2375
f 2314/2058/2313 2315/2059/2314 2378/2122/2377 2377/2121/2376
f 2315/2059/2314 2316/2060/2315 2379/2123/2378 2378/2122/2377
f 2316/2060/2315 2317/2061/2316 2380/2124/2379 2379/2123/2378
f 2317/2061/2316 2318/2062/2317 2381/2125/2380 2380/2124/2379
f 2318/2062/2317 2319/2063/2318 2382/2126/2381 2381/2125/2380
f 2319/2063/2318 2320/2064/2319 2383/2127/2382 2382/2126/2381
f 2320/2064/2319 2321/2065/2320 2384/2128/2383 2383/2127/2382
f 2321/2065/2320 2322/2066/2321 2385/2129/2384 2384/2128/2383
f 2322/2066/2321 2323/2067/2322 2386/2130/2385 2385/2129/2384
f 2323/2067/2322 2324/2068/2323 2387/2131/2386 2386/2130/2385
f 2324/2068/2323 2325/2069/2324 2388/2132/2387 2387/2131/2386
f 2325/2069/2324 2326/2070/2325 2389/2133/2388 2388/2132/2387
f 2326/2070/2325 2327/2071/2326 2390/2134/2389 2389/2133/2388
f 2327/2071/2326 2328/2072/2327 2391/2135/2390 2390/2134/2389
f 2328/2072/2327 2329/2073/2328 2392/2136/2391 2391/2135/2390
f 2329/2073/2328 2330/2074/2329 2393/2137/2392 2392/2136/2391
f 2330/2074/2329 2331/2075/2330 2394/2138/2393 2393/2137/2392
f 2331/2075/2330 2332/2076/2331 2395/2139/2394 2394/2138/2393
f 2332/2076/2331 2333/2077/2332 2396/2140/2395 2395/2139/2394
f 2333/2077/2332 2334/2078/2333 2397/2141/2396 2396/2140/2395
f 2334/2078/2333 2335/2079/2334 2398/2142/2397 2397/2141/2396
f 2336/2081/2335 2337/2080/2336 2400/2143/2399 2399/2144/2398
f 2337/2080/2336 2338/2082/2337 2401/2145/2400 2400/2143/2399
f 2338/2082/2337 2339/2083/2338 2402/2146/2401 2401/2145/2400
f 2339/2083/2338 2340/2084/2339 2403/2147/2402 2402/2146/2401
f 2340/2084/2339 2341/2085/2340 2404/2148/2403 2403/2147/2402
f 2341/2085/2340 2342/2086/2341 2405/2149/2404 2404/2148/2403
f 2342/2086/2341 2343/2087/2342 2406/2150/2405 2405/2149/2404
f 2343/2087/2342 2344/2088/2343 2407/2151/2406 2406/2150/2405
f 2344/2088/2343 2345/2089/2344 2408/2152/2407 2407/2151/2406
f 2345/2089/2344 2346/2090/2345 2409/2153/2408 2408/2152/2407
f 2346/2090/2345 2347/2091/2346 2410/2154/2409 2409/2153/2408
f 2347/2091/2346 2348/2092/2347 2411/2155/2410 2410/2154/2409
f 2348/2092/2347 2349/2093/2348 2412/2156/2411 2411/2155/2410
f 2349/2093/2348 2350/2094/2349 2413/2157/2412 2412/2156/2411
f 2350/2094/2349 2351/2095/2350 2414/2158/2413 2413/2157/2412
f 2351/2095/2350 2352/2096/2351 2415/2159/2414 2414/2158/2413
f 2352/2096/2351 2353/2097/2352 2416/2160/2415 2415/2159/2414
f 2353/2097/2352 2354/2098/2353 2417/2161/2416 2416/2160/2415
f 2354/2098/2353 2355/2099/2354 2418/2162/2417 2417/2161/2416
f 2355/2099/2354 2356/2100/2355 2419/2163/2418 2418/2162/2417
f 2356/2100/2355 2357/2101/2356 2420/2164/2419 2419/2163/2418
f 2357/2101/2356 2358/2102/2357 2421/2165/2420 2420/2164/2419
f 2358/2102/2357 2359/2103/2358 2422/2166/2421 2421/2165/2420
f 2359/2103/2358 2360/2104/2359 2423/2167/2422 2422/2166/2421
f 2360/2104/2359 2361/2105/2360 2424/2168/2423 2423/2167/2422
f 2361/2105/2360 2362/2106/2361 2425/2169/2424 2424/2168/2423
f 2362/2106/2361 2363/2107/2362 2426/2170/2425 2425/2169/2424
f 2363/2107/2362 2364/2108/2363 2427/2171/2426 2426/2170/2425
f 2364/2108/2363 2365/2109/2364 2428/2172/2427 2427/2171/2426
f 2365/2109/2364 2366/2110/2365 2429/2173/2428 2428/2172/2427
f 2366/2110/2365 2367/2111/2366 2430/2174/2429 2429/2173/2428
f 2367/2111/2366 2368/2112/2367 2431/2175/2430 2430/2174/2429
f 2368/2112/2367 2369/2113/2368 2432/2176/2431 2431/2175/2430
f 2369/2113/2368 2370/2114/2369 2433/2177/2432 2432/2176/2431
f 2370/2114/2369 2371/2115/2370 2434/2178/2433 2433/2177/2432
f 2371/2115/2370 2372/2116/2371 2435/2179/2434 2434/2178/2433
f 2372/2116/2371 2373/2117/2372 2436/2180/2435 2435/2179/2434
f 2373/2117/2372 2374/2118/2373 2437/2181/2436 2436/2180/2435
f 2374/2118/2373 2375/2119/2374 2438/2182/2437 2437/2181/2436
f 2375/2119/2374 2376/2120/2375 2439/2183/2438 2438/2182/2437
f 2376/2120/2375 2377/2121/2376 2440/2184/2439 2439/2183/2438
f 2377/2121/2376 2378/2122/2377 2441/2185/2440 2440/2184/2439
f 2378/2122/2377 2379/2123/2378 2442/2186/2441 2441/2185/2440
f 2379/2123/2378 2380/2124/2379 2443/2187/2442 2442/2186/2441
f 2380/2124/2379 2381/2125/2380 2444/2188/2443 2443/2187/2442
f 2381/2125/2380 2382/2126/2381 2445/2189/2444 2444/2188/2443
f 2382/2126/2381 2383/2127/2382 2446/2190/2445 2445/2189/2444
f 2383/2127/2382 2384/2128/2383 2447/2191/2446 2446/2190/2445
f 2384/2128/2383 2385/2129/2384 2448/2192/2447 2447/2191/2446
f 2385/2129/2384 2386/2130/2385 2449/2193/2448 2448/2192/2447
f 2386/2130/2385 2387/2131/2386 2450/2194/2449 2449/2193/2448
f 2387/2131/2386 2388/2132/2387 2451/2195/2450 2450/2194/2449
f 2388/2132/2387 2389/2133/2388 2452/2196/2451 2451/2195/2450
f 2389/2133/2388 2390/2134/2389 2453/2197/2452 2452/2196/2451
f 2390/2134/2389 2391/2135/2390 2454/2198/2453 2453/2197/2452
f 2391/2135/2390 2392/2136/2391 2455/2199/2454 2454/2198/2453
f 2392/2136/2391 2393/2137/2392 2456/2200/2455 2455/2199/2454
f 2393/2137/2392 2394/2138/2393 2457/2201/2456 2456/2200/2455
f 2394/2138/2393 2395/2139/2394 2458/2202/2457 2457/2201/2456
f 2395/2139/2394 2396/2140/2395 2459/2203/2458 2458/2202/2457
f 2396/2140/2395 2397/2141/2396 2460/2204/2459 2459/2203/2458
f 2397/2141/2396 2398/2142/2397 2461/2205/2460 2460/2204/2459
f 2399/2144/2398 2400/2143/2399 2463/2206/2462 2462/2207/2461
f 2400/2143/2399 2401/2145/2400 2464/2208/2463 2463/2206/2462
f 2401/2145/2400 2402/2146/2401 2465/2209/2464 2464/2208/2463
f 2402/2146/2401 2403/2147/2402 2466/2210/2465 2465/2209/2464
f 2403/2147/2402 2404/2148/2403 2467/2211/2466 2466/2210/2465
f 2404/2148/2403 2405/2149/2404 2468/2212/2467 2467/2211/2466
f 2405/2149/2404 2406/2150/2405 2469/2213/2468 2468/2212/2467
f 2406/2150/2405 2407/2151/2406 2470/2214/2469 2469/2213/2468
f 2407/2151/2406 2408/2152/2407 2471/2215/2470 2470/2214/2469
f 2408/2152/2407 2409/2153/2408 2472/2216/2471 2471/2215/2470
f 2409/2153/2408 2410/2154/2409 2473/2217/2472 2472/2216/2471
f 2410/2154/2409 2411/2155/2410 2474/2218/2473 2473/2217/2472
f 2411/2155/2410 2412/2156/2411 2475/2219/2474 2474/2218/2473
f 2412/2156/2411 2413/2157/2412 2476/2220/2475 2475/2219/2474
f 2413/2157/2412 2414/2158/2413 2477/2221/2476 2476/2220/2475
f 2414/2158/2413 2415/2159/2414 2478/2222/2477 2477/2221/2476
f 2415/2159/2414 2416/2160/2415 2479/2223/2478 2478/2222/2477
f 2416/2160/2415 2417/2161/2416 2480/2224/2479 2479/2223/2478
f 2417/2161/2416 2418/2162/2417 2481/2225/2480 2480/2224/2479
f 2418/2162/2417 2419/2163/2418 2482/2226/2481 2481/2225/2480
f 2419/2163/2418 2420/2164/2419 2483/2227/2482 2482/2226/2481
f 2420/2164/2419 2421/2165/2420 2484/2228/2483 2483/2227/2482
f 2421/2165/2420 2422/2166/2421 2485/2229/2484 2484/2228/2483
f 2422/2166/2421 2423/2167/2422 2486/2230/2485 2485/2229/2484
f 2423/2167/2422 2424/2168/2423 2487/2231/2486 2486/2230/2485
f 2424/2168/2423 2425/2169/2424 2488/2232/2487 2487/2231/2486
f 2425/2169/2424 2426/2170/2425 2489/2233/2488 2488/2232/2487
f 2426/2170/2425 2427/2171/2426 2490/2234/2489 2489/2233/2488
f 2427/2171/2426 2428/2172/2427 2491/2235/2490 2490/2234/2489
f 2428/2172/2427 2429/2173/2428 2492/2236/2491 2491/2235/2490
f 2429/2173/2428 2430/2174/2429 2493/2237/2492 2492/2236/2491
f 2430/2174/2429 2431/2175/2430 2494/2238/2493 2493/2237/2492
f 2431/2175/2430 2432/2176/2431 2495/2239/2494 2494/2238/2493
f 2432/2176/2431 2433/2177/2432 2496/2240/2495 2495/2239/2494
f 2433/2177/2432 2434/2178/2433 2497/2241/2496 2496/2240/2495
f 2434/2178/2433 2435/2179/2434 2498/2242/2497 2497/2241/2496
f 2435/2179/2434 2436/2180/2435 2499/2243/2498 2498/2242/2497
f 2436/2180/2435 2437/2181/2436 2500/2244/2499 2499/2243/2498
f 2437/2181/2436 2438/2182/2437 2501/2245/2500 2500/2244/2499
f 2438/2182/2437 2439/2183/2438 2502/2246/2501 2501/2245/2500
f 2439/2183/2438 2440/2184/2439 2503/2247/2502 2502/2246/2501
f 2440/2184/2439 2441/2185/2440 2504/2248/2503 2503/2247/2502
f 2441/2185/2440 2442/2186/2441 2505/2249/2504 2504/2248/2503
f 2442/2186/2441 2443/2187/2442 2506/2250/2505 2505/2249/2504
f 2443/2187/2442 2444/2188/2443 2507/2251/2506 2506/2250/2505
f 2444/2188/2443 2445/2189/2444 2508/2252/2507 2507/2251/2506
f 2445/2189/2444 2446/2190/2445 2509/2253/2508 2508/2252/2507
f 2446/2190/2445 2447/2191/2446 2510/2254/2509 2509/2253/2508
f 2447/2191/2446 2448/2192/2447 2511/2255/2510 2510/2254/2509
f 2448/2192/2447 2449/2193/2448 2512/2256/2511 2511/2255/2510
f 2449/2193/2448 2450/2194/2449 2513/2257/2512 2512/2256/2511
f 2450/2194/2449 2451/2195/2450 2514/2258/2513 2513/2257/2512
f 2451/2195/2450 2452/2196/2451 2515/2259/2514 2514/2258/2513
f 2452/2196/2451 2453/2197/2452 2516/2260/2515 2515/2259/2514
f 2453/2197/2452 2454/2198/2453 2517/2261/2516 2516/2260/2515
f 2454/2198/2453 2455/2199/2454 2518/2262/2517 2517/2261/2516
f 2455/2199/2454 2456/2200/2455 2519/2263/2518 2518/2262/2517
f 2456/2200/2455 2457/2201/2456 2520/2264/2519 2519/2263/2518
f 2457/2201/2456 2458/2202/2457 2521/2265/2520 2520/2264/2519
f 2458/2202/2457 2459/2203/2458 2522/2266/2521 2521/2265/2520
f 2459/2203/2458 2460/2204/2459 2523/2267/2522 2522/2266/2521
f 2460/2204/2459 2461/2205/2460 2524/2268/2523 2523/2267/2522
f 2462/2207/2461 2463/2206/2462 2526/2269/2525 2525/2270/2524
f 2463/2206/2462 2464/2208/2463 2527/2271/2526 2526/2269/2525
f 2464/2208/2463 2465/2209/2464 2528/2272/2527 2527/2271/2526
f 2465/2209/2464 2466/2210/2465 2529/2273/2528 2528/2272/2527
f 2466/2210/2465 2467/2211/2466 2530/2274/2529 2529/2273/2528
f 2467/2211/2466 2468/2212/2467 2531/2275/2530 2530/2274/2529
f 2468/2212/2467 2469/2213/2468 2532/2276/2531 2531/2275/2530
f 2469/2213/2468 2470/2214/2469 2533/2277/2532 2532/2276/2531
f 2470/2214/2469 2471/2215/2470 2534/2278/2533 2533/2277/2532
f 2471/2215/2470 2472/2216/2471 2535/2279/2534 2534/2278/2533
f 2472/2216/2471 2473/2217/2472 2536/2280/2535 2535/2279/2534
f 2473/2217/2472 2474/2218/2473 2537/2281/2536 2536/2280/2535
f 2474/2218/2473 2475/2219/2474 2538/2282/2537 2537/2281/2536
f 2475/2219/2474 2476/2220/2475 2539/2283/2538 2538/2282/2537
f 2476/2220/2475 2477/2221/2476 2540/2284/2539 2539/2283/2538
f 2477/2221/2476 2478/2222/2477 2541/2285/2540 2540/2284/2539
f 2478/2222/2477 2479/2223/2478 2542/2286/2541 2541/2285/2540
f 2479/2223/2478 2480/2224/2479 2543/2287/2542 2542/2286/2541
f 2480/2224/2479 2481/2225/2480 2544/2288/2543 2543/2287/2542
f 2481/2225/2480 2482/2226/2481 2545/2289/2544 2544/2288/2543
f 2482/2226/2481 2483/2227/2482 2546/2290/2545 2545/2289/2544
f 2483/2227/2482 2484/2228/2483 2547/2291/2546 2546/2290/2545
f 2484/2228/2483 2485/2229/2484 2548/2292/2547 2547/2291/2546
f 2485/2229/2484 2486/2230/2485 2549/2293/2548 2548/2292/2547
f 2486/2230/2485 2487/2231/2486 2550/2294/2549 2549/2293/2548
f 2487/2231/2486 2488/2232/2487 2551/2295/2550 2550/2294/2549
f 2488/2232/2487 2489/2233/2488 2552/2296/2551 2551/2295/2550
f 2489/2233/2488 2490/2234/2489 2553/2297/2552 2552/2296/2551
f 2490/2234/2489 2491/2235/2490 2554/2298/2553 2553/2297/2552
f 2491/2235/2490 2492/2236/2491 2555/2299/2554 2554/2298/2553
f 2492/2236/2491 2493/2237/2492 2556/2300/2555 2555/2299/2554
f 2493/2237/2492 2494/2238/2493 2557/2301/1071 2556/2300/2555
f 2494/2238/2493 2495/2239/2494 2558/2302/2556 2557/2301/1071
f 2495/2239/2494 2496/2240/2495 2559/2303/2557 2558/2302/2556
f 2496/2240/2495 2497/2241/2496 2560/2304/2558 2559/2303/2557
f 2497/2241/2496 2498/2242/2497 2561/2305/2559 2560/2304/2558
f 2498/2242/2497 2499/2243/2498 2562/2306/2560 2561/2305/2559
f 2499/2243/2498 2500/2244/2499 2563/2307/2561 2562/2306/2560
f 2500/2244/2499 2501/2245/2500 2564/2308/2562 2563/2307/2561
f 2501/2245/2500 2502/2246/2501 2565/2309/2563 2564/2308/2562
f 2502/2246/2501 2503/2247/2502 2566/2310/2564 2565/2309/2563
f 2503/2247/2502 2504/2248/2503 2567/2311/2565 2566/2310/2564
f 2504/2248/2503 2505/2249/2504 2568/2312/2566 2567/2311/2565
f 2505/2249/2504 2506/2250/2505 2569/2313/2567 2568/2312/2566
f 2506/2250/2505 2507/2251/2506 2570/2314/2568 2569/2313/2567
f 2507/2251/2506 2508/2252/2507 2571/2315/2569 2570/2314/2568
f 2508/2252/2507 2509/2253/2508 2572/2316/2570 2571/2315/2569
f 2509/2253/2508 2510/2254/2509 2573/2317/2571 2572/2316/2570
f 2510/2254/2509 2511/2255/2510 2574/2318/2572 2573/2317/2571
f 2511/2255/2510 2512/2256/2511 2575/2319/2573 2574/2318/2572
f 2512/2256/2511 2513/2257/2512 2576/2320/2574 2575/2319/2573
f 2513/2257/2512 2514/2258/2513 2577/2321/2575 2576/2320/2574
f 2514/2258/2513 2515/2259/2514 2578/2322/2576 2577/2321/2575
f 2515/2259/2514 2516/2260/2515 2579/2323/2577 2578/2322/2576
f 2516/2260/2515 2517/2261/2516 2580/2324/2578 2579/2323/2577
f 2517/2261/2516 2518/2262/2517 2581/2325/2579 2580/2324/2578
f 2518/2262/2517 2519/2263/2518 2582/2326/2580 2581/2325/2579
f 2519/2263/2518 2520/2264/2519 2583/2327/2581 2582/2326/2580
f 2520/2264/2519 2521/2265/2520 2584/2328/2582 2583/2327/2581
f 2521/2265/2520 2522/2266/2521 2585/2329/2583 2584/2328/2582
f 2522/2266/2521 2523/2267/2522 2586/2330/2584 2585/2329/2583
f 2523/2267/2522 2524/2268/2523 2587/2331/2585 2586/2330/2584
f 2525/2270/2524 2526/2269/2525 2589/2332/2587 2588/2333/2586
f 2526/2269/2525 2527/2271/2526 2590/2334/2588 2589/2332/2587
f 2527/2271/2526 2528/2272/2527 2591/2335/2589 2590/2334/2588
f 2528/2272/2527 2529/2273/2528 2592/2336/2590 2591/2335/2589
f 2529/2273/2528 2530/2274/2529 2593/2337/2591 2592/2336/2590
f 2530/2274/2529 2531/2275/2530 2594/2338/2592 2593/2337/2591
f 2531/2275/2530 2532/2276/2531 2595/2339/2593 2594/2338/2592
f 2532/2276/2531 2533/2277/2532 2596/2340/2594 2595/2339/2593
f 2533/2277/2532 2534/2278/2533 2597/2341/2595 2596/2340/2594
f 2534/2278/2533 2535/2279/2534 2598/2342/2596 2597/2341/2595
f 2535/2279/2534 2536/2280/2535 2599/2343/2597 2598/2342/2596
f 2536/2280/2535 2537/2281/2536 2600/2344/2598 2599/2343/2597
f 2537/2281/2536 2538/2282/2537 2601/2345/2599 2600/2344/2598
f 2538/2282/2537 2539/2283/2538 2602/2346/2600 2601/2345/2599
f 2539/2283/2538 2540/2284/2539 2603/2347/2601 2602/2346/2600
f 2540/2284/2539 2541/2285/2540 2604/2348/2602 2603/2347/2601
f 2541/2285/2540 2542/2286/2541 2605/2349/2603 2604/2348/2602
f 2542/2286/2541 2543/2287/2542 2606/2350/2604 2605/2349/2603
f 2543/2287/2542 2544/2288/2543 2607/2351/2605 2606/2350/2604
f 2544/2288/2543 2545/2289/2544 2608/2352/2606 2607/2351/2605
f 2545/2289/2544 2546/2290/2545 2609/2353/2607 2608/2352/2606
f 2546/2290/2545 2547/2291/2546 2610/2354/2608 2609/2353/2607
f 2547/2291/2546 2548/2292/2547 2611/2355/2609 2610/2354/2608
f 2548/2292/2547 2549/2293/2548 2612/2356/2610 2611/2355/2609
f 2549/2293/2548 2550/2294/2549 2613/2357/2611 2612/2356/2610
f 2550/2294/2549 2551/2295/2550 2614/2358/2612 2613/2357/2611
f 2551/2295/2550 2552/2296/2551 2615/2359/2613 2614/2358/2612
f 2552/2296/2551 2553/2297/2552 2616/2360/2614 2615/2359/2613
f 2553/2297/2552 2554/2298/2553 2617/2361/2615 2616/2360/2614
f 2554/2298/2553 2555/2299/2554 2618/2362/2616 2617/2361/2615
f 2555/2299/2554 2556/2300/2555 2619/2363/2617 2618/2362/2616
f 2556/2300/2555 2557/2301/1071 2620/2364/2618 2619/2363/2617
f 2557/2301/1071 2558/2302/2556 2621/2365/2619 2620/2364/2618
f 2558/2302/2556 2559/2303/2557 2622/2366/2620 2621/2365/2619
f 2559/2303/2557 2560/2304/2558 2623/2367/2621 2622/2366/2620
f 2560/2304/2558 2561/2305/2559 2624/2368/2622 2623/2367/2621
f 2561/2305/2559 2562/2306/2560 2625/2369/2623 2624/2368/2622
f 2562/2306/2560 2563/2307/2561 2626/2370/2624 2625/2369/2623
f 2563/2307/2561 2564/2308/2562 2627/2371/2625 2626/2370/2624
f 2564/2308/2562 2565/2309/2563 2628/2372/2626 2627/2371/2625
f 2565/2309/2563 2566/2310/2564 2629/2373/2627 2628/2372/2626
f 2566/2310/2564 2567/2311/2565 2630/2374/2628 2629/2373/2627
f 2567/2311/2565 2568/2312/2566 2631/2375/2629 2630/2374/2628
f 2568/2312/2566 2569/2313/2567 2632/2376/2630 2631/2375/2629
f 2569/2313/2567 2570/2314/2568 2633/2377/2631 2632/2376/2630
f 2570/2314/2568 2571/2315/2569 2634/2378/2632 2633/2377/2631
f 2571/2315/2569 2572/2316/2570 2635/2379/2633 2634/2378/2632
f 2572/2316/2570 2573/2317/2571 2636/2380/2634 2635/2379/2633
f 2573/2317/2571 2574/2318/2572 2637/2381/2635 2636/2380/2634
f 2574/2318/2572 2575/2319/2573 2638/2382/2636 2637/2381/2635
f 2575/2319/2573 2576/2320/2574 2639/2383/2637 2638/2382/2636
f 2576/2320/2574 2577/2321/2575 2640/2384/2638 2639/2383/2637
f 2577/2321/2575 2578/2322/2576 2641/2385/2639 2640/2384/2638
f 2578/2322/2576 2579/2323/2577 2642/2386/2640 2641/2385/2639
f 2579/2323/2577 2580/2324/2578 2643/2387/2641 2642/2386/2640
f 2580/2324/2578 2581/2325/2579 2644/2388/2642 2643/2387/2641
f 2581/2325/2579 2582/2326/2580 2645/2389/2643 2644/2388/2642
f 2582/2326/2580 2583/2327/2581 2646/2390/2644 2645/2389/2643
f 2583/2327/2581 2584/2328/2582 2647/2391/2645 2646/2390/2644
f 2584/2328/2582 2585/2329/2583 2648/2392/2646 2647/2391/2645
f 2585/2329/2583 2586/2330/2584 2649/2393/2647 2648/2392/2646
f 2586/2330/2584 2587/2331/2585 2650/2394/2648 2649/2393/2647
f 2588/2333/2586 2589/2332/2587 2652/2395/2650 2651/2396/2649
f 2589/2332/2587 2590/2334/2588 2653/2397/2651 2652/2395/2650
f 2590/2334/2588 2591/2335/2589 2654/2398/2652 2653/2397/2651
f 2591/2335/2589 2592/2336/2590 2655/2399/2653 2654/2398/2652
f 2592/2336/2590 2593/2337/2591 2656/2400/2654 2655/2399/2653
f 2593/2337/2591 2594/2338/2592 2657/2401/2655 2656/2400/2654
f 2594/2338/2592 2595/2339/2593 2658/2402/2656 2657/2401/2655
f 2595/2339/2593 2596/2340/2594 2659/2403/2657 2658/2402/2656
f 2596/2340/2594 2597/2341/2595 2660/2404/2658 2659/2403/2657
f 2597/2341/2595 2598/2342/2596 2661/2405/2659 2660/2404/2658
f 2598/2342/2596 2599/2343/2597 2662/2406/2660 2661/2405/2659
f 2599/2343/2597 2600/2344/2598 2663/2407/2661 2662/2406/2660
f 2600/2344/2598 2601/2345/2599 2664/2408/2662 2663/2407/2661
f 2601/2345/2599 2602/2346/2600 2665/2409/2663 2664/2408/2662
f 2602/2346/2600 2603/2347/2601 2666/2410/2664 2665/2409/2663
f 2603/2347/2601 2604/2348/2602 2667/2411/2665 2666/2410/2664
f 2604/2348/2602 2605/2349/2603 2668/2412/2666 2667/2411/2665
f 2605/2349/2603 2606/2350/2604 2669/2413/2667 2668/2412/2666
f 2606/2350/2604 2607/2351/2605 2670/2414/2668 2669/2413/2667
f 2607/2351/2605 2608/2352/2606 2671/2415/2669 2670/2414/2668
f 2608/2352/2606 2609/2353/2607 2672/2416/2670 2671/2415/2669
f 2609/2353/2607 2610/2354/2608 2673/2417/2671 2672/2416/2670
f 2610/2354/2608 2611/2355/2609 2674/2418/2672 2673/2417/2671
f 2611/2355/2609 2612/2356/2610 2675/2419/2673 2674/2418/2672
f 2612/2356/2610 2613/2357/2611 2676/2420/2674 2675/2419/2673
f 2613/2357/2611 2614/2358/2612 2677/2421/2675 2676/2420/2674
f 2614/2358/2612 2615/2359/2613 2678/2422/2676 2677/2421/2675
f 2615/2359/2613 2616/2360/2614 2679/2423/2677 2678/2422/2676
f 2616/2360/2614 2617/2361/2615 2680/2424/2678 2679/2423/2677
f 2617/2361/2615 2618/2362/2616 2681/2425/2679 2680/2424/2678
f 2618/2362/2616 2619/2363/2617 2682/2426/2680 2681/2425/2679
f 2619/2363/2617 2620/2364/2618 2683/2427/2681 2682/2426/2680
f 2620/2364/2618 2621/2365/2619 2684/2428/2682 2683/2427/2681
f 2621/2365/2619 2622/2366/2620 2685/2429/2683 2684/2428/2682
f 2622/2366/2620 2623/2367/2621 2686/2430/2684 2685/2429/2683
f 2623/2367/2621 2624/2368/2622 2687/2431/2685 2686/2430/2684
f 2624/2368/2622 2625/2369/2623 2688/2432/2686 2687/2431/2685
f 2625/2369/2623 2626/2370/2624 2689/2433/2687 2688/2432/2686
f 2626/2370/2624 2627/2371/2625 2690/2434/2688 2689/2433/2687
f 2627/2371/2625 2628/2372/2626 2691/2435/2689 2690/2434/2688
f 2628/2372/2626 2629/2373/2627 2692/2436/2690 2691/2435/2689
f 2629/2373/2627 2630/2374/2628 2693/2437/2691 2692/2436/2690
f 2630/2374/2628 2631/2375/2629 2694/2438/2692 2693/2437/2691
f 2631/2375/2629 2632/2376/2630 2695/2439/2693 2694/2438/2692
f 2632/2376/2630 2633/2377/2631 2696/2440/2694 2695/2439/2693
f 2633/2377/2631 2634/2378/2632 2697/2441/2695 2696/2440/2694
f 2634/2378/2632 2635/2379/2633 2698/2442/2696 2697/2441/2695
f 2635/2379/2633 2636/2380/2634 2699/2443/2697 2698/2442/2696
f 2636/2380/2634 2637/2381/2635 2700/2444/2698 2699/2443/2697
f 2637/2381/2635 2638/2382/2636 2701/2445/2699 2700/2444/2698
f 2638/2382/2636 2639/2383/2637 2702/2446/2700 2701/2445/2699
f 2639/2383/2637 2640/2384/2638 2703/2447/2701 2702/2446/2700
f 2640/2384/2638 2641/2385/2639 2704/2448/2702 2703/2447/2701
f 2641/2385/2639 2642/2386/2640 2705/2449/2703 2704/2448/2702
f 2642/2386/2640 2643/2387/2641 2706/2450/2704 2705/2449/2703
f 2643/2387/2641 2644/2388/2642 2707/2451/2705 2706/2450/2704
f 2644/2388/2642 2645/2389/2643 2708/2452/2706 2707/2451/2705
f 2645/2389/2643 2646/2390/2644 2709/2453/2707 2708/2452/2706
f 2646/2390/2644 2647/2391/2645 2710/2454/2708 2709/2453/2707
f 2647/2391/2645 2648/2392/2646 2711/2455/2709 2710/2454/2708
f 2648/2392/2646 2649/2393/2647 2712/2456/2710 2711/2455/2709
f 2649/2393/2647 2650/2394/2648 2713/2457/2711 2712/2456/2710
f 2651/2396/2649 2652/2395/2650 2715/2458/2713 2714/2459/2712
f 2652/2395/2650 2653/2397/2651 2716/2460/2714 2715/2458/2713
f 2653/2397/2651 2654/2398/2652 2717/2461/2715 2716/2460/2714
f 2654/2398/2652 2655/2399/2653 2718/2462/2716 2717/2461/2715
f 2655/2399/2653 2656/2400/2654 2719/2463/2717 2718/2462/2716
f 2656/2400/2654 2657/2401/2655 2720/2464/2718 2719/2463/2717
f 2657/2401/2655 2658/2402/2656 2721/2465/2719 2720/2464/2718
f 2658/2402/2656 2659/2403/2657 2722/2466/2720 2721/2465/2719
f 2659/2403/2657 2660/2404/2658 2723/2467/2721 2722/2466/2720
f 2660/2404/2658 2661/2405/2659 2724/2468/2722 2723/2467/2721
f 2661/2405/2659 2662/2406/2660 2725/2469/2723 2724/2468/2722
f 2662/2406/2660 2663/2407/2661 2726/2470/2724 2725/2469/2723
f 2663/2407/2661 2664/2408/2662 2727/2471/2725 2726/2470/2724
f 2664/2408/2662 2665/2409/2663 2728/2472/2726 2727/2471/2725
f 2665/2409/2663 2666/2410/2664 2729/2473/2727 2728/2472/2726
f 2666/2410/2664 2667/2411/2665 2730/2474/2728 2729/2473/2727
f 2667/2411/2665 2668/2412/2666 2731/2475/2729 2730/2474/2728
f 2668/2412/2666 2669/2413/2667 2732/2476/2730 2731/2475/2729
f 2669/2413/2667 2670/2414/2668 2733/2477/2731 2732/2476/2730
f 2670/2414/2668 2671/2415/2669 2734/2478/2732 2733/2477/2731
f 2671/2415/2669 2672/2416/2670 2735/2479/2733 2734/2478/2732
f 2672/2416/2670 2673/2417/2671 2736/2480/2734 2735/2479/2733
f 2673/2417/2671 2674/2418/2672 2737/2481/2735 2736/2480/2734
f 2674/2418/2672 2675/2419/2673 2738/2482/2736 2737/2481/2735
f 2675/2419/2673 2676/2420/2674 2739/2483/2737 2738/2482/2736
f 2676/2420/2674 2677/2421/2675 2740/2484/2738 2739/2483/2737
f 2677/2421/2675 2678/2422/2676 2741/2485/2739 2740/2484/2738
f 2678/2422/2676 2679/2423/2677 2742/2486/2740 2741/2485/2739
f 2679/2423/2677 2680/2424/2678 2743/2487/2741 2742/2486/2740
f 2680/2424/2678 2681/2425/2679 2744/2488/2742 2743/2487/2741
f 2681/2425/2679 2682/2426/2680 2745/2489/2743 2744/2488/2742
f 2682/2426/2680 2683/2427/2681 2746/2490/2744 2745/2489/2743
f 2683/2427/2681 2684/2428/2682 2747/2491/2745 2746/2490/2744
f 2684/2428/2682 2685/2429/2683 2748/2492/2746 2747/2491/2745
f 2685/2429/2683 2686/2430/2684 2749/2493/2747 2748/2492/2746
f 2686/2430/2684 2687/2431/2685 2750/2494/2748 2749/2493/2747
f 2687/2431/2685 2688/2432/2686 2751/2495/2749 2750/2494/2748
f 2688/2432/2686 2689/2433/2687 2752/2496/2750 2751/2495/2749
f 2689/2433/2687 2690/2434/2688 2753/2497/2751 2752/2496/2750
f 2690/2434/2688 2691/2435/2689 2754/2498/2752 2753/2497/2751
f 2691/2435/2689 2692/2436/2690 2755/2499/2753 2754/2498/2752
f 2692/2436/2690 2693/2437/2691 2756/2500/2754 2755/2499/2753
f 2693/2437/2691 2694/2438/2692 2757/2501/2755 2756/2500/2754
f 2694/2438/2692 2695/2439/2693 2758/2502/2756 2757/2501/2755
f 2695/2439/2693 2696/2440/2694 2759/2503/2757 2758/2502/2756
f 2696/2440/2694 2697/2441/2695 2760/2504/2758 2759/2503/2757
f 2697/2441/2695 2698/2442/2696 2761/2505/2759 2760/2504/2758
f 2698/2442/2696 2699/2443/2697 2762/2506/2760 2761/2505/2759
f 2699/2443/2697 2700/2444/2698 2763/2507/2761 2762/2506/2760
f 2700/2444/2698 2701/2445/2699 2764/2508/2762 2763/2507/2761
f 2701/2445/2699 2702/2446/2700 2765/2509/2763 2764/2508/2762
f 2702/2446/2700 2703/2447/2701 2766/2510/2764 2765/2509/2763
f 2703/2447/2701 2704/2448/2702 2767/2511/2765 2766/2510/2764
f 2704/2448/2702 2705/2449/2703 2768/2512/2766 2767/2511/2765
f 2705/2449/2703 2706/2450/2704 2769/2513/2767 2768/2512/2766
f 2706/2450/2704 2707/2451/2705 2770/2514/2768 2769/2513/2767
f 2707/2451/2705 2708/2452/2706 2771/2515/2769 2770/2514/2768
f 2708/2452/2706 2709/2453/2707 2772/2516/2770 2771/2515/2769
f 2709/2453/2707 2710/2454/2708 2773/2517/2771 2772/2516/2770
f 2710/2454/2708 2711/2455/2709 2774/2518/2772 2773/2517/2771
f 2711/2455/2709 2712/2456/2710 2775/2519/2773 2774/2518/2772
f 2712/2456/2710 2713/2457/2711 2776/2520/2774 2775/2519/2773
f 2714/2459/2712 2715/2458/2713 2778/2521/2776 2777/2522/2775
f 2715/2458/2713 2716/2460/2714 2779/2523/2777 2778/2521/2776
f 2716/2460/2714 2717/2461/2715 2780/2524/2778 2779/2523/2777
f 2717/2461/2715 2718/2462/2716 2781/2525/2779 2780/2524/2778
f 2718/2462/2716 2719/2463/2717 2782/2526/2780 2781/2525/2779
f 2719/2463/2717 2720/2464/2718 2783/2527/2781 2782/2526/2780
f 2720/2464/2718 2721/2465/2719 2784/2528/2782 2783/2527/2781
f 2721/2465/2719 2722/2466/2720 2785/2529/2783 2784/2528/2782
f 2722/2466/2720 2723/2467/2721 2786/2530/2784 2785/2529/2783
f 2723/2467/2721 2724/2468/2722 2787/2531/2785 2786/2530/2784
f 2724/2468/2722 2725/2469/2723 2788/2532/2786 2787/2531/2785
f 2725/2469/2723 2726/2470/2724 2789/2533/2787 2788/2532/2786
f 2726/2470/2724 2727/2471/2725 2790/2534/2788 2789/2533/2787
f 2727/2471/2725 2728/2472/2726 2791/2535/2789 2790/2534/2788
f 2728/2472/2726 2729/2473/2727 2792/2536/2790 2791/2535/2789
f 2729/2473/2727 2730/2474/2728 2793/2537/2791 2792/2536/2790
f 2730/2474/2728 2731/2475/2729 2794/2538/2792 2793/2537/2791
f 2731/2475/2729 2732/2476/2730 2795/2539/2793 2794/2538/2792
f 2732/2476/2730 2733/2477/2731 2796/2540/2794 2795/2539/2793
f 2733/2477/2731 2734/2478/2732 2797/2541/2795 2796/2540/2794
f 2734/2478/2732 2735/2479/2733 2798/2542/2796 2797/2541/2795
f 2735/2479/2733 2736/2480/2734 2799/2543/2797 2798/2542/2796
f 2736/2480/2734 2737/2481/2735 2800/2544/2798 2799/2543/2797
f 2737/2481/2735 2738/2482/2736 2801/2545/2799 2800/2544/2798
f 2738/2482/2736 2739/2483/2737 2802/2546/2800 2801/2545/2799
f 2739/2483/2737 2740/2484/2738 2803/2547/2801 2802/2546/2800
f 2740/2484/2738 2741/2485/2739 2804/2548/2802 2803/2547/2801
f 2741/2485/2739 2742/2486/2740 2805/2549/2803 2804/2548/2802
f 2742/2486/2740 2743/2487/2741 2806/2550/2804 2805/2549/2803
f 2743/2487/2741 2744/2488/2742 2807/2551/2805 2806/2550/2804
f 2744/2488/2742 2745/2489/2743 2808/2552/2806 2807/2551/2805
f 2745/2489/2743 2746/2490/2744 2809/2553/2807 2808/2552/2806
f 2746/2490/2744 2747/2491/2745 2810/2554/2808 2809/2553/2807
f 2747/2491/2745 2748/2492/2746 2811/2555/2809 2810/2554/2808
f 2748/2492/2746 2749/2493/2747 2812/2556/2810 2811/2555/2809
f 2749/2493/2747 2750/2494/2748 2813/2557/2811 2812/2556/2810
f 2750/2494/2748 2751/2495/2749 2814/2558/2812 2813/2557/2811
f 2751/2495/2749 2752/2496/2750 2815/2559/2813 2814/2558/2812
f 2752/2496/2750 2753/2497/2751 2816/2560/2814 2815/2559/2813
f 2753/2497/2751 2754/2498/2752 2817/2561/2815 2816/2560/2814
f 2754/2498/2752 2755/2499/2753 2818/2562/2816 2817/2561/2815
f 2755/2499/2753 2756/2500/2754 2819/2563/2817 2818/2562/2816
f 2756/2500/2754 2757/2501/2755 2820/2564/2818 2819/2563/2817
f 2757/2501/2755 2758/2502/2756 2821/2565/2819 2820/2564/2818
f 2758/2502/2756 2759/2503/2757 2822/2566/2820 2821/2565/2819
f 2759/2503/2757 2760/2504/2758 2823/2567/2821 2822/2566/2820
f 2760/2504/2758 2761/2505/2759 2824/2568/2822 2823/2567/2821
f 2761/2505/2759 2762/2506/2760 2825/2569/2823 2824/2568/2822
f 2762/2506/2760 2763/2507/2761 2826/2570/2824 2825/2569/2823
f 2763/2507/2761 2764/2508/2762 2827/2571/2825 2826/2570/2824
f 2764/2508/2762 2765/2509/2763 2828/2572/2826 2827/2571/2825
f 2765/2509/2763 2766/2510/2764 2829/2573/2827 2828/2572/2826
f 2766/2510/2764 2767/2511/2765 2830/2574/2828 2829/2573/2827
f 2767/2511/2765 2768/2512/2766 2831/2575/2829 2830/2574/2828
f 2768/2512/2766 2769/2513/2767 2832/2576/2830 2831/2575/2829
f 2769/2513/2767 2770/2514/2768 2833/2577/2831 2832/2576/2830
f 2770/2514/2768 2771/2515/2769 2834/2578/2832 2833/2577/2831
f 2771/2515/2769 2772/2516/2770 2835/2579/2833 2834/2578/2832
f 2772/2516/2770 2773/2517/2771 2836/2580/2834 2835/2579/2833
f 2773/2517/2771 2774/2518/2772 2837/2581/2835 2836/2580/2834
f 2774/2518/2772 2775/2519/2773 2838/2582/2836 2837/2581/2835
f 2775/2519/2773 2776/2520/2774 2839/2583/2837 2838/2582/2836
f 2777/2522/2775 2778/2521/2776 2841/2584/2839 2840/2585/2838
f 2778/2521/2776 2779/2523/2777 2842/2586/2840 2841/2584/2839
f 2779/2523/2777 2780/2524/2778 2843/2587/2841 2842/2586/2840
f 2780/2524/2778 2781/2525/2779 2844/2588/2842 2843/2587/2841
f 2781/2525/2779 2782/2526/2780 2845/2589/2843 2844/2588/2842
f 2782/2526/2780 2783/2527/2781 2846/2590/2844 2845/2589/2843
f 2783/2527/2781 2784/2528/2782 2847/2591/2845 2846/2590/2844
f 2784/2528/2782 2785/2529/2783 2848/2592/2846 2847/2591/2845
f 2785/2529/2783 2786/2530/2784 2849/2593/2847 2848/2592/2846
f 2786/2530/2784 2787/2531/2785 2850/2594/2848 2849/2593/2847
f 2787/2531/2785 2788/2532/2786 2851/2595/2849 2850/2594/2848
f 2788/2532/2786 2789/2533/2787 2852/2596/2850 2851/2595/2849
f 2789/2533/2787 2790/2534/2788 2853/2597/2851 2852/2596/2850
f 2790/2534/2788 2791/2535/2789 2854/2598/2852 2853/2597/2851
f 2791/2535/2789 2792/2536/2790 2855/2599/2853 2854/2598/2852
f 2792/2536/2790 2793/2537/2791 2856/2600/2854 2855/2599/2853
f 2793/2537/2791 2794/2538/2792 2857/2601/2855 2856/2600/2854
f 2794/2538/2792 2795/2539/2793 2858/2602/2856 2857/2601/2855
f 2795/2539/2793 2796/2540/2794 2859/2603/2857 2858/2602/2856
f 2796/2540/2794 2797/2541/2795 2860/2604/2858 2859/2603/2857
f 2797/2541/2795 2798/2542/2796 2861/2605/2859 2860/2604/2858
f 2798/2542/2796 2799/2543/2797 2862/2606/2860 2861/2605/2859
f 2799/2543/2797 2800/2544/2798 2863/2607/2861 2862/2606/2860
f 2800/2544/2798 2801/2545/2799 2864/2608/2862 2863/2607/2861
f 2801/2545/2799 2802/2546/2800 2865/2609/2863 2864/2608/2862
f 2802/2546/2800 2803/2547/2801 2866/2610/2864 2865/2609/2863
f 2803/2547/2801 2804/2548/2802 2867/2611/2865 2866/2610/2864
f 2804/2548/2802 2805/2549/2803 2868/2612/2866 2867/2611/2865
f 2805/2549/2803 2806/2550/2804 2869/2613/2867 2868/2612/2866
f 2806/2550/2804 2807/2551/2805 2870/2614/2868 2869/2613/2867
f 2807/2551/2805 2808/2552/2806 2871/2615/2869 2870/2614/2868
f 2808/2552/2806 2809/2553/2807 2872/2616/2870 2871/2615/2869
f 2809/2553/2807 2810/2554/2808 2873/2617/2871 2872/2616/2870
f 2810/2554/2808 2811/2555/2809 2874/2618/2872 2873/2617/2871
f 2811/2555/2809 2812/2556/2810 2875/2619/2873 2874/2618/2872
f 2812/2556/2810 2813/2557/2811 2876/2620/2874 2875/2619/2873
f 2813/2557/2811 2814/2558/2812 2877/2621/2875 2876/2620/2874
f 2814/2558/2812 2815/2559/2813 2878/2622/2876 2877/2621/2875
f 2815/2559/2813 2816/2560/2814 2879/2623/2877 2878/2622/2876
f 2816/2560/2814 2817/2561/2815 2880/2624/2878 2879/2623/2877
f 2817/2561/2815 2818/2562/2816 2881/2625/2879 2880/2624/2878
f 2818/2562/2816 2819/2563/2817 2882/2626/2880 2881/2625/2879
f 2819/2563/2817 2820/2564/2818 2883/2627/2881 2882/2626/2880
f 2820/2564/2818 2821/2565/2819 2884/2628/2882 2883/2627/2881
f 2821/2565/2819 2822/2566/2820 2885/2629/2883 2884/2628/2882
f 2822/2566/2820 2823/2567/2821 2886/2630/2884 2885/2629/2883
f 2823/2567/2821 2824/2568/2822 2887/2631/2885 2886/2630/2884
f 2824/2568/2822 2825/2569/2823 2888/2632/2886 2887/2631/2885
f 2825/2569/2823 2826/2570/2824 2889/2633/2887 2888/2632/2886
f 2826/2570/2824 2827/2571/2825 2890/2634/2888 2889/2633/2887
f 2827/2571/2825 2828/2572/2826 2891/2635/2889 2890/2634/2888
f 2828/2572/2826 2829/2573/2827 2892/2636/2890 2891/2635/2889
f 2829/2573/2827 2830/2574/2828 2893/2637/2891 2892/2636/2890
f 2830/2574/2828 2831/2575/2829 2894/2638/2892 2893/2637/2891
f 2831/2575/2829 2832/2576/2830 2895/2639/2893 2894/2638/2892
f 2832/2576/2830 2833/2577/2831 2896/2640/2894 2895/2639/2893
f 2833/2577/2831 2834/2578/2832 2897/2641/2895 2896/2640/2894
f 2834/2578/2832 2835/2579/2833 2898/2642/2896 2897/2641/2895
f 2835/2579/2833 2836/2580/2834 2899/2643/2897 2898/2642/2896
f 2836/2580/2834 2837/2581/2835 2900/2644/2898 2899/2643/2897
f 2837/2581/2835 2838/2582/2836 2901/2645/2899 2900/2644/2898
f 2838/2582/2836 2839/2583/2837 2902/2646/2900 2901/2645/2899
f 2840/2585/2838 2841/2584/2839 2904/2647/2902 2903/2648/2901
f 2841/2584/2839 2842/2586/2840 2905/2649/2903 2904/2647/2902
f 2842/2586/2840 2843/2587/2841 2906/2650/2904 2905/2649/2903
f 2843/2587/2841 2844/2588/2842 2907/2651/2905 2906/2650/2904
f 2844/2588/2842 2845/2589/2843 2908/2652/2906 2907/2651/2905
f 2845/2589/2843 2846/2590/2844 2909/2653/2907 2908/2652/2906
f 2846/2590/2844 2847/2591/2845 2910/2654/2908 2909/2653/2907
f 2847/2591/2845 2848/2592/2846 2911/2655/2909 2910/2654/2908
f 2848/2592/2846 2849/2593/2847 2912/2656/2910 2911/2655/2909
f 2849/2593/2847 2850/2594/2848 2913/2657/2911 2912/2656/2910
f 2850/2594/2848 2851/2595/2849 2914/2658/2912 2913/2657/2911
f 2851/2595/2849 2852/2596/2850 2915/2659/2913 2914/2658/2912
f 2852/2596/2850 2853/2597/2851 2916/2660/2914 2915/2659/2913
f 2853/2597/2851 2854/2598/2852 2917/2661/2915 2916/2660/2914
f 2854/2598/2852 2855/2599/2853 2918/2662/2916 2917/2661/2915
f 2855/2599/2853 2856/2600/2854 2919/2663/2917 2918/2662/2916
f 2856/2600/2854 2857/2601/2855 2920/2664/2918 2919/2663/2917
f 2857/2601/2855 2858/2602/2856 2921/2665/2919 2920/2664/2918
f 2858/2602/2856 2859/2603/2857 2922/2666/2920 2921/2665/2919
f 2859/2603/2857 2860/2604/2858 2923/2667/2921 2922/2666/2920
f 2860/2604/2858 2861/2605/2859 2924/2668/2922 2923/2667/2921
f 2861/2605/2859 2862/2606/2860 2925/2669/2923 2924/2668/2922
f 2862/2606/2860 2863/2607/2861 2926/2670/2924 2925/2669/2923
f 2863/2607/2861 2864/2608/2862 2927/2671/2925 2926/2670/2924
f 2864/2608/2862 2865/2609/2863 2928/2672/2926 2927/2671/2925
f 2865/2609/2863 2866/2610/2864 2929/2673/2927 2928/2672/2926
f 2866/2610/2864 2867/2611/2865 2930/2674/2928 2929/2673/2927
f 2867/2611/2865 2868/2612/2866 2931/2675/2929 2930/2674/2928
f 2868/2612/2866 2869/2613/2867 2932/2676/2930 2931/2675/2929
f 2869/2613/2867 2870/2614/2868 2933/2677/2931 2932/2676/2930
f 2870/2614/2868 2871/2615/2869 2934/2678/2932 2933/2677/2931
f 2871/2615/2869 2872/2616/2870 2935/2679/2933 2934/2678/2932
f 2872/2616/2870 2873/2617/2871 2936/2680/2934 2935/2679/2933
f 2873/2617/2871 2874/2618/2872 2937/2681/2935 2936/2680/2934
f 2874/2618/2872 2875/2619/2873 2938/2682/2936 2937/2681/2935
f 2875/2619/2873 2876/2620/2874 2939/2683/2937 2938/2682/2936
f 2876/2620/2874 2877/2621/2875 2940/2684/2938 2939/2683/2937
f 2877/2621/2875 2878/2622/2876 2941/2685/2939 2940/2684/2938
f 2878/2622/2876 2879/2623/2877 2942/2686/2940 2941/2685/2939
f 2879/2623/2877 2880/2624/2878 2943/2687/2941 2942/2686/2940
f 2880/2624/2878 2881/2625/2879 2944/2688/2942 2943/2687/2941
f 2881/2625/2879 2882/2626/2880 2945/2689/2943 2944/2688/2942
f 2882/2626/2880 2883/2627/2881 2946/2690/2944 2945/2689/2943
f 2883/2627/2881 2884/2628/2882 2947/2691/2945 2946/2690/2944
f 2884/2628/2882 2885/2629/2883 2948/2692/2946 2947/2691/2945
f 2885/2629/2883 2886/2630/2884 2949/2693/2947 2948/2692/2946
f 2886/2630/2884 2887/2631/2885 2950/2694/2948 2949/2693/2947
f 2887/2631/2885 2888/2632/2886 2951/2695/2949 2950/2694/2948
f 2888/2632/2886 2889/2633/2887 2952/2696/2950 2951/2695/2949
f 2889/2633/2887 2890/2634/2888 2953/2697/2950 2952/2696/2950
f 2890/2634/2888 2891/2635/2889 2954/2698/2950 2953/2697/2950
f 2891/2635/2889 2892/2636/2890 2955/2699/2951 2954/2698/2950
f 2892/2636/2890 2893/2637/2891 2956/2700/2952 2955/2699/2951
f 2893/2637/2891 2894/2638/2892 2957/2701/2953 2956/2700/2952
f 2894/2638/2892 2895/2639/2893 2958/2702/2954 2957/2701/2953
f 2895/2639/2893 2896/2640/2894 2959/2703/2955 2958/2702/2954
f 2896/2640/2894 2897/2641/2895 2960/2704/2956 2959/2703/2955
f 2897/2641/2895 2898/2642/2896 2961/2705/2957 2960/2704/2956
f 2898/2642/2896 2899/2643/2897 2962/2706/2958 2961/2705/2957
f 2899/2643/2897 2900/2644/2898 2963/2707/2959 2962/2706/2958
f 2900/2644/2898 2901/2645/2899 2964/2708/2960 2963/2707/2959
f 2901/2645/2899 2902/2646/2900 2965/2709/2961 2964/2708/2960
f 2903/2648/2901 2904/2647/2902 2967/2710/2963 2966/2711/2962
f 2904/2647/2902 2905/2649/2903 2968/2712/2964 2967/2710/2963
f 2905/2649/2903 2906/2650/2904 2969/2713/2965 2968/2712/2964
f 2906/2650/2904 2907/2651/2905 2970/2714/2966 2969/2713/2965
f 2907/2651/2905 2908/2652/2906 2971/2715/2967 2970/2714/2966
f 2908/2652/2906 2909/2653/2907 2972/2716/2968 2971/2715/2967
f 2909/2653/2907 2910/2654/2908 2973/2717/2969 2972/2716/2968
f 2910/2654/2908 2911/2655/2909 2974/2718/2970 2973/2717/2969
f 2911/2655/2909 2912/2656/2910 2975/2719/2971 2974/2718/2970
f 2912/2656/2910 2913/2657/2911 2976/2720/2972 2975/2719/2971
f 2913/2657/2911 2914/2658/2912 2977/2721/2973 2976/2720/2972
f 2914/2658/2912 2915/2659/2913 2978/2722/2974 2977/2721/2973
f 2915/2659/2913 2916/2660/2914 2979/2723/2975 2978/2722/2974
f 2916/2660/2914 2917/2661/2915 2980/2724/2976 2979/2723/2975
f 2917/2661/2915 2918/2662/2916 2981/2725/2977 2980/2724/2976
f 2918/2662/2916 2919/2663/2917 2982/2726/2978 2981/2725/2977
f 2919/2663/2917 2920/2664/2918 2983/2727/2979 2982/2726/2978
f 2920/2664/2918 2921/2665/2919 2984/2728/2980 2983/2727/2979
f 2921/2665/2919 2922/2666/2920 2985/2729/2981 2984/2728/2980
f 2922/2666/2920 2923/2667/2921 2986/2730/2982 2985/2729/2981
f 2923/2667/2921 2924/2668/2922 2987/2731/2983 2986/2730/2982
f 2924/2668/2922 2925/2669/2923 2988/2732/2984 2987/2731/2983
f 2925/2669/2923 2926/2670/2924 2989/2733/2985 2988/2732/2984
f 2926/2670/2924 2927/2671/2925 2990/2734/2986 2989/2733/2985
f 2927/2671/2925 2928/2672/2926 2991/2735/2987 2990/2734/2986
f 2928/2672/2926 2929/2673/2927 2992/2736/2988 2991/2735/2987
f 2929/2673/2927 2930/2674/2928 2993/2737/2989 2992/2736/2988
f 2930/2674/2928 2931/2675/2929 2994/2738/2990 2993/2737/2989
f 2931/2675/2929 2932/2676/2930 2995/2739/2991 2994/2738/2990
f 2932/2676/2930 2933/2677/2931 2996/2740/2992 2995/2739/2991
f 2933/2677/2931 2934/2678/2932 2997/2741/2993 2996/2740/2992
f 2934/2678/2932 2935/2679/2933 2998/2742/2994 2997/2741/2993
f 2935/2679/2933 2936/2680/2934 2999/2743/2995 2998/2742/2994
f 2936/2680/2934 2937/2681/2935 3000/2744/2996 2999/2743/2995
f 2937/2681/2935 2938/2682/2936 3001/2745/2997 3000/2744/2996
f 2938/2682/2936 2939/2683/2937 3002/2746/2998 3001/2745/2997
f 2939/2683/2937 2940/2684/2938 3003/2747/2999 3002/2746/2998
f 2940/2684/2938 2941/2685/2939 3004/2748/3000 3003/2747/2999
f 2941/2685/2939 2942/2686/2940 3005/2749/3001 3004/2748/3000
f 2942/2686/2940 2943/2687/2941 3006/2750/3002 3005/2749/3001
f 2943/2687/2941 2944/2688/2942 3007/2751/3003 3006/2750/3002
f 2944/2688/2942 2945/2689/2943 3008/2752/3004 3007/2751/3003
f 2945/2689/2943 2946/2690/2944 3009/2753/3005 3008/2752/3004
f 2946/2690/2944 2947/2691/2945 3010/2754/3006 3009/2753/3005
f 2947/2691/2945 2948/2692/2946 3011/2755/3007 3010/2754/3006
f 2948/2692/2946 2949/2693/2947 3012/2756/3008 3011/2755/3007
f 2949/2693/2947 2950/2694/2948 3013/2757/3009 3012/2756/3008
f 2950/2694/2948 2951/2695/2949 3014/2758/3010 3013/2757/3009
f 2951/2695/2949 2952/2696/2950 3015/2759/3011 3014/2758/3010
f 2952/2696/2950 2953/2697/2950 3016/2760/3012 3015/2759/3011
f 2953/2697/2950 2954/2698/2950 3017/2761/3013 3016/2760/3012
f 2954/2698/2950 2955/2699/2951 3018/2762/3014 3017/2761/3013
f 2955/2699/2951 2956/2700/2952 3019/2763/3015 3018/2762/3014
f 2956/2700/2952 2957/2701/2953 3020/2764/3016 3019/2763/3015
f 2957/2701/2953 2958/2702/2954 3021/2765/3017 3020/2764/3016
f 2958/2702/2954 2959/2703/2955 3022/2766/3018 3021/2765/3017
f 2959/2703/2955 2960/2704/2956 3023/2767/3019 3022/2766/3018
f 2960/2704/2956 2961/2705/2957 3024/2768/3020 3023/2767/3019
f 2961/2705/2957 2962/2706/2958 3025/2769/3021 3024/2768/3020
f 2962/2706/2958 2963/2707/2959 3026/2770/3022 3025/2769/3021
f 2963/2707/2959 2964/2708/2960 3027/2771/3023 3026/2770/3022
f 2964/2708/2960 2965/2709/2961 3028/2772/3024 3027/2771/3023
f 2966/2711/2962 2967/2710/2963 3030/2773/3026 3029/2774/3025
f 2967/2710/2963 2968/2712/2964 3031/2775/3027 3030/2773/3026
f 2968/2712/2964 2969/2713/2965 3032/2776/3028 3031/2775/3027
f 2969/2713/2965 2970/2714/2966 3033/2777/3029 3032/2776/3028
f 2970/2714/2966 2971/2715/2967 3034/2778/3030 3033/2777/3029
f 2971/2715/2967 2972/2716/2968 3035/2779/3031 3034/2778/3030
f 2972/2716/2968 2973/2717/2969 3036/2780/3032 3035/2779/3031
f 2973/2717/2969 2974/2718/2970 3037/2781/3033 3036/2780/3032
f 2974/2718/2970 2975/2719/2971 3038/2782/3034 3037/2781/3033
f 2975/2719/2971 2976/2720/2972 3039/2783/3035 3038/2782/3034
f 2976/2720/2972 2977/2721/2973 3040/2784/3036 3039/2783/3035
f 2977/2721/2973 2978/2722/2974 3041/2785/3037 3040/2784/3036
f 2978/2722/2974 2979/2723/2975 3042/2786/3038 3041/2785/3037
f 2979/2723/2975 2980/2724/2976 3043/2787/3039 3042/2786/3038
f 2980/2724/2976 2981/2725/2977 3044/2788/3040 3043/2787/3039
f 2981/2725/2977 2982/2726/2978 3045/2789/3041 3044/2788/3040
f 2982/2726/2978 2983/2727/2979 3046/2790/3042 3045/2789/3041
f 2983/2727/2979 2984/2728/2980 3047/2791/3043 3046/2790/3042
f 2984/2728/2980 2985/2729/2981 3048/2792/3044 3047/2791/3043
f 2985/2729/2981 2986/2730/2982 3049/2793/3045 3048/2792/3044
f 2986/2730/2982 2987/2731/2983 3050/2794/3046 3049/2793/3045
f 2987/2731/2983 2988/2732/2984 3051/2795/3047 3050/2794/3046
f 2988/2732/2984 2989/2733/2985 3052/2796/3048 3051/2795/3047
f 2989/2733/2985 2990/2734/2986 3053/2797/3049 3052/2796/3048
f 2990/2734/2986 2991/2735/2987 3054/2798/3050 3053/2797/3049
f 2991/2735/2987 2992/2736/2988 3055/2799/3051 3054/2798/3050
f 2992/2736/2988 2993/2737/2989 3056/2800/3052 3055/2799/3051
f 2993/2737/2989 2994/2738/2990 3057/2801/3053 3056/2800/3052
f 2994/2738/2990 2995/2739/2991 3058/2802/3054 3057/2801/3053
f 2995/2739/2991 2996/2740/2992 3059/2803/3055 3058/2802/3054
f 2996/2740/2992 2997/2741/2993 3060/2804/3056 3059/2803/3055
f 2997/2741/2993 2998/2742/2994 3061/2805/3057 3060/2804/3056
f 2998/2742/2994 2999/2743/2995 3062/2806/3058 3061/2805/3057
f 2999/2743/2995 3000/2744/2996 3063/2807/3059 3062/2806/3058
f 3000/2744/2996 3001/2745/2997 3064/2808/3060 3063/2807/3059
f 3001/2745/2997 3002/2746/2998 3065/2809/3061 3064/2808/3060
f 3002/2746/2998 3003/2747/2999 3066/2810/3062 3065/2809/3061
f 3003/2747/2999 3004/2748/3000 3067/2811/3063 3066/2810/3062
f 3004/2748/3000 3005/2749/3001 3068/2812/3064 3067/2811/3063
f 3005/2749/3001 3006/2750/3002 3069/2813/3065 3068/2812/3064
f 3006/2750/3002 3007/2751/3003 3070/2814/3066 3069/2813/3065
f 3007/2751/3003 3008/2752/3004 3071/2815/3067 3070/2814/3066
f 3008/2752/3004 3009/2753/3005 3072/2816/3068 3071/2815/3067
f 3009/2753/3005 3010/2754/3006 3073/2817/3069 3072/2816/3068
f 3010/2754/3006 3011/2755/3007 3074/2818/3070 3073/2817/3069
f 3011/2755/3007 3012/2756/3008 3075/2819/3071 3074/2818/3070
f 3012/2756/3008 3013/2757/3009 3076/2820/3072 3075/2819/3071
f 3013/2757/3009 3014/2758/3010 3077/2821/3073 3076/2820/3072
f 3014/2758/3010 3015/2759/3011 3078/2822/3074 3077/2821/3073
f 3015/2759/3011 3016/2760/3012 3079/2823/3075 3078/2822/3074
f 3016/2760/3012 3017/2761/3013 3080/2824/3076 3079/2823/3075
f 3017/2761/3013 3018/2762/3014 3081/2825/3077 3080/2824/3076
f 3018/2762/3014 3019/2763/3015 3082/2826/3078 3081/2825/3077
f 3019/2763/3015 3020/2764/3016 3083/2827/3079 3082/2826/3078
f 3020/2764/3016 3021/2765/3017 3084/2828/3080 3083/2827/3079
f 3021/2765/3017 3022/2766/3018 3085/2829/3081 3084/2828/3080
f 3022/2766/3018 3023/2767/3019 3086/2830/3082 3085/2829/3081
f 3023/2767/3019 3024/2768/3020 3087/2831/3083 3086/2830/3082
f 3024/2768/3020 3025/2769/3021 3088/2832/3084 3087/2831/3083
f 3025/2769/3021 3026/2770/3022 3089/2833/3085 3088/2832/3084
f 3026/2770/3022 3027/2771/3023 3090/2834/3086 3089/2833/3085
f 3027/2771/3023 3028/2772/3024 3091/2835/3087 3090/2834/3086
f 3029/2774/3025 3030/2773/3026 3093/2836/3089 3092/2837/3088
f 3030/2773/3026 3031/2775/3027 3094/2838/3090 3093/2836/3089
f 3031/2775/3027 3032/2776/3028 3095/2839/3091 3094/2838/3090
f 3032/2776/3028 3033/2777/3029 3096/2840/3092 3095/2839/3091
f 3033/2777/3029 3034/2778/3030 3097/2841/3093 3096/2840/3092
f 3034/2778/3030 3035/2779/3031 3098/2842/3094 3097/2841/3093
f 3035/2779/3031 3036/2780/3032 3099/2843/3095 3098/2842/3094
f 3036/2780/3032 3037/2781/3033 3100/2844/3096 3099/2843/3095
f 3037/2781/3033 3038/2782/3034 3101/2845/3097 3100/2844/3096
f 3038/2782/3034 3039/2783/3035 3102/2846/3098 3101/2845/3097
f 3039/2783/3035 3040/2784/3036 3103/2847/3099 3102/2846/3098
f 3040/2784/3036 3041/2785/3037 3104/2848/3100 3103/2847/3099
f 3041/2785/3037 3042/2786/3038 3105/2849/3101 3104/2848/3100
f 3042/2786/3038 3043/2787/3039 3106/2850/3102 3105/2849/3101
f 3043/2787/3039 3044/2788/3040 3107/2851/3103 3106/2850/3102
f 3044/2788/3040 3045/2789/3041 3108/2852/3104 3107/2851/3103
f 3045/2789/3041 3046/2790/3042 3109/2853/3105 3108/2852/3104
f 3046/2790/3042 3047/2791/3043 3110/2854/3106 3109/2853/3105
f 3047/2791/3043 3048/2792/3044 3111/2855/3107 3110/2854/3106
f 3048/2792/3044 3049/2793/3045 3112/2856/3108 3111/2855/3107
f 3049/2793/3045 3050/2794/3046 3113/2857/3109 3112/2856/3108
f 3050/2794/3046 3051/2795/3047 3114/2858/3110 3113/2857/3109
f 3051/2795/3047 3052/2796/3048 3115/2859/3111 3114/2858/3110
f 3052/2796/3048 3053/2797/3049 3116/2860/3112 3115/2859/3111
f 3053/2797/3049 3054/2798/3050 3117/2861/3113 3116/2860/3112
f 3054/2798/3050 3055/2799/3051 3118/2862/3114 3117/2861/3113
f 3055/2799/3051 3056/2800/3052 3119/2863/3115 3118/2862/3114
f 3056/2800/3052 3057/2801/3053 3120/2864/3116 3119/2863/3115
f 3057/2801/3053 3058/2802/3054 3121/2865/3117 3120/2864/3116
f 3058/2802/3054 3059/2803/3055 3122/2866/3118 3121/2865/3117
f 3059/2803/3055 3060/2804/3056 3123/2867/3119 3122/2866/3118
f 3060/2804/3056 3061/2805/3057 3124/2868/3120 3123/2867/3119
f 3061/2805/3057 3062/2806/3058 3125/2869/3121 3124/2868/3120
f 3062/2806/3058 3063/2807/3059 3126/2870/3122 3125/2869/3121
f 3063/2807/3059 3064/2808/3060 3127/2871/3123 3126/2870/3122
f 3064/2808/3060 3065/2809/3061 3128/2872/3124 3127/2871/3123
f 3065/2809/3061 3066/2810/3062 3129/2873/3125 3128/2872/3124
f 3066/2810/3062 3067/2811/3063 3130/2874/3126 3129/2873/3125
f 3067/2811/3063 3068/2812/3064 3131/2875/3127 3130/2874/3126
f 3068/2812/3064 3069/2813/3065 3132/2876/3128 3131/2875/3127
f 3069/2813/3065 3070/2814/3066 3133/2877/3129 3132/2876/3128
f 3070/2814/3066 3071/2815/3067 3134/2878/3130 3133/2877/3129
f 3071/2815/3067 3072/2816/3068 3135/2879/3131 3134/2878/3130
f 3072/2816/3068 3073/2817/3069 3136/2880/3132 3135/2879/3131
f 3073/2817/3069 3074/2818/3070 3137/2881/3133 3136/2880/3132
f 3074/2818/3070 3075/2819/3071 3138/2882/3134 3137/2881/3133
f 3075/2819/3071 3076/2820/3072 3139/2883/3135 3138/2882/3134
f 3076/2820/3072 3077/2821/3073 3140/2884/3136 3139/2883/3135
f 3077/2821/3073 3078/2822/3074 3141/2885/3137 3140/2884/3136
f 3078/2822/3074 3079/2823/3075 3142/2886/3138 3141/2885/3137
f 3079/2823/3075 3080/2824/3076 3143/2887/3139 3142/2886/3138
f 3080/2824/3076 3081/2825/3077 3144/2888/3140 3143/2887/3139
f 3081/2825/3077 3082/2826/3078 3145/2889/3141 3144/2888/3140
f 3082/2826/3078 3083/2827/3079 3146/2890/3142 3145/2889/3141
f 3083/2827/3079 3084/2828/3080 3147/2891/3143 3146/2890/3142
f 3084/2828/3080 3085/2829/3081 3148/2892/3144 3147/2891/3143
f 3085/2829/3081 3086/2830/3082 3149/2893/3145 3148/2892/3144
f 3086/2830/3082 3087/2831/3083 3150/2894/3146 3149/2893/3145
f 3087/2831/3083 3088/2832/3084 3151/2895/3147 3150/2894/3146
f 3088/2832/3084 3089/2833/3085 3152/2896/3148 3151/2895/3147
f 3089/2833/3085 3090/2834/3086 3153/2897/3149 3152/2896/3148
f 3090/2834/3086 3091/2835/3087 3154/2898/3150 3153/2897/3149
f 3092/2837/3088 3093/2836/3089 3156/2899/3152 3155/2900/3151
f 3093/2836/3089 3094/2838/3090 3157/2901/3153 3156/2899/3152
f 3094/2838/3090 3095/2839/3091 3158/2902/3154 3157/2901/3153
f 3095/2839/3091 3096/2840/3092 3159/2903/3155 3158/2902/3154
f 3096/2840/3092 3097/2841/3093 3160/2904/3156 3159/2903/3155
f 3097/2841/3093 3098/2842/3094 3161/2905/3157 3160/2904/3156
f 3098/2842/3094 3099/2843/3095 3162/2906/3158 3161/2905/3157
f 3099/2843/3095 3100/2844/3096 3163/2907/3159 3162/2906/3158
f 3100/2844/3096 3101/2845/3097 3164/2908/3160 3163/2907/3159
f 3101/2845/3097 3102/2846/3098 3165/2909/3161 3164/2908/3160
f 3102/2846/3098 3103/2847/3099 3166/2910/3162 3165/2909/3161
f 3103/2847/3099 3104/2848/3100 3167/2911/3163 3166/2910/3162
f 3104/2848/3100 3105/2849/3101 3168/2912/3164 3167/2911/3163
f 3105/2849/3101 3106/2850/3102 3169/2913/3165 3168/2912/3164
f 3106/2850/3102 3107/2851/3103 3170/2914/3166 3169/2913/3165
f 3107/2851/3103 3108/2852/3104 3171/2915/3167 3170/2914/3166
f 3108/2852/3104 3109/2853/3105 3172/2916/3168 3171/2915/3167
f 3109/2853/3105 3110/2854/3106 3173/2917/3169 3172/2916/3168
f 3110/2854/3106 3111/2855/3107 3174/2918/3170 3173/2917/3169
f 3111/2855/3107 3112/2856/3108 3175/2919/3171 3174/2918/3170
f 3112/2856/3108 3113/2857/3109 3176/2920/3172 3175/2919/3171
f 3113/2857/3109 3114/2858/3110 3177/2921/3173 3176/2920/3172
f 3114/2858/3110 3115/2859/3111 3178/2922/3174 3177/2921/3173
f 3115/2859/3111 3116/2860/3112 3179/2923/3175 3178/2922/3174
f 3116/2860/3112 3117/2861/3113 3180/2924/3176 3179/2923/3175
f 3117/2861/3113 3118/2862/3114 3181/2925/3177 3180/2924/3176
f 3118/2862/3114 3119/2863/3115 3182/2926/3178 3181/2925/3177
f 3119/2863/3115 3120/2864/3116 3183/2927/3179 3182/2926/3178
f 3120/2864/3116 3121/2865/3117 3184/2928/3180 3183/2927/3179
f 3121/2865/3117 3122/2866/3118 3185/2929/3181 3184/2928/3180
f 3122/2866/3118 3123/2867/3119 3186/2930/3182 3185/2929/3181
f 3123/2867/3119 3124/2868/3120 3187/2931/3183 3186/2930/3182
f 3124/2868/3120 3125/2869/3121 3188/2932/3184 3187/2931/3183
f 3125/2869/3121 3126/2870/3122 3189/2933/3185 3188/2932/3184
f 3126/2870/3122 3127/2871/3123 3190/2934/3186 3189/2933/3185
f 3127/2871/3123 3128/2872/3124 3191/2935/3187 3190/2934/3186
f 3128/2872/3124 3129/2873/3125 3192/2936/3188 3191/2935/3187
f 3129/2873/3125 3130/2874/3126 3193/2937/3189 3192/2936/3188
f 3130/2874/3126 3131/2875/3127 3194/2938/3190 3193/2937/3189
f 3131/2875/3127 3132/2876/3128 3195/2939/3191 3194/2938/3190
f 3132/2876/3128 3133/2877/3129 3196/2940/3192 3195/2939/3191
f 3133/2877/3129 3134/2878/3130 3197/2941/3193 3196/2940/3192
f 3134/2878/3130 3135/2879/3131 3198/2942/3194 3197/2941/3193
f 3135/2879/3131 3136/2880/3132 3199/2943/3195 3198/2942/3194
f 3136/2880/3132 3137/2881/3133 3200/2944/3196 3199/2943/3195
f 3137/2881/3133 3138/2882/3134 3201/2945/3197 3200/2944/3196
f 3138/2882/3134 3139/2883/3135 3202/2946/3198 3201/2945/3197
f 3139/2883/3135 3140/2884/3136 3203/2947/3199 3202/2946/3198
f 3140/2884/3136 3141/2885/3137 3204/2948/3200 3203/2947/3199
f 3141/2885/3137 3142/2886/3138 3205/2949/3201 3204/2948/3200
f 3142/2886/3138 3143/2887/3139 3206/2950/3202 3205/2949/3201
f 3143/2887/3139 3144/2888/3140 3207/2951/3203 3206/2950/3202
f 3144/2888/3140 3145/2889/3141 3208/2952/3204 3207/2951/3203
f 3145/2889/3141 3146/2890/3142 3209/2953/3205 3208/2952/3204
f 3146/2890/3142 3147/2891/3143 3210/2954/3206 3209/2953/3205
f 3147/2891/3143 3148/2892/3144 3211/2955/3207 3210/2954/3206
f 3148/2892/3144 3149/2893/3145 3212/2956/3208 3211/2955/3207
f 3149/2893/3145 3150/2894/3146 3213/2957/3209 3212/2956/3208
f 3150/2894/3146 3151/2895/3147 3214/2958/3210 3213/2957/3209
f 3151/2895/3147 3152/2896/3148 3215/2959/3211 3214/2958/3210
f 3152/2896/3148 3153/2897/3149 3216/2960/3212 3215/2959/3211
f 3153/2897/3149 3154/2898/3150 3217/2961/3213 3216/2960/3212
f 3155/2900/3151 3156/2899/3152 3219/2962/3215 3218/2963/3214
f 3156/2899/3152 3157/2901/3153 3220/2964/3216 3219/2962/3215
f 3157/2901/3153 3158/2902/3154 3221/2965/3217 3220/2964/3216
f 3158/2902/3154 3159/2903/3155 3222/2966/3218 3221/2965/3217
f 3159/2903/3155 3160/2904/3156 3223/2967/3219 3222/2966/3218
f 3160/2904/3156 3161/2905/3157 3224/2968/3220 3223/2967/3219
f 3161/2905/3157 3162/2906/3158 3225/2969/3221 3224/2968/3220
f 3162/2906/3158 3163/2907/3159 3226/2970/3222 3225/2969/3221
f 3163/2907/3159 3164/2908/3160 3227/2971/3223 3226/2970/3222
f 3164/2908/3160 3165/2909/3161 3228/2972/3224 3227/2971/3223
f 3165/2909/3161 3166/2910/3162 3229/2973/3225 3228/2972/3224
f 3166/2910/3162 3167/2911/3163 3230/2974/3226 3229/2973/3225
f 3167/2911/3163 3168/2912/3164 3231/2975/3227 3230/2974/3226
f 3168/2912/3164 3169/2913/3165 3232/2976/3228 3231/2975/3227
f 3169/2913/3165 3170/2914/3166 3233/2977/3229 3232/2976/3228
f 3170/2914/3166 3171/2915/3167 3234/2978/3230 3233/2977/3229
f 3171/2915/3167 3172/2916/3168 3235/2979/3231 3234/2978/3230
f 3172/2916/3168 3173/2917/3169 3236/2980/3232 3235/2979/3231
f 3173/2917/3169 3174/2918/3170 3237/2981/3233 3236/2980/3232
f 3174/2918/3170 3175/2919/3171 3238/2982/3234 3237/2981/3233
f 3175/2919/3171 3176/2920/3172 3239/2983/3235 3238/2982/3234
f 3176/2920/3172 3177/2921/3173 3240/2984/3236 3239/2983/3235
f 3177/2921/3173 3178/2922/3174 3241/2985/3237 3240/2984/3236
f 3178/2922/3174 3179/2923/3175 3242/2986/3238 3241/2985/3237
f 3179/2923/3175 3180/2924/3176 3243/2987/3239 3242/2986/3238
f 3180/2924/3176 3181/2925/3177 3244/2988/3240 3243/2987/3239
f 3181/2925/3177 3182/2926/3178 3245/2989/3241 3244/2988/3240
f 3182/2926/3178 3183/2927/3179 3246/2990/3242 3245/2989/3241
f 3183/2927/3179 3184/2928/3180 3247/2991/3243 3246/2990/3242
f 3184/2928/3180 3185/2929/3181 3248/2992/3244 3247/2991/3243
f 3185/2929/3181 3186/2930/3182 3249/2993/3245 3248/2992/3244
f 3186/2930/3182 3187/2931/3183 3250/2994/3246 3249/2993/3245
f 3187/2931/3183 3188/2932/3184 3251/2995/3247 3250/2994/3246
f 3188/2932/3184 3189/2933/3185 3252/2996/3248 3251/2995/3247
f 3189/2933/3185 3190/2934/3186 3253/2997/3249 3252/2996/3248
f 3190/2934/3186 3191/2935/3187 3254/2998/3250 3253/2997/3249
f 3191/2935/3187 3192/2936/3188 3255/2999/3251 3254/2998/3250
f 3192/2936/3188 3193/2937/3189 3256/3000/3252 3255/2999/3251
f 3193/2937/3189 3194/2938/3190 3257/3001/3253 3256/3000/3252
f 3194/2938/3190 3195/2939/3191 3258/3002/3254 3257/3001/3253
f 3195/2939/3191 3196/2940/3192 3259/3003/3255 3258/3002/3254
f 3196/2940/3192 3197/2941/3193 3260/3004/3256 3259/3003/3255
f 3197/2941/3193 3198/2942/3194 3261/3005/3257 3260/3004/3256
f 3198/2942/3194 3199/2943/3195 3262/3006/3258 3261/3005/3257
f 3199/2943/3195 3200/2944/3196 3263/3007/3259 3262/3006/3258
f 3200/2944/3196 3201/2945/3197 3264/3008/3260 3263/3007/3259
f 3201/2945/3197 3202/2946/3198 3265/3009/3261 3264/3008/3260
f 3202/2946/3198 3203/2947/3199 3266/3010/3262 3265/3009/3261
f 3203/2947/3199 3204/2948/3200 3267/3011/3263 3266/3010/3262
f 3204/2948/3200 3205/2949/3201 3268/3012/3264 3267/3011/3263
f 3205/2949/3201 3206/2950/3202 3269/3013/3265 3268/3012/3264
f 3206/2950/3202 3207/2951/3203 3270/3014/3266 3269/3013/3265
f 3207/2951/3203 3208/2952/3204 3271/3015/3267 3270/3014/3266
f 3208/2952/3204 3209/2953/3205 3272/3016/3268 3271/3015/3267
f 3209/2953/3205 3210/2954/3206 3273/3017/3269 3272/3016/3268
f 3210/2954/3206 3211/2955/3207 3274/3018/3270 3273/3017/3269
f 3211/2955/3207 3212/2956/3208 3275/3019/3271 3274/3018/3270
f 3212/2956/3208 3213/2957/3209 3276/3020/3272 3275/3019/3271
f 3213/2957/3209 3214/2958/3210 3277/3021/3273 3276/3020/3272
f 3214/2958/3210 3215/2959/3211 3278/3022/3274 3277/3021/3273
f 3215/2959/3211 3216/2960/3212 3279/3023/3275 3278/3022/3274
f 3216/2960/3212 3217/2961/3213 3280/3024/3276 3279/3023/3275
f 3218/2963/3214 3219/2962/3215 3282/3025/3278 3281/3026/3277
f 3219/2962/3215 3220/2964/3216 3283/3027/3279 3282/3025/3278
f 3220/2964/3216 3221/2965/3217 3284/3028/3280 3283/3027/3279
f 3221/2965/3217 3222/2966/3218 3285/3029/3281 3284/3028/3280
f 3222/2966/3218 3223/2967/3219 3286/3030/3282 3285/3029/3281
f 3223/2967/3219 3224/2968/3220 3287/3031/3283 3286/3030/3282
f 3224/2968/3220 3225/2969/3221 3288/3032/3284 3287/3031/3283
f 3225/2969/3221 3226/2970/3222 3289/3033/3285 3288/3032/3284
f 3226/2970/3222 3227/2971/3223 3290/3034/3286 3289/3033/3285
f 3227/2971/3223 3228/2972/3224 3291/3035/3287 3290/3034/3286
f 3228/2972/3224 3229/2973/3225 3292/3036/3288 3291/3035/3287
f 3229/2973/3225 3230/2974/3226 3293/3037/3289 3292/3036/3288
f 3230/2974/3226 3231/2975/3227 3294/3038/3290 3293/3037/3289
f 3231/2975/3227 3232/2976/3228 3295/3039/3291 3294/3038/3290
f 3232/2976/3228 3233/2977/3229 3296/3040/3292 3295/3039/3291
f 3233/2977/3229 3234/2978/3230 3297/3041/3293 3296/3040/3292
f 3234/2978/3230 3235/2979/3231 3298/3042/3294 3297/3041/3293
f 3235/2979/3231 3236/2980/3232 3299/3043/3295 3298/3042/3294
f 3236/2980/3232 3237/2981/3233 3300/3044/3296 3299/3043/3295
f 3237/2981/3233 3238/2982/3234 3301/3045/3297 3300/3044/3296
f 3238/2982/3234 3239/2983/3235 3302/3046/3298 3301/3045/3297
f 3239/2983/3235 3240/2984/3236 3303/3047/3299 3302/3046/3298
f 3240/2984/3236 3241/2985/3237 3304/3048/3300 3303/3047/3299
f 3241/2985/3237 3242/2986/3238 3305/3049/3301 3304/3048/3300
f 3242/2986/3238 3243/2987/3239 3306/3050/3302 3305/3049/3301
f 3243/2987/3239 3244/2988/3240 3307/3051/3303 3306/3050/3302
f 3244/2988/3240 3245/2989/3241 3308/3052/3304 3307/3051/3303
f 3245/2989/3241 3246/2990/3242 3309/3053/3305 3308/3052/3304
f 3246/2990/3242 3247/2991/3243 3310/3054/3306 3309/3053/3305
f 3247/2991/3243 3248/2992/3244 3311/3055/3307 3310/3054/3306
f 3248/2992/3244 3249/2993/3245 3312/3056/3308 3311/3055/3307
f 3249/2993/3245 3250/2994/3246 3313/3057/3309 3312/3056/3308
f 3250/2994/3246 3251/2995/3247 3314/3058/3310 3313/3057/3309
f 3251/2995/3247 3252/2996/3248 3315/3059/3311 3314/3058/3310
f 3252/2996/3248 3253/2997/3249 3316/3060/3312 3315/3059/3311
f 3253/2997/3249 3254/2998/3250 3317/3061/3313 3316/3060/3312
f 3254/2998/3250 3255/2999/3251 3318/3062/3314 3317/3061/3313
f 3255/2999/3251 3256/3000/3252 3319/3063/3315 3318/3062/3314
f 3256/3000/3252 3257/3001/3253 3320/3064/3316 3319/3063/3315
f 3257/3001/3253 3258/3002/3254 3321/3065/3317 3320/3064/3316
f 3258/3002/3254 3259/3003/3255 3322/3066/3318 3321/3065/3317
f 3259/3003/3255 3260/3004/3256 3323/3067/3319 3322/3066/3318
f 3260/3004/3256 3261/3005/3257 3324/3068/3320 3323/3067/3319
f 3261/3005/3257 3262/3006/3258 3325/3069/3321 3324/3068/3320
f 3262/3006/3258 3263/3007/3259 3326/3070/3322 3325/3069/3321
f 3263/3007/3259 3264/3008/3260 3327/3071/3323 3326/3070/3322
f 3264/3008/3260 3265/3009/3261 3328/3072/3324 3327/3071/3323
f 3265/3009/3261 3266/3010/3262 3329/3073/3325 3328/3072/3324
f 3266/3010/3262 3267/3011/3263 3330/3074/3326 3329/3073/3325
f 3267/3011/3263 3268/3012/3264 3331/3075/3327 3330/3074/3326
f 3268/3012/3264 3269/3013/3265 3332/3076/3328 3331/3075/3327
f 3269/3013/3265 3270/3014/3266 3333/3077/3329 3332/3076/3328
f 3270/3014/3266 3271/3015/3267 3334/3078/3330 3333/3077/3329
f 3271/3015/3267 3272/3016/3268 3335/3079/3331 3334/3078/3330
f 3272/3016/3268 3273/3017/3269 3336/3080/3332 3335/3079/3331
f 3273/3017/3269 3274/3018/3270 3337/3081/3333 3336/3080/3332
f 3274/3018/3270 3275/3019/3271 3338/3082/3334 3337/3081/3333
f 3275/3019/3271 3276/3020/3272 3339/3083/3335 3338/3082/3334
f 3276/3020/3272 3277/3021/3273 3340/3084/3336 3339/3083/3335
f 3277/3021/3273 3278/3022/3274 3341/3085/3337 3340/3084/3336
f 3278/3022/3274 3279/3023/3275 3342/3086/3338 3341/3085/3337
f 3279/3023/3275 3280/3024/3276 3343/3087/3339 3342/3086/3338
f 3281/3026/3277 3282/3025/3278 3345/3088/3341 3344/3089/3340
f 3282/3025/3278 3283/3027/3279 3346/3090/3342 3345/3088/3341
f 3283/3027/3279 3284/3028/3280 3347/3091/3343 3346/3090/3342
f 3284/3028/3280 3285/3029/3281 3348/3092/3344 3347/3091/3343
f 3285/3029/3281 3286/3030/3282 3349/3093/3345 3348/3092/3344
f 3286/3030/3282 3287/3031/3283 3350/3094/3346 3349/3093/3345
f 3287/3031/3283 3288/3032/3284 3351/3095/3347 3350/3094/3346
f 3288/3032/3284 3289/3033/3285 3352/3096/3348 3351/3095/3347
f 3289/3033/3285 3290/3034/3286 3353/3097/3349 3352/3096/3348
f 3290/3034/3286 3291/3035/3287 3354/3098/3350 3353/3097/3349
f 3291/3035/3287 3292/3036/3288 3355/3099/3351 3354/3098/3350
f 3292/3036/3288 3293/3037/3289 3356/3100/3352 3355/3099/3351
f 3293/3037/3289 3294/3038/3290 3357/3101/3353 3356/3100/3352
f 3294/3038/3290 3295/3039/3291 3358/3102/3354 3357/3101/3353
f 3295/3039/3291 3296/3040/3292 3359/3103/3355 3358/3102/3354
f 3296/3040/3292 3297/3041/3293 3360/3104/3356 3359/3103/3355
f 3297/3041/3293 3298/3042/3294 3361/3105/3357 3360/3104/3356
f 3298/3042/3294 3299/3043/3295 3362/3106/3358 3361/3105/3357
f 3299/3043/3295 3300/3044/3296 3363/3107/3359 3362/3106/3358
f 3300/3044/3296 3301/3045/3297 3364/3108/3360 3363/3107/3359
f 3301/3045/3297 3302/3046/3298 3365/3109/3361 3364/3108/3360
f 3302/3046/3298 3303/3047/3299 3366/3110/3362 3365/3109/3361
f 3303/3047/3299 3304/3048/3300 3367/3111/3363 3366/3110/3362
f 3304/3048/3300 3305/3049/3301 3368/3112/3364 3367/3111/3363
f 3305/3049/3301 3306/3050/3302 3369/3113/3365 3368/3112/3364
f 3306/3050/3302 3307/3051/3303 3370/3114/3366 3369/3113/3365
f 3307/3051/3303 3308/3052/3304 3371/3115/3367 3370/3114/3366
f 3308/3052/3304 3309/3053/3305 3372/3116/3368 3371/3115/3367
f 3309/3053/3305 3310/3054/3306 3373/3117/3369 3372/3116/3368
f 3310/3054/3306 3311/3055/3307 3374/3118/3370 3373/3117/3369
f 3311/3055/3307 3312/3056/3308 3375/3119/3371 3374/3118/3370
f 3312/3056/3308 3313/3057/3309 3376/3120/3372 3375/3119/3371
f 3313/3057/3309 3314/3058/3310 3377/3121/3373 3376/3120/3372
f 3314/3058/3310 3315/3059/3311 3378/3122/3374 3377/3121/3373
f 3315/3059/3311 3316/3060/3312 3379/3123/3375 3378/3122/3374
f 3316/3060/3312 3317/3061/3313 3380/3124/3376 3379/3123/3375
f 3317/3061/3313 3318/3062/3314 3381/3125/3377 3380/3124/3376
f 3318/3062/3314 3319/3063/3315 3382/3126/3378 3381/3125/3377
f 3319/3063/3315 3320/3064/3316 3383/3127/3379 3382/3126/3378
f 3320/3064/3316 3321/3065/3317 3384/3128/3380 3383/3127/3379
f 3321/3065/3317 3322/3066/3318 3385/3129/3381 3384/3128/3380
f 3322/3066/3318 3323/3067/3319 3386/3130/3382 3385/3129/3381
f 3323/3067/3319 3324/3068/3320 3387/3131/3383 3386/3130/3382
f 3324/3068/3320 3325/3069/3321 3388/3132/3384 3387/3131/3383
f 3325/3069/3321 3326/3070/3322 3389/3133/3385 3388/3132/3384
f 3326/3070/3322 3327/3071/3323 3390/3134/3386 3389/3133/3385
f 3327/3071/3323 3328/3072/3324 3391/3135/3387 3390/3134/3386
f 3328/3072/3324 3329/3073/3325 3392/3136/3388 3391/3135/3387
f 3329/3073/3325 3330/3074/3326 3393/3137/3389 3392/3136/3388
f 3330/3074/3326 3331/3075/3327 3394/3138/3390 3393/3137/3389
f 3331/3075/3327 3332/3076/3328 3395/3139/3391 3394/3138/3390
f 3332/3076/3328 3333/3077/3329 3396/3140/3392 3395/3139/3391
f 3333/3077/3329 3334/3078/3330 3397/3141/3393 3396/3140/3392
f 3334/3078/3330 3335/3079/3331 3398/3142/3394 3397/3141/3393
f 3335/3079/3331 3336/3080/3332 3399/3143/3395 3398/3142/3394
f 3336/3080/3332 3337/3081/3333 3400/3144/3396 3399/3143/3395
f 3337/3081/3333 3338/3082/3334 3401/3145/3397 3400/3144/3396
f 3338/3082/3334 3339/3083/3335 3402/3146/3398 3401/3145/3397
f 3339/3083/3335 3340/3084/3336 3403/3147/3399 3402/3146/3398
f 3340/3084/3336 3341/3085/3337 3404/3148/3400 3403/3147/3399
f 3341/3085/3337 3342/3086/3338 3405/3149/3401 3404/3148/3400
f 3342/3086/3338 3343/3087/3339 3406/3150/3402 3405/3149/3401
f 3344/3089/3340 3345/3088/3341 3408/3151/3404 3407/3152/3403
f 3345/3088/3341 3346/3090/3342 3409/3153/3405 3408/3151/3404
f 3346/3090/3342 3347/3091/3343 3410/3154/3406 3409/3153/3405
f 3347/3091/3343 3348/3092/3344 3411/3155/3407 3410/3154/3406
f 3348/3092/3344 3349/3093/3345 3412/3156/3408 3411/3155/3407
f 3349/3093/3345 3350/3094/3346 3413/3157/3409 3412/3156/3408
f 3350/3094/3346 3351/3095/3347 3414/3158/3410 3413/3157/3409
f 3351/3095/3347 3352/3096/3348 3415/3159/3411 3414/3158/3410
f 3352/3096/3348 3353/3097/3349 3416/3160/3412 3415/3159/3411
f 3353/3097/3349 3354/3098/3350 3417/3161/3413 3416/3160/3412
f 3354/3098/3350 3355/3099/3351 3418/3162/3414 3417/3161/3413
f 3355/3099/3351 3356/3100/3352 3419/3163/3415 3418/3162/3414
f 3356/3100/3352 3357/3101/3353 3420/3164/3416 3419/3163/3415
f 3357/3101/3353 3358/3102/3354 3421/3165/3417 3420/3164/3416
f 3358/3102/3354 3359/3103/3355 3422/3166/3418 3421/3165/3417
f 3359/3103/3355 3360/3104/3356 3423/3167/3419 3422/3166/3418
f 3360/3104/3356 3361/3105/3357 3424/3168/3420 3423/3167/3419
f 3361/3105/3357 3362/3106/3358 3425/3169/3421 3424/3168/3420
f 3362/3106/3358 3363/3107/3359 3426/3170/3422 3425/3169/3421
f 3363/3107/3359 3364/3108/3360 3427/3171/3423 3426/3170/3422
f 3364/3108/3360 3365/3109/3361 3428/3172/3424 3427/3171/3423
f 3365/3109/3361 3366/3110/3362 3429/3173/3425 3428/3172/3424
f 3366/3110/3362 3367/3111/3363 3430/3174/3426 3429/3173/3425
f 3367/3111/3363 3368/3112/3364 3431/3175/3427 3430/3174/3426
f 3368/3112/3364 3369/3113/3365 3432/3176/3428 3431/3175/3427
f 3369/3113/3365 3370/3114/3366 3433/3177/3429 3432/3176/3428
f 3370/3114/3366 3371/3115/3367 3434/3178/3430 3433/3177/3429
f 3371/3115/3367 3372/3116/3368 3435/3179/3431 3434/3178/3430
f 3372/3116/3368 3373/3117/3369 3436/3180/3432 3435/3179/3431
f 3373/3117/3369 3374/3118/3370 3437/3181/3433 3436/3180/3432
f 3374/3118/3370 3375/3119/3371 3438/3182/3434 3437/3181/3433
f 3375/3119/3371 3376/3120/3372 3439/3183/3435 3438/3182/3434
f 3376/3120/3372 3377/3121/3373 3440/3184/3436 3439/3183/3435
f 3377/3121/3373 3378/3122/3374 3441/3185/3437 3440/3184/3436
f 3378/3122/3374 3379/3123/3375 3442/3186/3438 3441/3185/3437
f 3379/3123/3375 3380/3124/3376 3443/3187/3439 3442/3186/3438
f 3380/3124/3376 3381/3125/3377 3444/3188/3440 3443/3187/3439
f 3381/3125/3377 3382/3126/3378 3445/3189/3441 3444/3188/3440
f 3382/3126/3378 3383/3127/3379 3446/3190/3442 3445/3189/3441
f 3383/3127/3379 3384/3128/3380 3447/3191/3443 3446/3190/3442
f 3384/3128/3380 3385/3129/3381 3448/3192/3444 3447/3191/3443
f 3385/3129/3381 3386/3130/3382 3449/3193/3445 3448/3192/3444
f 3386/3130/3382 3387/3131/3383 3450/3194/3446 3449/3193/3445
f 3387/3131/3383 3388/3132/3384 3451/3195/3447 3450/3194/3446
f 3388/3132/3384 3389/3133/3385 3452/3196/3448 3451/3195/3447
f 3389/3133/3385 3390/3134/3386 3453/3197/3449 3452/3196/3448
f 3390/3134/3386 3391/3135/3387 3454/3198/3450 3453/3197/3449
f 3391/3135/3387 3392/3136/3388 3455/3199/3451 3454/3198/3450
f 3392/3136/3388 3393/3137/3389 3456/3200/3452 3455/3199/3451
f 3393/3137/3389 3394/3138/3390 3457/3201/3453 3456/3200/3452
f 3394/3138/3390 3395/3139/3391 3458/3202/3454 3457/3201/3453
f 3395/3139/3391 3396/3140/3392 3459/3203/3455 3458/3202/3454
f 3396/3140/3392 3397/3141/3393 3460/3204/3456 3459/3203/3455
f 3397/3141/3393 3398/3142/3394 3461/3205/3457 3460/3204/3456
f 3398/3142/3394 3399/3143/3395 3462/3206/3458 3461/3205/3457
f 3399/3143/3395 3400/3144/3396 3463/3207/3459 3462/3206/3458
f 3400/3144/3396 3401/3145/3397 3464/3208/3460 3463/3207/3459
f 3401/3145/3397 3402/3146/3398 3465/3209/3461 3464/3208/3460
f 3402/3146/3398 3403/3147/3399 3466/3210/3462 3465/3209/3461
f 3403/3147/3399 3404/3148/3400 3467/3211/3463 3466/3210/3462
f 3404/3148/3400 3405/3149/3401 3468/3212/3464 3467/3211/3463
f 3405/3149/3401 3406/3150/3402 3469/3213/3465 3468/3212/3464
f 3407/3152/3403 3408/3151/3404 3471/3214/3467 3470/3215/3466
f 3408/3151/3404 3409/3153/3405 3472/3216/3468 3471/3214/3467
f 3409/3153/3405 3410/3154/3406 3473/3217/3469 3472/3216/3468
f 3410/3154/3406 3411/3155/3407 3474/3218/3470 3473/3217/3469
f 3411/3155/3407 3412/3156/3408 3475/3219/3471 3474/3218/3470
f 3412/3156/3408 3413/3157/3409 3476/3220/3472 3475/3219/3471
f 3413/3157/3409 3414/3158/3410 3477/3221/3473 3476/3220/3472
f 3414/3158/3410 3415/3159/3411 3478/3222/3474 3477/3221/3473
f 3415/3159/3411 3416/3160/3412 3479/3223/3475 3478/3222/3474
f 3416/3160/3412 3417/3161/3413 3480/3224/3476 3479/3223/3475
f 3417/3161/3413 3418/3162/3414 3481/3225/3477 3480/3224/3476
f 3418/3162/3414 3419/3163/3415 3482/3226/3478 3481/3225/3477
f 3419/3163/3415 3420/3164/3416 3483/3227/3479 3482/3226/3478
f 3420/3164/3416 3421/3165/3417 3484/3228/3480 3483/3227/3479
f 3421/3165/3417 3422/3166/3418 3485/3229/3481 3484/3228/3480
f 3422/3166/3418 3423/3167/3419 3486/3230/3482 3485/3229/3481
f 3423/3167/3419 3424/3168/3420 3487/3231/3483 3486/3230/3482
f 3424/3168/3420 3425/3169/3421 3488/3232/3484 3487/3231/3483
f 3425/3169/3421 3426/3170/3422 3489/3233/3485 3488/3232/3484
f 3426/3170/3422 3427/3171/3423 3490/3234/3486 3489/3233/3485
f 3427/3171/3423 3428/3172/3424 3491/3235/3487 3490/3234/3486
f 3428/3172/3424 3429/3173/3425 3492/3236/3488 3491/3235/3487
f 3429/3173/3425 3430/3174/3426 3493/3237/3489 3492/3236/3488
f 3430/3174/3426 3431/3175/3427 3494/3238/3490 3493/3237/3489
f 3431/3175/3427 3432/3176/3428 3495/3239/3491 3494/3238/3490
f 3432/3176/3428 3433/3177/3429 3496/3240/3492 3495/3239/3491
f 3433/3177/3429 3434/3178/3430 3497/3241/3493 3496/3240/3492
f 3434/3178/3430 3435/3179/3431 3498/3242/3494 3497/3241/3493
f 3435/3179/3431 3436/3180/3432 3499/3243/3495 3498/3242/3494
f 3436/3180/3432 3437/3181/3433 3500/3244/3496 3499/3243/3495
f 3437/3181/3433 3438/3182/3434 3501/3245/3497 3500/3244/3496
f 3438/3182/3434 3439/3183/3435 3502/3246/3498 3501/3245/3497
f 3439/3183/3435 3440/3184/3436 3503/3247/3499 3502/3246/3498
f 3440/3184/3436 3441/3185/3437 3504/3248/3500 3503/3247/3499
f 3441/3185/3437 3442/3186/3438 3505/3249/3501 3504/3248/3500
f 3442/3186/3438 3443/3187/3439 3506/3250/3502 3505/3249/3501
f 3443/3187/3439 3444/3188/3440 3507/3251/3503 3506/3250/3502
f 3444/3188/3440 3445/3189/3441 3508/3252/3504 3507/3251/3503
f 3445/3189/3441 3446/3190/3442 3509/3253/3505 3508/3252/3504
f 3446/3190/3442 3447/3191/3443 3510/3254/3506 3509/3253/3505
f 3447/3191/3443 3448/3192/3444 3511/3255/3507 3510/3254/3506
f 3448/3192/3444 3449/3193/3445 3512/3256/3508 3511/3255/3507
f 3449/3193/3445 3450/3194/3446 3513/3257/3509 3512/3256/3508
f 3450/3194/3446 3451/3195/3447 3514/3258/3510 3513/3257/3509
f 3451/3195/3447 3452/3196/3448 3515/3259/3511 3514/3258/3510
f 3452/3196/3448 3453/3197/3449 3516/3260/3512 3515/3259/3511
f 3453/3197/3449 3454/3198/3450 3517/3261/3513 3516/3260/3512
f 3454/3198/3450 3455/3199/3451 3518/3262/3514 3517/3261/3513
f 3455/3199/3451 3456/3200/3452 3519/3263/3515 3518/3262/3514
f 3456/3200/3452 3457/3201/3453 3520/3264/3516 3519/3263/3515
f 3457/3201/3453 3458/3202/3454 3521/3265/3517 3520/3264/3516
f 3458/3202/3454 3459/3203/3455 3522/3266/3518 3521/3265/3517
f 3459/3203/3455 3460/3204/3456 3523/3267/3519 3522/3266/3518
f 3460/3204/3456 3461/3205/3457 3524/3268/3520 3523/3267/3519
f 3461/3205/3457 3462/3206/3458 3525/3269/3521 3524/3268/3520
f 3462/3206/3458 3463/3207/3459 3526/3270/3522 3525/3269/3521
f 3463/3207/3459 3464/3208/3460 3527/3271/3523 3526/3270/3522
f 3464/3208/3460 3465/3209/3461 3528/3272/3524 3527/3271/3523
f 3465/3209/3461 3466/3210/3462 3529/3273/3525 3528/3272/3524
f 3466/3210/3462 3467/3211/3463 3530/3274/3526 3529/3273/3525
f 3467/3211/3463 3468/3212/3464 3531/3275/3527 3530/3274/3526
f 3468/3212/3464 3469/3213/3465 3532/3276/3528 3531/3275/3527
f 3470/3215/3466 3471/3214/3467 3534/3277/3530 3533/3278/3529
f 3471/3214/3467 3472/3216/3468 3535/3279/3531 3534/3277/3530
f 3472/3216/3468 3473/3217/3469 3536/3280/3532 3535/3279/3531
f 3473/3217/3469 3474/3218/3470 3537/3281/3533 3536/3280/3532
f 3474/3218/3470 3475/3219/3471 3538/3282/3534 3537/3281/3533
f 3475/3219/3471 3476/3220/3472 3539/3283/3535 3538/3282/3534
f 3476/3220/3472 3477/3221/3473 3540/3284/3536 3539/3283/3535
f 3477/3221/3473 3478/3222/3474 3541/3285/3537 3540/3284/3536
f 3478/3222/3474 3479/3223/3475 3542/3286/3538 3541/3285/3537
f 3479/3223/3475 3480/3224/3476 3543/3287/3539 3542/3286/3538
f 3480/3224/3476 3481/3225/3477 3544/3288/3540 3543/3287/3539
f 3481/3225/3477 3482/3226/3478 3545/3289/3541 3544/3288/3540
f 3482/3226/3478 3483/3227/3479 3546/3290/3542 3545/3289/3541
f 3483/3227/3479 3484/3228/3480 3547/3291/3543 3546/3290/3542
f 3484/3228/3480 3485/3229/3481 3548/3292/3544 3547/3291/3543
f 3485/3229/3481 3486/3230/3482 3549/3293/3545 3548/3292/3544
f 3486/3230/3482 3487/3231/3483 3550/3294/3546 3549/3293/3545
f 3487/3231/3483 3488/3232/3484 3551/3295/3547 3550/3294/3546
f 3488/3232/3484 3489/3233/3485 3552/3296/3548 3551/3295/3547
f 3489/3233/3485 3490/3234/3486 3553/3297/3549 3552/3296/3548
f 3490/3234/3486 3491/3235/3487 3554/3298/3550 3553/3297/3549
f 3491/3235/3487 3492/3236/3488 3555/3299/3551 3554/3298/3550
f 3492/3236/3488 3493/3237/3489 3556/3300/3552 3555/3299/3551
f 3493/3237/3489 3494/3238/3490 3557/3301/3553 3556/3300/3552
f 3494/3238/3490 3495/3239/3491 3558/3302/3554 3557/3301/3553
f 3495/3239/3491 3496/3240/3492 3559/3303/3555 3558/3302/3554
f 3496/3240/3492 3497/3241/3493 3560/3304/3556 3559/3303/3555
f 3497/3241/3493 3498/3242/3494 3561/3305/3557 3560/3304/3556
f 3498/3242/3494 3499/3243/3495 3562/3306/3558 3561/3305/3557
f 3499/3243/3495 3500/3244/3496 3563/3307/3559 3562/3306/3558
f 3500/3244/3496 3501/3245/3497 3564/3308/3560 3563/3307/3559
f 3501/3245/3497 3502/3246/3498 3565/3309/3561 3564/3308/3560
f 3502/3246/3498 3503/3247/3499 3566/3310/3562 3565/3309/3561
f 3503/3247/3499 3504/3248/3500 3567/3311/3563 3566/3310/3562
f 3504/3248/3500 3505/3249/3501 3568/3312/3564 3567/3311/3563
f 3505/3249/3501 3506/3250/3502 3569/3313/3565 3568/3312/3564
f 3506/3250/3502 3507/3251/3503 3570/3314/3566 3569/3313/3565
f 3507/3251/3503 3508/3252/3504 3571/3315/3567 3570/3314/3566
f 3508/3252/3504 3509/3253/3505 3572/3316/3568 3571/3315/3567
f 3509/3253/3505 3510/3254/3506 3573/3317/3569 3572/3316/3568
f 3510/3254/3506 3511/3255/3507 3574/3318/3570 3573/3317/3569
f 3511/3255/3507 3512/3256/3508 3575/3319/3571 3574/3318/3570
f 3512/3256/3508 3513/3257/3509 3576/3320/3572 3575/3319/3571
f 3513/3257/3509 3514/3258/3510 3577/3321/3573 3576/3320/3572
f 3514/3258/3510 3515/3259/3511 3578/3322/3574 3577/3321/3573
f 3515/3259/3511 3516/3260/3512 3579/3323/3575 3578/3322/3574
f 3516/3260/3512 3517/3261/3513 3580/3324/3576 3579/3323/3575
f 3517/3261/3513 3518/3262/3514 3581/3325/3577 3580/3324/3576
f 3518/3262/3514 3519/3263/3515 3582/3326/3578 3581/3325/3577
f 3519/3263/3515 3520/3264/3516 3583/3327/3579 3582/3326/3578
f 3520/3264/3516 3521/3265/3517 3584/3328/3580 3583/3327/3579
f 3521/3265/3517 3522/3266/3518 3585/3329/3581 3584/3328/3580
f 3522/3266/3518 3523/3267/3519 3586/3330/3582 3585/3329/3581
f 3523/3267/3519 3524/3268/3520 3587/3331/3583 3586/3330/3582
f 3524/3268/3520 3525/3269/3521 3588/3332/3584 3587/3331/3583
f 3525/3269/3521 3526/3270/3522 3589/3333/3585 3588/3332/3584
f 3526/3270/3522 3527/3271/3523 3590/3334/3586 3589/3333/3585
f 3527/3271/3523 3528/3272/3524 3591/3335/3587 3590/3334/3586
f 3528/3272/3524 3529/3273/3525 3592/3336/3588 3591/3335/3587
f 3529/3273/3525 3530/3274/3526 3593/3337/3589 3592/3336/3588
f 3530/3274/3526 3531/3275/3527 3594/3338/3590 3593/3337/3589
f 3531/3275/3527 3532/3276/3528 3595/3339/3591 3594/3338/3590
f 3533/3278/3529 3534/3277/3530 3597/3340/3593 3596/3341/3592
f 3534/3277/3530 3535/3279/3531 3598/3342/3594 3597/3340/3593
f 3535/3279/3531 3536/3280/3532 3599/3343/3595 3598/3342/3594
f 3536/3280/3532 3537/3281/3533 3600/3344/3596 3599/3343/3595
f 3537/3281/3533 3538/3282/3534 3601/3345/3597 3600/3344/3596
f 3538/3282/3534 3539/3283/3535 3602/3346/3598 3601/3345/3597
f 3539/3283/3535 3540/3284/3536 3603/3347/3599 3602/3346/3598
f 3540/3284/3536 3541/3285/3537 3604/3348/3600 3603/3347/3599
f 3541/3285/3537 3542/3286/3538 3605/3349/3601 3604/3348/3600
f 3542/3286/3538 3543/3287/3539 3606/3350/3602 3605/3349/3601
f 3543/3287/3539 3544/3288/3540 3607/3351/3603 3606/3350/3602
f 3544/3288/3540 3545/3289/3541 3608/3352/3604 3607/3351/3603
f 3545/3289/3541 3546/3290/3542 3609/3353/3605 3608/3352/3604
f 3546/3290/3542 3547/3291/3543 3610/3354/3606 3609/3353/3605
f 3547/3291/3543 3548/3292/3544 3611/3355/3607 3610/3354/3606
f 3548/3292/3544 3549/3293/3545 3612/3356/3608 3611/3355/3607
f 3549/3293/3545 3550/3294/3546 3613/3357/3609 3612/3356/3608
f 3550/3294/3546 3551/3295/3547 3614/3358/31 3613/3357/3609
f 3551/3295/3547 3552/3296/3548 3615/3359/3610 3614/3358/31
f 3552/3296/3548 3553/3297/3549 3616/3360/3611 3615/3359/3610
f 3553/3297/3549 3554/3298/3550 3617/3361/3612 3616/3360/3611
f 3554/3298/3550 3555/3299/3551 3618/3362/3613 3617/3361/3612
f 3555/3299/3551 3556/3300/3552 3619/3363/3614 3618/3362/3613
f 3556/3300/3552 3557/3301/3553 3620/3364/3615 3619/3363/3614
f 3557/3301/3553 3558/3302/3554 3621/3365/3616 3620/3364/3615
f 3558/3302/3554 3559/3303/3555 3622/3366/3617 3621/3365/3616
f 3559/3303/3555 3560/3304/3556 3623/3367/3618 3622/3366/3617
f 3560/3304/3556 3561/3305/3557 3624/3368/3619 3623/3367/3618
f 3561/3305/3557 3562/3306/3558 3625/3369/3620 3624/3368/3619
f 3562/3306/3558 3563/3307/3559 3626/3370/3621 3625/3369/3620
f 3563/3307/3559 3564/3308/3560 3627/3371/3622 3626/3370/3621
f 3564/3308/3560 3565/3309/3561 3628/3372/3623 3627/3371/3622
f 3565/3309/3561 3566/3310/3562 3629/3373/3624 3628/3372/3623
f 3566/3310/3562 3567/3311/3563 3630/3374/3625 3629/3373/3624
f 3567/3311/3563 3568/3312/3564 3631/3375/3626 3630/3374/3625
f 3568/3312/3564 3569/3313/3565 3632/3376/3627 3631/3375/3626
f 3569/3313/3565 3570/3314/3566 3633/3377/3628 3632/3376/3627
f 3570/3314/3566 3571/3315/3567 3634/3378/3629 3633/3377/3628
f 3571/3315/3567 3572/3316/3568 3635/3379/3630 3634/3378/3629
f 3572/3316/3568 3573/3317/3569 3636/3380/3631 3635/3379/3630
f 3573/3317/3569 3574/3318/3570 3637/3381/3632 3636/3380/3631
f 3574/3318/3570 3575/3319/3571 3638/3382/3633 3637/3381/3632
f 3575/3319/3571 3576/3320/3572 3639/3383/3634 3638/3382/3633
f 3576/3320/3572 3577/3321/3573 3640/3384/3635 3639/3383/3634
f 3577/3321/3573 3578/3322/3574 3641/3385/3636 3640/3384/3635
f 3578/3322/3574 3579/3323/3575 3642/3386/3637 3641/3385/3636
f 3579/3323/3575 3580/3324/3576 3643/3387/3638 3642/3386/3637
f 3580/3324/3576 3581/3325/3577 3644/3388/3639 3643/3387/3638
f 3581/3325/3577 3582/3326/3578 3645/3389/3640 3644/3388/3639
f 3582/3326/3578 3583/3327/3579 3646/3390/3641 3645/3389/3640
f 3583/3327/3579 3584/3328/3580 3647/3391/3642 3646/3390/3641
f 3584/3328/3580 3585/3329/3581 3648/3392/3643 3647/3391/3642
f 3585/3329/3581 3586/3330/3582 3649/3393/3644 3648/3392/3643
f 3586/3330/3582 3587/3331/3583 3650/3394/3645 3649/3393/3644
f 3587/3331/3583 3588/3332/3584 3651/3395/3646 3650/3394/3645
f 3588/3332/3584 3589/3333/3585 3652/3396/3647 3651/3395/3646
f 3589/3333/3585 3590/3334/3586 3653/3397/3648 3652/3396/3647
f 3590/3334/3586 3591/3335/3587 3654/3398/3649 3653/3397/3648
f 3591/3335/3587 3592/3336/3588 3655/3399/3650 3654/3398/3649
f 3592/3336/3588 3593/3337/3589 3656/3400/3651 3655/3399/3650
f 3593/3337/3589 3594/3338/3590 3657/3401/3652 3656/3400/3651
f 3594/3338/3590 3595/3339/3591 3658/3402/3653 3657/3401/3652
f 3596/3341/3592 3597/3340/3593 3660/3403/3655 3659/3404/3654
f 3597/3340/3593 3598/3342/3594 3661/3405/3656 3660/3403/3655
f 3598/3342/3594 3599/3343/3595 3662/3406/3657 3661/3405/3656
f 3599/3343/3595 3600/3344/3596 3663/3407/3658 3662/3406/3657
f 3600/3344/3596 3601/3345/3597 3664/3408/3659 3663/3407/3658
f 3601/3345/3597 3602/3346/3598 3665/3409/3660 3664/3408/3659
f 3602/3346/3598 3603/3347/3599 3666/3410/3661 3665/3409/3660
f 3603/3347/3599 3604/3348/3600 3667/3411/3662 3666/3410/3661
f 3604/3348/3600 3605/3349/3601 3668/3412/3663 3667/3411/3662
f 3605/3349/3601 3606/3350/3602 3669/3413/3664 3668/3412/3663
f 3606/3350/3602 3607/3351/3603 3670/3414/3665 3669/3413/3664
f 3607/3351/3603 3608/3352/3604 3671/3415/3666 3670/3414/3665
f 3608/3352/3604 3609/3353/3605 3672/3416/3667 3671/3415/3666
f 3609/3353/3605 3610/3354/3606 3673/3417/3668 3672/3416/3667
f 3610/3354/3606 3611/3355/3607 3674/3418/3669 3673/3417/3668
f 3611/3355/3607 3612/3356/3608 3675/3419/3670 3674/3418/3669
f 3612/3356/3608 3613/3357/3609 3676/3420/3671 3675/3419/3670
f 3613/3357/3609 3614/3358/31 3677/3421/3672 3676/3420/3671
f 3614/3358/31 3615/3359/3610 3678/3422/3673 3677/3421/3672
f 3615/3359/3610 3616/3360/3611 3679/3423/3674 3678/3422/3673
f 3616/3360/3611 3617/3361/3612 3680/3424/3675 3679/3423/3674
f 3617/3361/3612 3618/3362/3613 3681/3425/3676 3680/3424/3675
f 3618/3362/3613 3619/3363/3614 3682/3426/3677 3681/3425/3676
f 3619/3363/3614 3620/3364/3615 3683/3427/3678 3682/3426/3677
f 3620/3364/3615 3621/3365/3616 3684/3428/3679 3683/3427/3678
f 3621/3365/3616 3622/3366/3617 3685/3429/3680 3684/3428/3679
f 3622/3366/3617 3623/3367/3618 3686/3430/3681 3685/3429/3680
f 3623/3367/3618 3624/3368/3619 3687/3431/3682 3686/3430/3681
f 3624/3368/3619 3625/3369/3620 3688/3432/3683 3687/3431/3682
f 3625/3369/3620 3626/3370/3621 3689/3433/3684 3688/3432/3683
f 3626/3370/3621 3627/3371/3622 3690/3434/3685 3689/3433/3684
f 3627/3371/3622 3628/3372/3623 3691/3435/3686 3690/3434/3685
f 3628/3372/3623 3629/3373/3624 3692/3436/3687 3691/3435/3686
f 3629/3373/3624 3630/3374/3625 3693/3437/3688 3692/3436/3687
f 3630/3374/3625 3631/3375/3626 3694/3438/3689 3693/3437/3688
f 3631/3375/3626 3632/3376/3627 3695/3439/3690 3694/3438/3689
f 3632/3376/3627 3633/3377/3628 3696/3440/3691 3695/3439/3690
f 3633/3377/3628 3634/3378/3629 3697/3441/3692 3696/3440/3691
f 3634/3378/3629 3635/3379/3630 3698/3442/3693 3697/3441/3692
f 3635/3379/3630 3636/3380/3631 3699/3443/3694 3698/3442/3693
f 3636/3380/3631 3637/3381/3632 3700/3444/3695 3699/3443/3694
f 3637/3381/3632 3638/3382/3633 3701/3445/3696 3700/3444/3695
f 3638/3382/3633 3639/3383/3634 3702/3446/3697 3701/3445/3696
f 3639/3383/3634 3640/3384/3635 3703/3447/3698 3702/3446/3697
f 3640/3384/3635 3641/3385/3636 3704/3448/3699 3703/3447/3698
f 3641/3385/3636 3642/3386/3637 3705/3449/3700 3704/3448/3699
f 3642/3386/3637 3643/3387/3638 3706/3450/3701 3705/3449/3700
f 3643/3387/3638 3644/3388/3639 3707/3451/3702 3706/3450/3701
f 3644/3388/3639 3645/3389/3640 3708/3452/3703 3707/3451/3702
f 3645/3389/3640 3646/3390/3641 3709/3453/3704 3708/3452/3703
f 3646/3390/3641 3647/3391/3642 3710/3454/3705 3709/3453/3704
f 3647/3391/3642 3648/3392/3643 3711/3455/3706 3710/3454/3705
f 3648/3392/3643 3649/3393/3644 3712/3456/3707 3711/3455/3706
f 3649/3393/3644 3650/3394/3645 3713/3457/3708 3712/3456/3707
f 3650/3394/3645 3651/3395/3646 3714/3458/3709 3713/3457/3708
f 3651/3395/3646 3652/3396/3647 3715/3459/3710 3714/3458/3709
f 3652/3396/3647 3653/3397/3648 3716/3460/3711 3715/3459/3710
f 3653/3397/3648 3654/3398/3649 3717/3461/3712 3716/3460/3711
f 3654/3398/3649 3655/3399/3650 3718/3462/3713 3717/3461/3712
f 3655/3399/3650 3656/3400/3651 3719/3463/3714 3718/3462/3713
f 3656/3400/3651 3657/3401/3652 3720/3464/3715 3719/3463/3714
f 3657/3401/3652 3658/3402/3653 3721/3465/3716 3720/3464/3715
f 3659/3404/3654 3660/3403/3655 3723/3466/3718 3722/3467/3717
f 3660/3403/3655 3661/3405/3656 3724/3468/3719 3723/3466/3718
f 3661/3405/3656 3662/3406/3657 3725/3469/3720 3724/3468/3719
f 3662/3406/3657 3663/3407/3658 3726/3470/3721 3725/3469/3720
f 3663/3407/3658 3664/3408/3659 3727/3471/3722 3726/3470/3721
f 3664/3408/3659 3665/3409/3660 3728/3472/3723 3727/3471/3722
f 3665/3409/3660 3666/3410/3661 3729/3473/3724 3728/3472/3723
f 3666/3410/3661 3667/3411/3662 3730/3474/3725 3729/3473/3724
f 3667/3411/3662 3668/3412/3663 3731/3475/3726 3730/3474/3725
f 3668/3412/3663 3669/3413/3664 3732/3476/3727 3731/3475/3726
f 3669/3413/3664 3670/3414/3665 3733/3477/3728 3732/3476/3727
f 3670/3414/3665 3671/3415/3666 3734/3478/3729 3733/3477/3728
f 3671/3415/3666 3672/3416/3667 3735/3479/3730 3734/3478/3729
f 3672/3416/3667 3673/3417/3668 3736/3480/3731 3735/3479/3730
f 3673/3417/3668 3674/3418/3669 3737/3481/3732 3736/3480/3731
f 3674/3418/3669 3675/3419/3670 3738/3482/3733 3737/3481/3732
f 3675/3419/3670 3676/3420/3671 3739/3483/3734 3738/3482/3733
f 3676/3420/3671 3677/3421/3672 3740/3484/3735 3739/3483/3734
f 3677/3421/3672 3678/3422/3673 3741/3485/3736 3740/3484/3735
f 3678/3422/3673 3679/3423/3674 3742/3486/3737 3741/3485/3736
f 3679/3423/3674 3680/3424/3675 3743/3487/3738 3742/3486/3737
f 3680/3424/3675 3681/3425/3676 3744/3488/3739 3743/3487/3738
f 3681/3425/3676 3682/3426/3677 3745/3489/3740 3744/3488/3739
f 3682/3426/3677 3683/3427/3678 3746/3490/3741 3745/3489/3740
f 3683/3427/3678 3684/3428/3679 3747/3491/3742 3746/3490/3741
f 3684/3428/3679 3685/3429/3680 3748/3492/3743 3747/3491/3742
f 3685/3429/3680 3686/3430/3681 3749/3493/3744 3748/3492/3743
f 3686/3430/3681 3687/3431/3682 3750/3494/3745 3749/3493/3744
f 3687/3431/3682 3688/3432/3683 3751/3495/3746 3750/3494/3745
f 3688/3432/3683 3689/3433/3684 3752/3496/3747 3751/3495/3746
f 3689/3433/3684 3690/3434/3685 3753/3497/3748 3752/3496/3747
f 3690/3434/3685 3691/3435/3686 3754/3498/3749 3753/3497/3748
f 3691/3435/3686 3692/3436/3687 3755/3499/3750 3754/3498/3749
f 3692/3436/3687 3693/3437/3688 3756/3500/3751 3755/3499/3750
f 3693/3437/3688 3694/3438/3689 3757/3501/3752 3756/3500/3751
f 3694/3438/3689 3695/3439/3690 3758/3502/3753 3757/3501/3752
f 3695/3439/3690 3696/3440/3691 3759/3503/3754 3758/3502/3753
f 3696/3440/3691 3697/3441/3692 3760/3504/3755 3759/3503/3754
f 3697/3441/3692 3698/3442/3693 3761/3505/3756 3760/3504/3755
f 3698/3442/3693 3699/3443/3694 3762/3506/3757 3761/3505/3756
f 3699/3443/3694 3700/3444/3695 3763/3507/3758 3762/3506/3757
f 3700/3444/3695 3701/3445/3696 3764/3508/3759 3763/3507/3758
f 3701/3445/3696 3702/3446/3697 3765/3509/3760 3764/3508/3759
f 3702/3446/3697 3703/3447/3698 3766/3510/3761 3765/3509/3760
f 3703/3447/3698 3704/3448/3699 3767/3511/3762 3766/3510/3761
f 3704/3448/3699 3705/3449/3700 3768/3512/3763 3767/3511/3762
f 3705/3449/3700 3706/3450/3701 3769/3513/3764 3768/3512/3763
f 3706/3450/3701 3707/3451/3702 3770/3514/3765 3769/3513/3764
f 3707/3451/3702 3708/3452/3703 3771/3515/3766 3770/3514/3765
f 3708/3452/3703 3709/3453/3704 3772/3516/3767 3771/3515/3766
f 3709/3453/3704 3710/3454/3705 3773/3517/3768 3772/3516/3767
f 3710/3454/3705 3711/3455/3706 3774/3518/3769 3773/3517/3768
f 3711/3455/3706 3712/3456/3707 3775/3519/3770 3774/3518/3769
f 3712/3456/3707 3713/3457/3708 3776/3520/3771 3775/3519/3770
f 3713/3457/3708 3714/3458/3709 3777/3521/3772 3776/3520/3771
f 3714/3458/3709 3715/3459/3710 3778/3522/3773 3777/3521/3772
f 3715/3459/3710 3716/3460/3711 3779/3523/3774 3778/3522/3773
f 3716/3460/3711 3717/3461/3712 3780/3524/3775 3779/3523/3774
f 3717/3461/3712 3718/3462/3713 3781/3525/3776 3780/3524/3775
f 3718/3462/3713 3719/3463/3714 3782/3526/3777 3781/3525/3776
f 3719/3463/3714 3720/3464/3715 3783/3527/3778 3782/3526/3777
f 3720/3464/3715 3721/3465/3716 3784/3528/3779 3783/3527/3778
f 3722/3467/3717 3723/3466/3718 3786/3529/3781 3785/3530/3780
f 3723/3466/3718 3724/3468/3719 3787/3531/3782 3786/3529/3781
f 3724/3468/3719 3725/3469/3720 3788/3532/3783 3787/3531/3782
f 3725/3469/3720 3726/3470/3721 3789/3533/3784 3788/3532/3783
f 3726/3470/3721 3727/3471/3722 3790/3534/3785 3789/3533/3784
f 3727/3471/3722 3728/3472/3723 3791/3535/3786 3790/3534/3785
f 3728/3472/3723 3729/3473/3724 3792/3536/3787 3791/3535/3786
f 3729/3473/3724 3730/3474/3725 3793/3537/3788 3792/3536/3787
f 3730/3474/3725 3731/3475/3726 3794/3538/3789 3793/3537/3788
f 3731/3475/3726 3732/3476/3727 3795/3539/3790 3794/3538/3789
f 3732/3476/3727 3733/3477/3728 3796/3540/3791 3795/3539/3790
f 3733/3477/3728 3734/3478/3729 3797/3541/3792 3796/3540/3791
f 3734/3478/3729 3735/3479/3730 3798/3542/3793 3797/3541/3792
f 3735/3479/3730 3736/3480/3731 3799/3543/3794 3798/3542/3793
f 3736/3480/3731 3737/3481/3732 3800/3544/3795 3799/3543/3794
f 3737/3481/3732 3738/3482/3733 3801/3545/3796 3800/3544/3795
f 3738/3482/3733 3739/3483/3734 3802/3546/3797 3801/3545/3796
f 3739/3483/3734 3740/3484/3735 3803/3547/3798 3802/3546/3797
f 3740/3484/3735 3741/3485/3736 3804/3548/3799 3803/3547/3798
f 3741/3485/3736 3742/3486/3737 3805/3549/3800 3804/3548/3799
f 3742/3486/3737 3743/3487/3738 3806/3550/3801 3805/3549/3800
f 3743/3487/3738 3744/3488/3739 3807/3551/3802 3806/3550/3801
f 3744/3488/3739 3745/3489/3740 3808/3552/3803 3807/3551/3802
f 3745/3489/3740 3746/3490/3741 3809/3553/3804 3808/3552/3803
f 3746/3490/3741 3747/3491/3742 3810/3554/3805 3809/3553/3804
f 3747/3491/3742 3748/3492/3743 3811/3555/3806 3810/3554/3805
f 3748/3492/3743 3749/3493/3744 3812/3556/3807 3811/3555/3806
f 3749/3493/3744 3750/3494/3745 3813/3557/3808 3812/3556/3807
f 3750/3494/3745 3751/3495/3746 3814/3558/3809 3813/3557/3808
f 3751/3495/3746 3752/3496/3747 3815/3559/3810 3814/3558/3809
f 3752/3496/3747 3753/3497/3748 3816/3560/3811 3815/3559/3810
f 3753/3497/3748 3754/3498/3749 3817/3561/3812 3816/3560/3811
f 3754/3498/3749 3755/3499/3750 3818/3562/3813 3817/3561/3812
f 3755/3499/3750 3756/3500/3751 3819/3563/3814 3818/3562/3813
f 3756/3500/3751 3757/3501/3752 3820/3564/3815 3819/3563/3814
f 3757/3501/3752 3758/3502/3753 3821/3565/3816 3820/3564/3815
f 3758/3502/3753 3759/3503/3754 3822/3566/3817 3821/3565/3816
f 3759/3503/3754 3760/3504/3755 3823/3567/3818 3822/3566/3817
f 3760/3504/3755 3761/3505/3756 3824/3568/3819 3823/3567/3818
f 3761/3505/3756 3762/3506/3757 3825/3569/3820 3824/3568/3819
f 3762/3506/3757 3763/3507/3758 3826/3570/3821 3825/3569/3820
f 3763/3507/3758 3764/3508/3759 3827/3571/3822 3826/3570/3821
f 3764/3508/3759 3765/3509/3760 3828/3572/3823 3827/3571/3822
f 3765/3509/3760 3766/3510/3761 3829/3573/3824 3828/3572/3823
f 3766/3510/3761 3767/3511/3762 3830/3574/3825 3829/3573/3824
f 3767/3511/3762 3768/3512/3763 3831/3575/3826 3830/3574/3825
f 3768/3512/3763 3769/3513/3764 3832/3576/3827 3831/3575/3826
f 3769/3513/3764 3770/3514/3765 3833/3577/3828 3832/3576/3827
f 3770/3514/3765 3771/3515/3766 3834/3578/3829 3833/3577/3828
f 3771/3515/3766 3772/3516/3767 3835/3579/3830 3834/3578/3829
f 3772/3516/3767 3773/3517/3768 3836/3580/3831 3835/3579/3830
f 3773/3517/3768 3774/3518/3769 3837/3581/3832 3836/3580/3831
f 3774/3518/3769 3775/3519/3770 3838/3582/3833 3837/3581/3832
f 3775/3519/3770 3776/3520/3771 3839/3583/3834 3838/3582/3833
f 3776/3520/3771 3777/3521/3772 3840/3584/3835 3839/3583/3834
f 3777/3521/3772 3778/3522/3773 3841/3585/3836 3840/3584/3835
f 3778/3522/3773 3779/3523/3774 3842/3586/3837 3841/3585/3836
f 3779/3523/3774 3780/3524/3775 3843/3587/3838 3842/3586/3837
f 3780/3524/3775 3781/3525/3776 3844/3588/3839 3843/3587/3838
f 3781/3525/3776 3782/3526/3777 3845/3589/3840 3844/3588/3839
f 3782/3526/3777 3783/3527/3778 3846/3590/3841 3845/3589/3840
f 3783/3527/3778 3784/3528/3779 3847/3591/3842 3846/3590/3841
f 3785/3530/3780 3786/3529/3781 3849/3592/3844 3848/3593/3843
f 3786/3529/3781 3787/3531/3782 3850/3594/3845 3849/3592/3844
f 3787/3531/3782 3788/3532/3783 3851/3595/3846 3850/3594/3845
f 3788/3532/3783 3789/3533/3784 3852/3596/3847 3851/3595/3846
f 3789/3533/3784 3790/3534/3785 3853/3597/3848 3852/3596/3847
f 3790/3534/3785 3791/3535/3786 3854/3598/3849 3853/3597/3848
f 3791/3535/3786 3792/3536/3787 3855/3599/3850 3854/3598/3849
f 3792/3536/3787 3793/3537/3788 3856/3600/3851 3855/3599/3850
f 3793/3537/3788 3794/3538/3789 3857/3601/3852 3856/3600/3851
f 3794/3538/3789 3795/3539/3790 3858/3602/3853 3857/3601/3852
f 3795/3539/3790 3796/3540/3791 3859/3603/3854 3858/3602/3853
f 3796/3540/3791 3797/3541/3792 3860/3604/3855 3859/3603/3854
f 3797/3541/3792 3798/3542/3793 3861/3605/3856 3860/3604/3855
f 3798/3542/3793 3799/3543/3794 3862/3606/3857 3861/3605/3856
f 3799/3543/3794 3800/3544/3795 3863/3607/3858 3862/3606/3857
f 3800/3544/3795 3801/3545/3796 3864/3608/3859 3863/3607/3858
f 3801/3545/3796 3802/3546/3797 3865/3609/3860 3864/3608/3859
f 3802/3546/3797 3803/3547/3798 3866/3610/3861 3865/3609/3860
f 3803/3547/3798 3804/3548/3799 3867/3611/3862 3866/3610/3861
f 3804/3548/3799 3805/3549/3800 3868/3612/3863 3867/3611/3862
f 3805/3549/3800 3806/3550/3801 3869/3613/3864 3868/3612/3863
f 3806/3550/3801 3807/3551/3802 3870/3614/3865 3869/3613/3864
f 3807/3551/3802 3808/3552/3803 3871/3615/3866 3870/3614/3865
f 3808/3552/3803 3809/3553/3804 3872/3616/3867 3871/3615/3866
f 3809/3553/3804 3810/3554/3805 3873/3617/3868 3872/3616/3867
f 3810/3554/3805 3811/3555/3806 3874/3618/3869 3873/3617/3868
f 3811/3555/3806 3812/3556/3807 3875/3619/3870 3874/3618/3869
f 3812/3556/3807 3813/3557/3808 3876/3620/3871 3875/3619/3870
f 3813/3557/3808 3814/3558/3809 3877/3621/3872 3876/3620/3871
f 3814/3558/3809 3815/3559/3810 3878/3622/3873 3877/3621/3872
f 3815/3559/3810 3816/3560/3811 3879/3623/3874 3878/3622/3873
f 3816/3560/3811 3817/3561/3812 3880/3624/3875 3879/3623/3874
f 3817/3561/3812 3818/3562/3813 3881/3625/3876 3880/3624/3875
f 3818/3562/3813 3819/3563/3814 3882/3626/3877 3881/3625/3876
f 3819/3563/3814 3820/3564/3815 3883/3627/3878 3882/3626/3877
f 3820/3564/3815 3821/3565/3816 3884/3628/3879 3883/3627/3878
f 3821/3565/3816 3822/3566/3817 3885/3629/3880 3884/3628/3879
f 3822/3566/3817 3823/3567/3818 3886/3630/3881 3885/3629/3880
f 3823/3567/3818 3824/3568/3819 3887/3631/3882 3886/3630/3881
f 3824/3568/3819 3825/3569/3820 3888/3632/3883 3887/3631/3882
f 3825/3569/3820 3826/3570/3821 3889/3633/3884 3888/3632/3883
f 3826/3570/3821 3827/3571/3822 3890/3634/3885 3889/3633/3884
f 3827/3571/3822 3828/3572/3823 3891/3635/3886 3890/3634/3885
f 3828/3572/3823 3829/3573/3824 3892/3636/3887 3891/3635/3886
f 3829/3573/3824 3830/3574/3825 3893/3637/3888 3892/3636/3887
f 3830/3574/3825 3831/3575/3826 3894/3638/3889 3893/3637/3888
f 3831/3575/3826 3832/3576/3827 3895/3639/3890 3894/3638/3889
f 3832/3576/3827 3833/3577/3828 3896/3640/3891 3895/3639/3890
f 3833/3577/3828 3834/3578/3829 3897/3641/3892 3896/3640/3891
f 3834/3578/3829 3835/3579/3830 3898/3642/3893 3897/3641/3892
f 3835/3579/3830 3836/3580/3831 3899/3643/3894 3898/3642/3893
f 3836/3580/3831 3837/3581/3832 3900/3644/3895 3899/3643/3894
f 3837/3581/3832 3838/3582/3833 3901/3645/3896 3900/3644/3895
f 3838/3582/3833 3839/3583/3834 3902/3646/3897 3901/3645/3896
f 3839/3583/3834 3840/3584/3835 3903/3647/3898 3902/3646/3897
f 3840/3584/3835 3841/3585/3836 3904/3648/3899 3903/3647/3898
f 3841/3585/3836 3842/3586/3837 3905/3649/3900 3904/3648/3899
f 3842/3586/3837 3843/3587/3838 3906/3650/3901 3905/3649/3900
f 3843/3587/3838 3844/3588/3839 3907/3651/3902 3906/3650/3901
f 3844/3588/3839 3845/3589/3840 3908/3652/3903 3907/3651/3902
f 3845/3589/3840 3846/3590/3841 3909/3653/3904 3908/3652/3903
f 3846/3590/3841 3847/3591/3842 3910/3654/3905 3909/3653/3904
f 3848/3593/3843 3849/3592/3844 3912/3655/3907 3911/3656/3906
f 3849/3592/3844 3850/3594/3845 3913/3657/3908 3912/3655/3907
f 3850/3594/3845 3851/3595/3846 3914/3658/3909 3913/3657/3908
f 3851/3595/3846 3852/3596/3847 3915/3659/3910 3914/3658/3909
f 3852/3596/3847 3853/3597/3848 3916/3660/3911 3915/3659/3910
f 3853/3597/3848 3854/3598/3849 3917/3661/3912 3916/3660/3911
f 3854/3598/3849 3855/3599/3850 3918/3662/3913 3917/3661/3912
f 3855/3599/3850 3856/3600/3851 3919/3663/3914 3918/3662/3913
f 3856/3600/3851 3857/3601/3852 3920/3664/3915 3919/3663/3914
f 3857/3601/3852 3858/3602/3853 3921/3665/3916 3920/3664/3915
f 3858/3602/3853 3859/3603/3854 3922/3666/3917 3921/3665/3916
f 3859/3603/3854 3860/3604/3855 3923/3667/3918 3922/3666/3917
f 3860/3604/3855 3861/3605/3856 3924/3668/3919 3923/3667/3918
f 3861/3605/3856 3862/3606/3857 3925/3669/3920 3924/3668/3919
f 3862/3606/3857 3863/3607/3858 3926/3670/3921 3925/3669/3920
f 3863/3607/3858 3864/3608/3859 3927/3671/3922 3926/3670/3921
f 3864/3608/3859 3865/3609/3860 3928/3672/3923 3927/3671/3922
f 3865/3609/3860 3866/3610/3861 3929/3673/3924 3928/3672/3923
f 3866/3610/3861 3867/3611/3862 3930/3674/3925 3929/3673/3924
f 3867/3611/3862 3868/3612/3863 3931/3675/3926 3930/3674/3925
f 3868/3612/3863 3869/3613/3864 3932/3676/3927 3931/3675/3926
f 3869/3613/3864 3870/3614/3865 3933/3677/3928 3932/3676/3927
f 3870/3614/3865 3871/3615/3866 3934/3678/3929 3933/3677/3928
f 3871/3615/3866 3872/3616/3867 3935/3679/3930 3934/3678/3929
f 3872/3616/3867 3873/3617/3868 3936/3680/3931 3935/3679/3930
f 3873/3617/3868 3874/3618/3869 3937/3681/3932 3936/3680/3931
f 3874/3618/3869 3875/3619/3870 3938/3682/3933 3937/3681/3932
f 3875/3619/3870 3876/3620/3871 3939/3683/3934 3938/3682/3933
f 3876/3620/3871 3877/3621/3872 3940/3684/3935 3939/3683/3934
f 3877/3621/3872 3878/3622/3873 3941/3685/3936 3940/3684/3935
f 3878/3622/3873 3879/3623/3874 3942/3686/3937 3941/3685/3936
f 3879/3623/3874 3880/3624/3875 3943/3687/3938 3942/3686/3937
f 3880/3624/3875 3881/3625/3876 3944/3688/3939 3943/3687/3938
f 3881/3625/3876 3882/3626/3877 3945/3689/3940 3944/3688/3939
f 3882/3626/3877 3883/3627/3878 3946/3690/3941 3945/3689/3940
f 3883/3627/3878 3884/3628/3879 3947/3691/3942 3946/3690/3941
f 3884/3628/3879 3885/3629/3880 3948/3692/3943 3947/3691/3942
f 3885/3629/3880 3886/3630/3881 3949/3693/3944 3948/3692/3943
f 3886/3630/3881 3887/3631/3882 3950/3694/3945 3949/3693/3944
f 3887/3631/3882 3888/3632/3883 3951/3695/3946 3950/3694/3945
f 3888/3632/3883 3889/3633/3884 3952/3696/3947 3951/3695/3946
f 3889/3633/3884 3890/3634/3885 3953/3697/3948 3952/3696/3947
f 3890/3634/3885 3891/3635/3886 3954/3698/3949 3953/3697/3948
f 3891/3635/3886 3892/3636/3887 3955/3699/3950 3954/3698/3949
f 3892/3636/3887 3893/3637/3888 3956/3700/3951 3955/3699/3950
f 3893/3637/3888 3894/3638/3889 3957/3701/3952 3956/3700/3951
f 3894/3638/3889 3895/3639/3890 3958/3702/3953 3957/3701/3952
f 3895/3639/3890 3896/3640/3891 3959/3703/3954 3958/3702/3953
f 3896/3640/3891 3897/3641/3892 3960/3704/3955 3959/3703/3954
f 3897/3641/3892 3898/3642/3893 3961/3705/3956 3960/3704/3955
f 3898/3642/3893 3899/3643/3894 3962/3706/3957 3961/3705/3956
f 3899/3643/3894 3900/3644/3895 3963/3707/3958 3962/3706/3957
f 3900/3644/3895 3901/3645/3896 3964/3708/3959 3963/3707/3958
f 3901/3645/3896 3902/3646/3897 3965/3709/3960 3964/3708/3959
f 3902/3646/3897 3903/3647/3898 3966/3710/3961 3965/3709/3960
f 3903/3647/3898 3904/3648/3899 3967/3711/3962 3966/3710/3961
f 3904/3648/3899 3905/3649/3900 3968/3712/3963 3967/3711/3962
f 3905/3649/3900 3906/3650/3901 3969/3713/3964 3968/3712/3963
f 3906/3650/3901 3907/3651/3902 3970/3714/3965 3969/3713/3964
f 3907/3651/3902 3908/3652/3903 3971/3715/3966 3970/3714/3965
f 3908/3652/3903 3909/3653/3904 3972/3716/3967 3971/3715/3966
f 3909/3653/3904 3910/3654/3905 3973/3717/3968 3972/3716/3967
f 3911/3656/3906 3912/3655/3907 3975/3718/3970 3974/3719/3969
f 3912/3655/3907 3913/3657/3908 3976/3720/3971 3975/3718/3970
f 3913/3657/3908 3914/3658/3909 3977/3721/3972 3976/3720/3971
f 3914/3658/3909 3915/3659/3910 3978/3722/3973 3977/3721/3972
f 3915/3659/3910 3916/3660/3911 3979/3723/3974 3978/3722/3973
f 3916/3660/3911 3917/3661/3912 3980/3724/3975 3979/3723/3974
f 3917/3661/3912 3918/3662/3913 3981/3725/3976 3980/3724/3975
f 3918/3662/3913 3919/3663/3914 3982/3726/3977 3981/3725/3976
f 3919/3663/3914 3920/3664/3915 3983/3727/3978 3982/3726/3977
f 3920/3664/3915 3921/3665/3916 3984/3728/3979 3983/3727/3978
f 3921/3665/3916 3922/3666/3917 3985/3729/3980 3984/3728/3979
f 3922/3666/3917 3923/3667/3918 3986/3730/3981 3985/3729/3980
f 3923/3667/3918 3924/3668/3919 3987/3731/3982 3986/3730/3981
f 3924/3668/3919 3925/3669/3920 3988/3732/3983 3987/3731/3982
f 3925/3669/3920 3926/3670/3921 3989/3733/3984 3988/3732/3983
f 3926/3670/3921 3927/3671/3922 3990/3734/3985 3989/3733/3984
f 3927/3671/3922 3928/3672/3923 3991/3735/3986 3990/3734/3985
f 3928/3672/3923 3929/3673/3924 3992/3736/3987 3991/3735/3986
f 3929/3673/3924 3930/3674/3925 3993/3737/3988 3992/3736/3987
f 3930/3674/3925 3931/3675/3926 3994/3738/3989 3993/3737/3988
f 3931/3675/3926 3932/3676/3927 3995/3739/3990 3994/3738/3989
f 3932/3676/3927 3933/3677/3928 3996/3740/3991 3995/3739/3990
f 3933/3677/3928 3934/3678/3929 3997/3741/3992 3996/3740/3991
f 3934/3678/3929 3935/3679/3930 3998/3742/3993 3997/3741/3992
f 3935/3679/3930 3936/3680/3931 3999/3743/3994 3998/3742/3993
f 3936/3680/3931 3937/3681/3932 4000/3744/3995 3999/3743/3994
f 3937/3681/3932 3938/3682/3933 4001/3745/3996 4000/3744/3995
f 3938/3682/3933 3939/3683/3934 4002/3746/3997 4001/3745/3996
f 3939/3683/3934 3940/3684/3935 4003/3747/3998 4002/3746/3997
f 3940/3684/3935 3941/3685/3936 4004/3748/3999 4003/3747/3998
f 3941/3685/3936 3942/3686/3937 4005/3749/4000 4004/3748/3999
f 3942/3686/3937 3943/3687/3938 4006/3750/4001 4005/3749/4000
f 3943/3687/3938 3944/3688/3939 4007/3751/4002 4006/3750/4001
f 3944/3688/3939 3945/3689/3940 4008/3752/4003 4007/3751/4002
f 3945/3689/3940 3946/3690/3941 4009/3753/4004 4008/3752/4003
f 3946/3690/3941 3947/3691/3942 4010/3754/4005 4009/3753/4004
f 3947/3691/3942 3948/3692/3943 4011/3755/4006 4010/3754/4005
f 3948/3692/3943 3949/3693/3944 4012/3756/4007 4011/3755/4006
f 3949/3693/3944 3950/3694/3945 4013/3757/4008 4012/3756/4007
f 3950/3694/3945 3951/3695/3946 4014/3758/4009 4013/3757/4008
f 3951/3695/3946 3952/3696/3947 4015/3759/4010 4014/3758/4009
f 3952/3696/3947 3953/3697/3948 4016/3760/4011 4015/3759/4010
f 3953/3697/3948 3954/3698/3949 4017/3761/4012 4016/3760/4011
f 3954/3698/3949 3955/3699/3950 4018/3762/4013 4017/3761/4012
f 3955/3699/3950 3956/3700/3951 4019/3763/4014 4018/3762/4013
f 3956/3700/3951 3957/3701/3952 4020/3764/4015 4019/3763/4014
f 3957/3701/3952 3958/3702/3953 4021/3765/4016 4020/3764/4015
f 3958/3702/3953 3959/3703/3954 4022/3766/4017 4021/3765/4016
f 3959/3703/3954 3960/3704/3955 4023/3767/4018 4022/3766/4017
f 3960/3704/3955 3961/3705/3956 4024/3768/4019 4023/3767/4018
f 3961/3705/3956 3962/3706/3957 4025/3769/4020 4024/3768/4019
f 3962/3706/3957 3963/3707/3958 4026/3770/4021 4025/3769/4020
f 3963/3707/3958 3964/3708/3959 4027/3771/4022 4026/3770/4021
f 3964/3708/3959 3965/3709/3960 4028/3772/4023 4027/3771/4022
f 3965/3709/3960 3966/3710/3961 4029/3773/4024 4028/3772/4023
f 3966/3710/3961 3967/3711/3962 4030/3774/4025 4029/3773/4024
f 3967/3711/3962 3968/3712/3963 4031/3775/4026 4030/3774/4025
f 3968/3712/3963 3969/3713/3964 4032/3776/4027 4031/3775/4026
f 3969/3713/3964 3970/3714/3965 4033/3777/4028 4032/3776/4027
f 3970/3714/3965 3971/3715/3966 4034/3778/4029 4033/3777/4028
f 3971/3715/3966 3972/3716/3967 4035/3779/4030 4034/3778/4029
f 3972/3716/3967 3973/3717/3968 4036/3780/4031 4035/3779/4030
f 3974/3719/3969 3975/3718/3970 4038/3781/4033 4037/3782/4032
f 3975/3718/3970 3976/3720/3971 4039/3783/4034 4038/3781/4033
f 3976/3720/3971 3977/3721/3972 4040/3784/4035 4039/3783/4034
f 3977/3721/3972 3978/3722/3973 4041/3785/4036 4040/3784/4035
f 3978/3722/3973 3979/3723/3974 4042/3786/4037 4041/3785/4036
f 3979/3723/3974 3980/3724/3975 4043/3787/4038 4042/3786/4037
f 3980/3724/3975 3981/3725/3976 4044/3788/4039 4043/3787/4038
f 3981/3725/3976 3982/3726/3977 4045/3789/4040 4044/3788/4039
f 3982/3726/3977 3983/3727/3978 4046/3790/4041 4045/3789/4040
f 3983/3727/3978 3984/3728/3979 4047/3791/4042 4046/3790/4041
f 3984/3728/3979 3985/3729/3980 4048/3792/4043 4047/3791/4042
f 3985/3729/3980 3986/3730/3981 4049/3793/4044 4048/3792/4043
f 3986/3730/3981 3987/3731/3982 4050/3794/4045 4049/3793/4044
f 3987/3731/3982 3988/3732/3983 4051/3795/4046 4050/3794/4045
f 3988/3732/3983 3989/3733/3984 4052/3796/4047 4051/3795/4046
f 3989/3733/3984 3990/3734/3985 4053/3797/4048 4052/3796/4047
f 3990/3734/3985 3991/3735/3986 4054/3798/4049 4053/3797/4048
f 3991/3735/3986 3992/3736/3987 4055/3799/4050 4054/3798/4049
f 3992/3736/3987 3993/3737/3988 4056/3800/4051 4055/3799/4050
f 3993/3737/3988 3994/3738/3989 4057/3801/4052 4056/3800/4051
f 3994/3738/3989 3995/3739/3990 4058/3802/4053 4057/3801/4052
f 3995/3739/3990 3996/3740/3991 4059/3803/4054 4058/3802/4053
f 3996/3740/3991 3997/3741/3992 4060/3804/4055 4059/3803/4054
f 3997/3741/3992 3998/3742/3993 4061/3805/4056 4060/3804/4055
f 3998/3742/3993 3999/3743/3994 4062/3806/4057 4061/3805/4056
f 3999/3743/3994 4000/3744/3995 4063/3807/4058 4062/3806/4057
f 4000/3744/3995 4001/3745/3996 4064/3808/4059 4063/3807/4058
f 4001/3745/3996 4002/3746/3997 4065/3809/4060 4064/3808/4059
f 4002/3746/3997 4003/3747/3998 4066/3810/4061 4065/3809/4060
f 4003/3747/3998 4004/3748/3999 4067/3811/4062 4066/3810/4061
f 4004/3748/3999 4005/3749/4000 4068/3812/4063 4067/3811/4062
f 4005/3749/4000 4006/3750/4001 4069/3813/4064 4068/3812/4063
f 4006/3750/4001 4007/3751/4002 4070/3814/4065 4069/3813/4064
f 4007/3751/4002 4008/3752/4003 4071/3815/4066 4070/3814/4065
f 4008/3752/4003 4009/3753/4004 4072/3816/4067 4071/3815/4066
f 4009/3753/4004 4010/3754/4005 4073/3817/4068 4072/3816/4067
f 4010/3754/4005 4011/3755/4006 4074/3818/4069 4073/3817/4068
f 4011/3755/4006 4012/3756/4007 4075/3819/4070 4074/3818/4069
f 4012/3756/4007 4013/3757/4008 4076/3820/4071 4075/3819/4070
f 4013/3757/4008 4014/3758/4009 4077/3821/4072 4076/3820/4071
f 4014/3758/4009 4015/3759/4010 4078/3822/4073 4077/3821/4072
f 4015/3759/4010 4016/3760/4011 4079/3823/4074 4078/3822/4073
f 4016/3760/4011 4017/3761/4012 4080/3824/4075 4079/3823/4074
f 4017/3761/4012 4018/3762/4013 4081/3825/4076 4080/3824/4075
f 4018/3762/4013 4019/3763/4014 4082/3826/4077 4081/3825/4076
f 4019/3763/4014 4020/3764/4015 4083/3827/4078 4082/3826/4077
f 4020/3764/4015 4021/3765/4016 4084/3828/4079 4083/3827/4078
f 4021/3765/4016 4022/3766/4017 4085/3829/4080 4084/3828/4079
f 4022/3766/4017 4023/3767/4018 4086/3830/4081 4085/3829/4080
f 4023/3767/4018 4024/3768/4019 4087/3831/4082 4086/3830/4081
f 4024/3768/4019 4025/3769/4020 4088/3832/4083 4087/3831/4082
f 4025/3769/4020 4026/3770/4021 4089/3833/4084 4088/3832/4083
f 4026/3770/4021 4027/3771/4022 4090/3834/4085 4089/3833/4084
f 4027/3771/4022 4028/3772/4023 4091/3835/4086 4090/3834/4085
f 4028/3772/4023 4029/3773/4024 4092/3836/4087 4091/3835/4086
f 4029/3773/4024 4030/3774/4025 4093/3837/4088 4092/3836/4087
f 4030/3774/4025 4031/3775/4026 4094/3838/4089 4093/3837/4088
f 4031/3775/4026 4032/3776/4027 4095/3839/4090 4094/3838/4089
f 4032/3776/4027 4033/3777/4028 4096/3840/4091 4095/3839/4090
f 4033/3777/4028 4034/3778/4029 4097/3841/4092 4096/3840/4091
f 4034/3778/4029 4035/3779/4030 4098/3842/4093 4097/3841/4092
f 4035/3779/4030 4036/3780/4031 4099/3843/4094 4098/3842/4093
f 4037/3782/4032 4038/3781/4033 4101/3844/4096 4100/3845/4095
f 4038/3781/4033 4039/3783/4034 4102/3846/4097 4101/3844/4096
f 4039/3783/4034 4040/3784/4035 4103/3847/4098 4102/3846/4097
f 4040/3784/4035 4041/3785/4036 4104/3848/4099 4103/3847/4098
f 4041/3785/4036 4042/3786/4037 4105/3849/4100 4104/3848/4099
f 4042/3786/4037 4043/3787/4038 4106/3850/4101 4105/3849/4100
f 4043/3787/4038 4044/3788/4039 4107/3851/4102 4106/3850/4101
f 4044/3788/4039 4045/3789/4040 4108/3852/4103 4107/3851/4102
f 4045/3789/4040 4046/3790/4041 4109/3853/4104 4108/3852/4103
f 4046/3790/4041 4047/3791/4042 4110/3854/4105 4109/3853/4104
f 4047/3791/4042 4048/3792/4043 4111/3855/4106 4110/3854/4105
f 4048/3792/4043 4049/3793/4044 4112/3856/4107 4111/3855/4106
f 4049/3793/4044 4050/3794/4045 4113/3857/4108 4112/3856/4107
f 4050/3794/4045 4051/3795/4046 4114/3858/4109 4113/3857/4108
f 4051/3795/4046 4052/3796/4047 4115/3859/4110 4114/3858/4109
f 4052/3796/4047 4053/3797/4048 4116/3860/4111 4115/3859/4110
f 4053/3797/4048 4054/3798/4049 4117/3861/4112 4116/3860/4111
f 4054/3798/4049 4055/3799/4050 4118/3862/4113 4117/3861/4112
f 4055/3799/4050 4056/3800/4051 4119/3863/4114 4118/3862/4113
f 4056/3800/4051 4057/3801/4052 4120/3864/4115 4119/3863/4114
f 4057/3801/4052 4058/3802/4053 4121/3865/4116 4120/3864/4115
f 4058/3802/4053 4059/3803/4054 4122/3866/4117 4121/3865/4116
f 4059/3803/4054 4060/3804/4055 4123/3867/4118 4122/3866/4117
f 4060/3804/4055 4061/3805/4056 4124/3868/4119 4123/3867/4118
f 4061/3805/4056 4062/3806/4057 4125/3869/4120 4124/3868/4119
f 4062/3806/4057 4063/3807/4058 4126/3870/4121 4125/3869/4120
f 4063/3807/4058 4064/3808/4059 4127/3871/4122 4126/3870/4121
f 4064/3808/4059 4065/3809/4060 4128/3872/4123 4127/3871/4122
f 4065/3809/4060 4066/3810/4061 4129/3873/4124 4128/3872/4123
f 4066/3810/4061 4067/3811/4062 4130/3874/4125 4129/3873/4124
f 4067/3811/4062 4068/3812/4063 4131/3875/4126 4130/3874/4125
f 4068/3812/4063 4069/3813/4064 4132/3876/4127 4131/3875/4126
f 4069/3813/4064 4070/3814/4065 4133/3877/4128 4132/3876/4127
f 4070/3814/4065 4071/3815/4066 4134/3878/4129 4133/3877/4128
f 4071/3815/4066 4072/3816/4067 4135/3879/4130 4134/3878/4129
f 4072/3816/4067 4073/3817/4068 4136/3880/4131 4135/3879/4130
f 4073/3817/4068 4074/3818/4069 4137/3881/4132 4136/3880/4131
f 4074/3818/4069 4075/3819/4070 4138/3882/4133 4137/3881/4132
f 4075/3819/4070 4076/3820/4071 4139/3883/4134 4138/3882/4133
f 4076/3820/4071 4077/3821/4072 4140/3884/4135 4139/3883/4134
f 4077/3821/4072 4078/3822/4073 4141/3885/4136 4140/3884/4135
f 4078/3822/4073 4079/3823/4074 4142/3886/4137 4141/3885/4136
f 4079/3823/4074 4080/3824/4075 4143/3887/4138 4142/3886/4137
f 4080/3824/4075 4081/3825/4076 4144/3888/4139 4143/3887/4138
f 4081/3825/4076 4082/3826/4077 4145/3889/4140 4144/3888/4139
f 4082/3826/4077 4083/3827/4078 4146/3890/4141 4145/3889/4140
f 4083/3827/4078 4084/3828/4079 4147/3891/4142 4146/3890/4141
f 4084/3828/4079 4085/3829/4080 4148/3892/4143 4147/3891/4142
f 4085/3829/4080 4086/3830/4081 4149/3893/4144 4148/3892/4143
f 4086/3830/4081 4087/3831/4082 4150/3894/4145 4149/3893/4144
f 4087/3831/4082 4088/3832/4083 4151/3895/4146 4150/3894/4145
f 4088/3832/4083 4089/3833/4084 4152/3896/4147 4151/3895/4146
f 4089/3833/4084 4090/3834/4085 4153/3897/4148 4152/3896/4147
f 4090/3834/4085 4091/3835/4086 4154/3898/4149 4153/3897/4148
f 4091/3835/4086 4092/3836/4087 4155/3899/4150 4154/3898/4149
f 4092/3836/4087 4093/3837/4088 4156/3900/4151 4155/3899/4150
f 4093/3837/4088 4094/3838/4089 4157/3901/4152 4156/3900/4151
f 4094/3838/4089 4095/3839/4090 4158/3902/4153 4157/3901/4152
f 4095/3839/4090 4096/3840/4091 4159/3903/4154 4158/3902/4153
f 4096/3840/4091 4097/3841/4092 4160/3904/4155 4159/3903/4154
f 4097/3841/4092 4098/3842/4093 4161/3905/4156 4160/3904/4155
f 4098/3842/4093 4099/3843/4094 4162/3906/4157 4161/3905/4156
f 4100/3845/4095 4101/3844/4096 4164/3907/4159 4163/3908/4158
f 4101/3844/4096 4102/3846/4097 4165/3909/4160 4164/3907/4159
f 4102/3846/4097 4103/3847/4098 4166/3910/4161 4165/3909/4160
f 4103/3847/4098 4104/3848/4099 4167/3911/4162 4166/3910/4161
f 4104/3848/4099 4105/3849/4100 4168/3912/4163 4167/3911/4162
f 4105/3849/4100 4106/3850/4101 4169/3913/4164 4168/3912/4163
f 4106/3850/4101 4107/3851/4102 4170/3914/4165 4169/3913/4164
f 4107/3851/4102 4108/3852/4103 4171/3915/4166 4170/3914/4165
f 4108/3852/4103 4109/3853/4104 4172/3916/4167 4171/3915/4166
f 4109/3853/4104 4110/3854/4105 4173/3917/4168 4172/3916/4167
f 4110/3854/4105 4111/3855/4106 4174/3918/4169 4173/3917/4168
f 4111/3855/4106 4112/3856/4107 4175/3919/4170 4174/3918/4169
f 4112/3856/4107 4113/3857/4108 4176/3920/4171 4175/3919/4170
f 4113/3857/4108 4114/3858/4109 4177/3921/4172 4176/3920/4171
f 4114/3858/4109 4115/3859/4110 4178/3922/4173 4177/3921/4172
f 4115/3859/4110 4116/3860/4111 4179/3923/4174 4178/3922/4173
f 4116/3860/4111 4117/3861/4112 4180/3924/4175 4179/3923/4174
f 4117/3861/4112 4118/3862/4113 4181/3925/4176 4180/3924/4175
f 4118/3862/4113 4119/3863/4114 4182/3926/4177 4181/3925/4176
f 4119/3863/4114 4120/3864/4115 4183/3927/4178 4182/3926/4177
f 4120/3864/4115 4121/3865/4116 4184/3928/4179 4183/3927/4178
f 4121/3865/4116 4122/3866/4117 4185/3929/4180 4184/3928/4179
f 4122/3866/4117 4123/3867/4118 4186/3930/4181 4185/3929/4180
f 4123/3867/4118 4124/3868/4119 4187/3931/4182 4186/3930/4181
f 4124/3868/4119 4125/3869/4120 4188/3932/4183 4187/3931/4182
f 4125/3869/4120 4126/3870/4121 4189/3933/4184 4188/3932/4183
f 4126/3870/4121 4127/3871/4122 4190/3934/4185 4189/3933/4184
f 4127/3871/4122 4128/3872/4123 4191/3935/4186 4190/3934/4185
f 4128/3872/4123 4129/3873/4124 4192/3936/4187 4191/3935/4186
f 4129/3873/4124 4130/3874/4125 4193/3937/4188 4192/3936/4187
f 4130/3874/4125 4131/3875/4126 4194/3938/4189 4193/3937/4188
f 4131/3875/4126 4132/3876/4127 4195/3939/4190 4194/3938/4189
f 4132/3876/4127 4133/3877/4128 4196/3940/4191 4195/3939/4190
f 4133/3877/4128 4134/3878/4129 4197/3941/4192 4196/3940/4191
f 4134/3878/4129 4135/3879/4130 4198/3942/4193 4197/3941/4192
f 4135/3879/4130 4136/3880/4131 4199/3943/4194 4198/3942/4193
f 4136/3880/4131 4137/3881/4132 4200/3944/4195 4199/3943/4194
f 4137/3881/4132 4138/3882/4133 4201/3945/4196 4200/3944/4195
f 4138/3882/4133 4139/3883/4134 4202/3946/4197 4201/3945/4196
f 4139/3883/4134 4140/3884/4135 4203/3947/4198 4202/3946/4197
f 4140/3884/4135 4141/3885/4136 4204/3948/215 4203/3947/4198
f 4141/3885/4136 4142/3886/4137 4205/3949/4199 4204/3948/215
f 4142/3886/4137 4143/3887/4138 4206/3950/4200 4205/3949/4199
f 4143/3887/4138 4144/3888/4139 4207/3951/4201 4206/3950/4200
f 4144/3888/4139 4145/3889/4140 4208/3952/4202 4207/3951/4201
f 4145/3889/4140 4146/3890/4141 4209/3953/4203 4208/3952/4202
f 4146/3890/4141 4147/3891/4142 4210/3954/4204 4209/3953/4203
f 4147/3891/4142 4148/3892/4143 4211/3955/4205 4210/3954/4204
f 4148/3892/4143 4149/3893/4144 4212/3956/4206 4211/3955/4205
f 4149/3893/4144 4150/3894/4145 4213/3957/4207 4212/3956/4206
f 4150/3894/4145 4151/3895/4146 4214/3958/4208 4213/3957/4207
f 4151/3895/4146 4152/3896/4147 4215/3959/4209 4214/3958/4208
f 4152/3896/4147 4153/3897/4148 4216/3960/4210 4215/3959/4209
f 4153/3897/4148 4154/3898/4149 4217/3961/4211 4216/3960/4210
f 4154/3898/4149 4155/3899/4150 4218/3962/4212 4217/3961/4211
f 4155/3899/4150 4156/3900/4151 4219/3963/4213 4218/3962/4212
f 4156/3900/4151 4157/3901/4152 4220/3964/4214 4219/3963/4213
f 4157/3901/4152 4158/3902/4153 4221/3965/4215 4220/3964/4214
f 4158/3902/4153 4159/3903/4154 4222/3966/4216 4221/3965/4215
f 4159/3903/4154 4160/3904/4155 4223/3967/4217 4222/3966/4216
f 4160/3904/4155 4161/3905/4156 4224/3968/4218 4223/3967/4217
f 4161/3905/4156 4162/3906/4157 4225/3969/4219 4224/3968/4218
f 4/3970/4 68/3971/68 257/1/257 67/3972/67
f 68/3971/68 69/3973/69 258/2/258 257/1/257
f 69/3973/69 70/3974/70 259/5/259 258/2/258
f 70/3974/70 71/3975/71 260/7/260 259/5/259
f 71/3975/71 72/3976/72 261/9/261 260/7/260
f 72/3976/72 73/3977/73 262/11/262 261/9/261
f 73/3977/73 74/3978/74 263/13/263 262/11/262
f 74/3978/74 75/3979/75 264/15/264 263/13/263
f 75/3979/75 76/3980/76 265/17/265 264/15/264
f 76/3980/76 77/3981/77 266/19/266 265/17/265
f 77/3981/77 78/3982/78 267/21/267 266/19/266
f 78/3982/78 79/3983/79 268/23/268 267/21/267
f 79/3983/79 80/3984/80 269/25/269 268/23/268
f 80/3984/80 81/3985/81 270/27/270 269/25/269
f 81/3985/81 82/3986/82 271/29/271 270/27/270
f 82/3986/82 83/3987/83 272/31/272 271/29/271
f 83/3987/83 84/3988/84 273/33/273 272/31/272
f 84/3988/84 85/3989/85 274/35/274 273/33/273
f 85/3989/85 86/3990/86 275/37/275 274/35/274
f 86/3990/86 87/3991/87 276/39/276 275/37/275
f 87/3991/87 88/3992/88 277/41/277 276/39/276
f 88/3992/88 89/3993/89 278/43/278 277/41/277
f 89/3993/89 90/3994/90 279/45/279 278/43/278
f 90/3994/90 91/3995/91 280/47/280 279/45/279
f 91/3995/91 92/3996/92 281/49/281 280/47/280
f 92/3996/92 93/3997/93 282/51/282 281/49/281
f 93/3997/93 94/3998/94 283/53/283 282/51/282
f 94/3998/94 95/3999/95 284/55/284 283/53/283
f 95/3999/95 96/4000/96 285/57/285 284/55/284
f 96/4000/96 97/4001/97 286/59/286 285/57/285
f 97/4001/97 98/4002/98 287/61/287 286/59/286
f 98/4002/98 99/4003/99 288/63/288 287/61/287
f 99/4003/99 100/4004/100 289/65/289 288/63/288
f 100/4004/100 101/4005/101 290/67/290 289/65/289
f 101/4005/101 102/4006/102 291/69/291 290/67/290
f 102/4006/102 103/4007/103 292/71/292 291/69/291
f 103/4007/103 104/4008/104 293/73/293 292/71/292
f 104/4008/104 105/4009/105 294/75/294 293/73/293
f 105/4009/105 106/4010/106 295/77/295 294/75/294
f 106/4010/106 107/4011/107 296/79/296 295/77/295
f 107/4011/107 108/4012/108 297/81/297 296/79/296
f 108/4012/108 109/4013/109 298/83/298 297/81/297
f 109/4013/109 110/4014/110 299/85/299 298/83/298
f 110/4014/110 111/4015/111 300/87/300 299/85/299
f 111/4015/111 112/4016/112 301/89/301 300/87/300
f 112/4016/112 113/4017/113 302/91/302 301/89/301
f 113/4017/113 114/4018/114 303/93/303 302/91/302
f 114/4018/114 115/4019/115 304/95/304 303/93/303
f 115/4019/115 116/4020/116 305/97/305 304/95/304
f 116/4020/116 117/4021/117 306/99/306 305/97/305
f 117/4021/117 118/4022/118 307/101/307 306/99/306
f 118/4022/118 119/4023/119 308/103/308 307/101/307
f 119/4023/119 120/4024/120 309/105/309 308/103/308
f 120/4024/120 121/4025/121 310/107/310 309/105/309
f 121/4025/121 122/4026/122 311/109/311 310/107/310
f 122/4026/122 123/4027/123 312/111/312 311/109/311
f 123/4027/123 124/4028/124 313/113/313 312/111/312
f 124/4028/124 125/4029/125 314/115/314 313/113/313
f 125/4029/125 126/4030/126 315/117/315 314/115/314
f 126/4030/126 127/4031/127 316/119/316 315/117/315
f 127/4031/127 128/4032/128 317/121/317 316/119/316
f 128/4032/128 129/4033/129 318/123/318 317/121/317
f 129/4033/129 130/4034/130 319/125/319 318/123/318
f 130/4034/130 3/4035/3 131/4036/131 319/125/319
f 319/125/319 131/4036/131 132/4037/132 382/126/382
f 382/126/382 132/4037/132 133/4038/133 445/189/445
f 445/189/445 133/4038/133 134/4039/134 508/252/508
f 508/252/508 134/4039/134 135/4040/135 571/315/571
f 571/315/571 135/4040/135 136/4041/136 634/378/634
f 634/378/634 136/4041/136 137/4042/137 697/441/697
f 697/441/697 137/4042/137 138/4043/138 760/504/760
f 760/504/760 138/4043/138 139/4044/139 823/567/823
f 823/567/823 139/4044/139 140/4045/140 886/630/886
f 886/630/886 140/4045/140 141/4046/141 949/693/949
f 949/693/949 141/4046/141 142/4047/142 1012/756/1012
f 1012/756/1012 142/4047/142 143/4048/143 1075/819/1075
f 1075/819/1075 143/4048/143 144/4049/144 1138/882/1138
f 1138/882/1138 144/4049/144 145/4050/145 1201/945/1201
f 1201/945/1201 145/4050/145 146/4051/146 1264/1008/1264
f 1264/1008/1264 146/4051/146 147/4052/147 1327/1071/1326
f 1327/1071/1326 147/4052/147 148/4053/148 1390/1134/1389
f 1390/1134/1389 148/4053/148 149/4054/149 1453/1197/1452
f 1453/1197/1452 149/4054/149 150/4055/150 1516/1260/1515
f 1516/1260/1515 150/4055/150 151/4056/151 1579/1323/1578
f 1579/1323/1578 151/4056/151 152/4057/152 1642/1386/1641
f 1642/1386/1641 152/4057/152 153/4058/153 1705/1449/1704
f 1705/1449/1704 153/4058/153 154/4059/154 1768/1512/1767
f 1768/1512/1767 154/4059/154 155/4060/155 1831/1575/1830
f 1831/1575/1830 155/4060/155 156/4061/156 1894/1638/1893
f 1894/1638/1893 156/4061/156 157/4062/157 1957/1701/1956
f 1957/1701/1956 157/4062/157 158/4063/158 2020/1764/2019
f 2020/1764/2019 158/4063/158 159/4064/159 2083/1827/2082
f 2083/1827/2082 159/4064/159 160/4065/160 2146/1890/2145
f 2146/1890/2145 160/4065/160 161/4066/161 2209/1953/2208
f 2209/1953/2208 161/4066/161 162/4067/162 2272/2016/2271
f 2272/2016/2271 162/4067/162 163/4068/163 2335/2079/2334
f 2335/2079/2334 163/4068/163 164/4069/164 2398/2142/2397
f 2398/2142/2397 164/4069/164 165/4070/165 2461/2205/2460
f 2461/2205/2460 165/4070/165 166/4071/166 2524/2268/2523
f 2524/2268/2523 166/4071/166 167/4072/167 2587/2331/2585
f 2587/2331/2585 167/4072/167 168/4073/168 2650/2394/2648
f 2650/2394/2648 168/4073/168 169/4074/169 2713/2457/2711
f 2713/2457/2711 169/4074/169 170/4075/170 2776/2520/2774
f 2776/2520/2774 170/4075/170 171/4076/171 2839/2583/2837
f 2839/2583/2837 171/4076/171 172/4077/172 2902/2646/2900
f 2902/2646/2900 172/4077/172 173/4078/173 2965/2709/2961
f 2965/2709/2961 173/4078/173 174/4079/174 3028/2772/3024
f 3028/2772/3024 174/4079/174 175/4080/175 3091/2835/3087
f 3091/2835/3087 175/4080/175 176/4081/176 3154/2898/3150
f 3154/2898/3150 176/4081/176 177/4082/177 3217/2961/3213
f 3217/2961/3213 177/4082/177 178/4083/178 3280/3024/3276
f 3280/3024/3276 178/4083/178 179/4084/179 3343/3087/3339
f 3343/3087/3339 179/4084/179 180/4085/180 3406/3150/3402
f 3406/3150/3402 180/4085/180 181/4086/181 3469/3213/3465
f 3469/3213/3465 181/4086/181 182/4087/182 3532/3276/3528
f 3532/3276/3528 182/4087/182 183/4088/183 3595/3339/3591
f 3595/3339/3591 183/4088/183 184/4089/184 3658/3402/3653
f 3658/3402/3653 184/4089/184 185/4090/185 3721/3465/3716
f 3721/3465/3716 185/4090/185 186/4091/186 3784/3528/3779
f 3784/3528/3779 186/4091/186 187/4092/187 3847/3591/3842
f 3847/3591/3842 187/4092/187 188/4093/188 3910/3654/3905
f 3910/3654/3905 188/4093/188 189/4094/189 3973/3717/3968
f 3973/3717/3968 189/4094/189 190/4095/190 4036/3780/4031
f 4036/3780/4031 190/4095/190 191/4096/191 4099/3843/4094
f 4099/3843/4094 191/4096/191 192/4097/192 4162/3906/4157
f 4162/3906/4157 192/4097/192 193/4098/193 4225/3969/4219
f 4225/3969/4219 193/4098/193 2/4099/2 194/4100/194
f 4224/3968/4218 4225/3969/4219 194/4100/194 195/4101/195
f 4223/3967/4217 4224/3968/4218 195/4101/195 196/4102/196
f 4222/3966/4216 4223/3967/4217 196/4102/196 197/4103/197
f 4221/3965/4215 4222/3966/4216 197/4103/197 198/4104/198
f 4220/3964/4214 4221/3965/4215 198/4104/198 199/4105/199
f 4219/3963/4213 4220/3964/4214 199/4105/199 200/4106/200
f 4218/3962/4212 4219/3963/4213 200/4106/200 201/4107/201
f 4217/3961/4211 4218/3962/4212 201/4107/201 202/4108/202
f 4216/3960/4210 4217/3961/4211 202/4108/202 203/4109/203
f 4215/3959/4209 4216/3960/4210 203/4109/203 204/4110/204
f 4214/3958/4208 4215/3959/4209 204/4110/204 205/4111/205
f 4213/3957/4207 4214/3958/4208 205/4111/205 206/4112/206
f 4212/3956/4206 4213/3957/4207 206/4112/206 207/4113/207
f 4211/3955/4205 4212/3956/4206 207/4113/207 208/4114/208
f 4210/3954/4204 4211/3955/4205 208/4114/208 209/4115/209
f 4209/3953/4203 4210/3954/4204 209/4115/209 210/4116/210
f 4208/3952/4202 4209/3953/4203 210/4116/210 211/4117/211
f 4207/3951/4201 4208/3952/4202 211/4117/211 212/4118/212
f 4206/3950/4200 4207/3951/4201 212/4118/212 213/4119/213
f 4205/3949/4199 4206/3950/4200 213/4119/213 214/4120/214
f 4204/3948/215 4205/3949/4199 214/4120/214 215/4121/215
f 4203/3947/4198 4204/3948/215 215/4121/215 216/4122/216
f 4202/3946/4197 4203/3947/4198 216/4122/216 217/4123/217
f 4201/3945/4196 4202/3946/4197 217/4123/217 218/4124/218
f 4200/3944/4195 4201/3945/4196 218/4124/218 219/4125/219
f 4199/3943/4194 4200/3944/4195 219/4125/219 220/4126/220
f 4198/3942/4193 4199/3943/4194 220/4126/220 221/4127/221
f 4197/3941/4192 4198/3942/4193 221/4127/221 222/4128/222
f 4196/3940/4191 4197/3941/4192 222/4128/222 223/4129/223
f 4195/3939/4190 4196/3940/4191 223/4129/223 224/4130/224
f 4194/3938/4189 4195/3939/4190 224/4130/224 225/4131/225
f 4193/3937/4188 4194/3938/4189 225/4131/225 226/4132/226
f 4192/3936/4187 4193/3937/4188 226/4132/226 227/4133/227
f 4191/3935/4186 4192/3936/4187 227/4133/227 228/4134/228
f 4190/3934/4185 4191/3935/4186 228/4134/228 229/4135/229
f 4189/3933/4184 4190/3934/4185 229/4135/229 230/4136/230
f 4188/3932/4183 4189/3933/4184 230/4136/230 231/4137/231
f 4187/3931/4182 4188/3932/4183 231/4137/231 232/4138/232
f 4186/3930/4181 4187/3931/4182 232/4138/232 233/4139/233
f 4185/3929/4180 4186/3930/4181 233/4139/233 234/4140/234
f 4184/3928/4179 4185/3929/4180 234/4140/234 235/4141/235
f 4183/3927/4178 4184/3928/4179 235/4141/235 236/4142/236
f 4182/3926/4177 4183/3927/4178 236/4142/236 237/4143/237
f 4181/3925/4176 4182/3926/4177 237/4143/237 238/4144/238
f 4180/3924/4175 4181/3925/4176 238/4144/238 239/4145/239
f 4179/3923/4174 4180/3924/4175 239/4145/239 240/4146/240
f 4178/3922/4173 4179/3923/4174 240/4146/240 241/4147/241
f 4177/3921/4172 4178/3922/4173 241/4147/241 242/4148/242
f 4176/3920/4171 4177/3921/4172 242/4148/242 243/4149/243
f 4175/3919/4170 4176/3920/4171 243/4149/243 244/4150/244
f 4174/3918/4169 4175/3919/4170 244/4150/244 245/4151/245
f 4173/3917/4168 4174/3918/4169 245/4151/245 246/4152/246
f 4172/3916/4167 4173/3917/4168 246/4152/246 247/4153/247
f 4171/3915/4166 4172/3916/4167 247/4153/247 248/4154/248
f 4170/3914/4165 4171/3915/4166 248/4154/248 249/4155/249
f 4169/3913/4164 4170/3914/4165 249/4155/249 250/4156/250
f 4168/3912/4163 4169/3913/4164 250/4156/250 251/4157/251
f 4167/3911/4162 4168/3912/4163 251/4157/251 252/4158/252
f 4166/3910/4161 4167/3911/4162 252/4158/252 253/4159/253
f 4165/3909/4160 4166/3910/4161 253/4159/253 254/4160/254
f 4164/3907/4159 4165/3909/4160 254/4160/254 255/4161/255
f 4163/3908/4158 4164/3907/4159 255/4161/255 256/4162/256
f 5/4163/5 4163/3908/4158 256/4162/256 1/4164/1
f 6/4165/6 4100/3845/4095 4163/3908/4158 5/4163/5
f 7/4166/7 4037/3782/4032 4100/3845/4095 6/4165/6
f 8/4167/8 3974/3719/3969 4037/3782/4032 7/4166/7
f 9/4168/9 3911/3656/3906 3974/3719/3969 8/4167/8
f 10/4169/10 3848/3593/3843 3911/3656/3906 9/4168/9
f 11/4170/11 3785/3530/3780 3848/3593/3843 10/4169/10
f 12/4171/12 3722/3467/3717 3785/3530/3780 11/4170/11
f 13/4172/13 3659/3404/3654 3722/3467/3717 12/4171/12
f 14/4173/14 3596/3341/3592 3659/3404/3654 13/4172/13
f 15/4174/15 3533/3278/3529 3596/3341/3592 14/4173/14
f 16/4175/16 3470/3215/3466 3533/3278/3529 15/4174/15
f 17/4176/17 3407/3152/3403 3470/3215/3466 16/4175/16
f 18/4177/18 3344/3089/3340 3407/3152/3403 17/4176/17
f 19/4178/19 3281/3026/3277 3344/3089/3340 18/4177/18
f 20/4179/20 3218/2963/3214 3281/3026/3277 19/4178/19
f 21/4180/21 3155/2900/3151 3218/2963/3214 20/4179/20
f 22/4181/22 3092/2837/3088 3155/2900/3151 21/4180/21
f 23/4182/23 3029/2774/3025 3092/2837/3088 22/4181/22
f 24/4183/24 2966/2711/2962 3029/2774/3025 23/4182/23
f 25/4184/25 2903/2648/2901 2966/2711/2962 24/4183/24
f 26/4185/26 2840/2585/2838 2903/2648/2901 25/4184/25
f 27/4186/27 2777/2522/2775 2840/2585/2838 26/4185/26
f 28/4187/28 2714/2459/2712 2777/2522/2775 27/4186/27
f 29/4188/29 2651/2396/2649 2714/2459/2712 28/4187/28
f 30/4189/30 2588/2333/2586 2651/2396/2649 29/4188/29
f 31/4190/31 2525/2270/2524 2588/2333/2586 30/4189/30
f 32/4191/32 2462/2207/2461 2525/2270/2524 31/4190/31
f 33/4192/33 2399/2144/2398 2462/2207/2461 32/4191/32
f 34/4193/34 2336/2081/2335 2399/2144/2398 33/4192/33
f 35/4194/35 2273/2018/2272 2336/2081/2335 34/4193/34
f 36/4195/36 2210/1955/2209 2273/2018/2272 35/4194/35
f 37/4196/37 2147/1892/2146 2210/1955/2209 36/4195/36
f 38/4197/38 2084/1829/2083 2147/1892/2146 37/4196/37
f 39/4198/39 2021/1766/2020 2084/1829/2083 38/4197/38
f 40/4199/40 1958/1703/1957 2021/1766/2020 39/4198/39
f 41/4200/41 1895/1640/1894 1958/1703/1957 40/4199/40
f 42/4201/42 1832/1577/1831 1895/1640/1894 41/4200/41
f 43/4202/43 1769/1514/1768 1832/1577/1831 42/4201/42
f 44/4203/44 1706/1451/1705 1769/1514/1768 43/4202/43
f 45/4204/45 1643/1388/1642 1706/1451/1705 44/4203/44
f 46/4205/46 1580/1325/1579 1643/1388/1642 45/4204/45
f 47/4206/47 1517/1262/1516 1580/1325/1579 46/4205/46
f 48/4207/48 1454/1199/1453 1517/1262/1516 47/4206/47
f 49/4208/49 1391/1136/1390 1454/1199/1453 48/4207/48
f 50/4209/50 1328/1073/1327 1391/1136/1390 49/4208/49
f 51/4210/51 1265/1010/1265 1328/1073/1327 50/4209/50
f 52/4211/52 1202/947/1202 1265/1010/1265 51/4210/51
f 53/4212/53 1139/884/1139 1202/947/1202 52/4211/52
f 54/4213/54 1076/821/1076 1139/884/1139 53/4212/53
f 55/4214/55 1013/758/1013 1076/821/1076 54/4213/54
f 56/4215/56 950/695/950 1013/758/1013 55/4214/55
f 57/4216/57 887/632/887 950/695/950 56/4215/56
f 58/4217/58 824/569/824 887/632/887 57/4216/57
f 59/4218/59 761/506/761 824/569/824 58/4217/58
f 60/4219/60 698/443/698 761/506/761 59/4218/59
f 61/4220/61 635/380/635 698/443/698 60/4219/60
f 62/4221/62 572/317/572 635/380/635 61/4220/61
f 63/4222/63 509/254/509 572/317/572 62/4221/62
f 64/4223/64 446/191/446 509/254/509 63/4222/63
f 65/4224/65 383/128/383 446/191/446 64/4223/64
f 66/4225/66 320/4/320 383/128/383 65/4224/65
f 67/3972/67 257/1/257 320/4/320 66/4225/66
o Ways:highway
v -530.680359 266.177185 193.442154
v -533.485596 266.508911 188.059784
v -539.530273 266.793396 177.733826
v -550.139038 266.542358 162.990799
v -564.309998 265.061554 145.892960
v -574.462341 263.735168 130.652588
v -586.529358 261.825928 111.024368
v -591.883850 261.827454 96.383629
v -592.295715 263.357666 81.991501
v -592.930237 264.315735 70.539223
v -590.492310 265.864319 59.072296
v -588.477478 267.286774 47.605358
v -582.789001 269.376892 32.891388
v -577.679443 270.348846 23.574478
v -571.412170 271.207092 14.038165
v -562.540039 272.545593 1.722852
v -554.012939 273.817261 -11.250659
v -544.584167 274.503357 -30.572008
v -537.593323 275.061646 -54.047279
v -532.428101 275.066345 -83.402420
v -527.674744 274.643860 -102.416756
v -518.746948 273.926575 -125.585037
v 206.087677 296.033813 -111.514397
v 220.325439 295.718353 -152.614777
v -1074.598511 249.274567 -159.474609
v -1062.486938 249.274567 -159.313721
v -1059.114014 249.274567 -159.269836
v -1026.964966 249.274567 -158.860291
v -934.736755 249.274567 -157.675552
v -766.900330 249.274567 -155.130539
v -731.055481 249.274567 -154.428467
v -690.902527 249.274567 -153.799530
v -683.544312 250.044907 -153.755646
v -666.846375 248.504227 -153.653259
v -838.167053 274.222687 -437.265228
v -830.786560 274.222687 -434.500732
v -823.984985 274.222687 -431.984924
v -817.172241 274.222687 -429.469086
v -783.052795 274.222687 -416.816803
v -772.599915 274.222687 -412.940674
v -758.773987 274.222687 -407.616516
v -731.077698 274.222687 -396.953522
v -694.999084 274.222687 -378.304291
v -670.364075 275.868164 -360.971497
v -662.215454 274.669373 -355.237793
v -649.948059 272.130493 -346.417816
v 206.087677 296.033813 -111.514397
v 221.527695 297.522827 -106.131866
v 238.103165 300.740051 -96.668571
v 257.027466 304.044678 -82.685722
v 274.582550 306.404602 -67.693680
v 289.777679 308.746216 -53.520729
v 304.304871 310.550262 -36.407913
v 337.878815 309.247192 20.971006
v 365.786621 306.709412 65.902725
v 385.523560 306.575684 81.406456
v 405.828247 307.446625 93.180504
v 428.893646 309.157593 100.566696
v 447.394928 310.541565 100.157166
v 467.955658 311.973572 99.162590
v 488.071075 313.305450 100.537445
v 511.514954 315.269104 104.413368
v 537.229797 315.523224 111.463158
v 586.165833 313.452576 128.268539
v 636.215088 312.965637 148.247742
v 723.723328 308.221588 191.218994
v 811.676819 308.221588 232.990738
v 882.264526 308.221588 260.282684
v 912.621338 308.221588 266.352417
v 943.568176 308.221588 267.624878
v 969.661438 308.221588 265.255493
v 1029.885254 308.221588 250.044556
v 1058.037964 308.221588 247.104752
v 1081.326050 308.221588 246.899979
v -261.988525 281.258911 101.341881
v -241.138382 283.463562 101.458893
v -218.707504 285.990906 102.482719
v -188.662369 288.944153 105.875977
v 357.003510 306.071625 247.879913
v 356.992371 306.900726 259.463623
v 355.589752 307.710175 270.842560
v 346.138733 308.887451 340.285950
v 356.758606 308.518433 376.294525
v 393.093292 309.033661 407.535004
v 525.596863 315.041382 401.465363
v 609.620850 313.310852 395.483459
v 640.912720 313.579224 419.893677
v 687.700317 309.894836 534.616638
v 688.245789 309.894836 535.903687
v 690.817261 309.894836 541.943970
v 699.711670 309.894836 562.858398
v 713.314941 309.894836 594.888000
v 743.571594 309.894836 616.548218
v 774.317993 309.894836 620.263062
v 782.577942 309.894836 614.734680
v 805.064453 309.894836 599.685181
v 826.671570 309.894836 572.394165
v 846.831543 309.894836 546.945862
v 882.565063 309.894836 539.794006
v 913.712280 309.894836 556.569458
v 932.714539 309.894836 574.046814
v 994.229675 309.894836 630.603149
v -656.972351 247.002182 394.825287
v -668.505005 247.002182 440.194061
v -671.655396 247.002182 456.823395
v -677.288147 247.002182 468.684723
v -731.255859 247.002182 489.730927
v -739.048218 247.002182 494.089325
v -746.506592 247.002182 501.533722
v -753.875977 247.002182 544.898315
v -755.089355 247.002182 571.472778
v -81.795654 285.776459 291.231018
v -76.240814 283.765747 312.189819
v -62.604176 283.431030 334.889038
v -46.863598 283.590149 360.747375
v -32.024712 285.719574 378.137360
v -4.795964 286.075348 407.052368
v 25.716709 298.341309 432.106110
v 45.542709 298.341309 443.601837
v 70.478279 298.341309 447.697021
v 94.957428 298.341309 447.155853
v 123.054474 298.341309 440.501221
v 144.583664 298.341309 432.164612
v 169.163010 295.036926 420.259338
v 187.107712 296.835327 405.414276
v 208.091431 300.569702 375.577881
v 252.251877 307.921417 308.708862
v 287.506744 310.255341 260.823853
v 306.186157 309.804718 241.312881
v 315.637177 308.734467 233.034622
v 325.132751 307.776794 227.974045
v 334.606018 307.061646 227.023361
v 344.079315 306.183929 230.504333
v 353.274323 305.533447 237.671036
v 357.003510 306.071625 247.879913
v -397.553406 273.633301 -263.645172
v -424.904602 272.484009 -238.458084
v -441.413269 272.623108 -220.950027
v -454.838409 272.291748 -205.284943
v 282.664368 295.259460 -346.944397
v 292.059723 295.578003 -343.653351
v 323.930481 296.752258 -334.482361
v 372.287689 295.445923 -321.332916
v 380.736816 294.595642 -319.241302
v 389.208252 293.661469 -317.018036
v 419.476013 291.813782 -309.251221
v 429.962311 291.269501 -313.990295
v 433.390961 291.101624 -315.540710
v 446.159302 290.924713 -322.195892
v 506.383148 291.601013 -356.173889
v 512.216309 291.477844 -359.581940
v 529.838135 291.394684 -369.221008
v 546.814392 291.723755 -378.523682
v 565.850037 292.604614 -389.362183
v 634.044312 294.307861 -428.649994
v 716.175842 293.094513 -475.953522
v 723.890320 293.094513 -480.400116
v 634.044312 294.307861 -428.649994
v 638.341248 295.164856 -420.868469
v 676.312317 304.706879 -352.268555
v -297.209991 279.087006 -33.351009
v -295.050415 279.275909 -40.035240
v -293.358337 279.384155 -48.416134
v -296.709076 278.741028 -64.022461
v -301.228638 278.468750 -80.052971
v -306.104431 277.911682 -95.279060
v -311.303040 276.636902 -107.199593
v -318.360718 275.879700 -117.745262
v -327.121552 276.365234 -124.239403
v -350.053375 277.617554 -142.390854
v -418.848816 277.193115 -189.210358
v -444.541351 274.008911 -204.714508
v -454.838409 272.291748 -205.284943
v -649.948059 272.130493 -346.417816
v -571.490112 253.189682 -289.534393
v -330.149445 269.395630 223.220612
v -333.388824 272.734100 205.698715
v -331.273773 275.257568 192.520706
v -322.858002 277.592346 176.593002
v -301.829773 279.898560 148.876663
v -279.165100 279.599365 124.377998
v -268.467316 280.279633 112.194458
v -264.660187 280.705261 106.080750
v -261.988525 281.258911 101.341881
v -260.240814 281.820251 92.917229
v -260.652679 282.667480 77.618279
v -741.875732 245.492142 -71.964577
v -753.586548 245.492142 -58.537571
v -722.060852 245.492142 11.493196
v -683.510925 245.511108 99.030952
v -664.085632 245.473175 158.208084
v -656.972351 247.002182 394.825287
v -653.565979 247.002182 463.858307
v -650.627136 247.002182 523.486633
v -643.625122 247.002182 568.708557
v -655.514038 247.002182 648.168152
v -661.636597 247.002182 701.930664
v -663.662659 247.002182 732.073242
v -662.549438 247.002182 761.952454
v -662.772095 247.002182 800.021606
v -668.059753 247.002182 840.971741
v -671.610840 247.002182 861.066528
v -677.443970 247.002182 881.658508
v -684.746521 247.002182 905.350891
v -690.501770 247.002182 935.171082
v -694.164185 247.002182 956.947510
v -697.080750 247.002182 982.906555
v -700.320129 247.002182 1015.344360
v -700.654114 247.002182 1039.840820
v -699.997314 247.002182 1055.752441
v -700.654114 247.002182 1074.077271
v -702.591064 247.002182 1086.566650
v -708.602295 247.002182 1106.690186
v -713.956787 247.002182 1120.642090
v -723.519104 247.002182 1136.860718
v -732.769775 247.002182 1149.847412
v -737.968384 247.002182 1156.018921
v -742.020447 247.002182 1165.905151
v -744.291321 247.002182 1180.997681
v -745.104004 247.002182 1196.090210
v -745.593750 247.002182 1210.846313
v -744.458313 247.002182 1238.267090
v -740.717957 247.002182 1267.954712
v -736.020325 247.002182 1286.937134
v -728.873596 247.002182 1295.053589
v -713.077332 247.002182 1304.369263
v -695.299622 247.002182 1314.840332
v -673.558960 247.002182 1330.254395
v -662.749817 247.002182 1342.743530
v -655.347046 247.002182 1355.978516
v -649.914673 247.002182 1377.388306
v -645.851501 247.002182 1411.550537
v -637.613892 247.002182 1435.256226
v -629.264893 247.002182 1450.319092
v -623.565369 247.002182 1465.996094
v -624.389099 247.002182 1476.891113
v -340.847229 282.392853 -354.184662
v -344.131165 281.695129 -379.240387
v -341.871368 280.930664 -401.209930
v -320.854248 273.650238 -478.791168
v -316.690918 272.125763 -494.412781
v -302.909546 278.158936 -504.110504
v -390.774048 274.458069 -258.204041
v -384.272980 274.861908 -257.048553
v -379.352661 275.505066 -256.829163
v -375.656860 276.023651 -257.180176
v -371.593689 276.591370 -258.145538
v -342.572693 280.690338 -265.912292
v -314.097168 283.324036 -273.254883
v -307.996857 283.484558 -273.883850
v -303.499542 283.524902 -273.664459
v -286.267303 283.267029 -269.715240
v -259.506104 282.357788 -260.237152
v -238.155014 283.578857 -253.728302
v -226.366272 284.813263 -252.411896
v -211.215698 286.669434 -249.120911
v -168.224106 292.093689 -226.186356
v -134.783737 295.944702 -220.452728
v -108.022530 299.054382 -218.551270
v -85.090714 300.652863 -211.852280
v -57.383293 300.671173 -193.700699
v -41.141777 300.593628 -177.465240
v -29.063614 300.788208 -159.723251
v -26.814959 300.823578 -156.432297
v -13.434357 301.627777 -129.680450
v -9.616098 301.904083 -120.129372
v -10.573445 302.089935 -112.494362
v -9.616098 302.515381 -95.293686
v -9.616098 302.041412 -75.226265
v -10.573445 301.406250 -59.941704
v -15.349051 300.796143 -45.607876
v -28.718523 300.171661 -26.491266
v -46.874733 300.183044 -4.522568
v -62.158897 299.817535 8.860470
v -78.411545 299.331909 17.460709
v -92.738365 298.571228 25.095606
v -109.937225 297.717468 30.829090
v -130.776230 296.655823 33.768959
v -250.066193 287.213409 -15.667800
v -253.595032 286.934540 -10.022051
v -254.841797 286.822693 -6.219216
v -255.776886 286.565063 -2.021474
v -255.487457 286.449951 4.896753
v -254.407654 286.480286 10.703379
v -249.921478 286.695984 25.095606
v -247.194153 286.897003 30.112404
v -241.739502 287.357727 37.922806
v -234.303360 288.070587 47.049564
v -227.869095 288.691223 53.514343
v -220.666718 289.467957 59.452576
v -212.662842 290.475525 64.688751
v -205.727646 291.064178 68.403801
v -198.102264 291.791473 70.963379
v -193.304382 292.405090 70.217445
v -186.970306 292.967285 68.871834
v -182.172440 293.233063 67.409218
v -178.354187 293.561157 63.533283
v -171.162949 293.996704 55.225609
v -166.999588 294.240051 50.164944
v -161.044006 294.697510 45.455307
v -151.982590 295.367981 38.815006
v -145.225494 295.756317 36.474812
v -130.776230 296.655823 33.768959
v -9.616098 301.904083 -120.129372
v 2.807157 302.095367 -113.445084
v 22.866930 301.601044 -107.711517
v 35.290184 301.081573 -112.494362
v 46.756092 300.436676 -123.946877
v 60.136696 299.928436 -134.463303
v 76.378212 299.010681 -146.881195
v 90.705025 298.314026 -152.614777
v 106.000328 298.029358 -153.565506
v 123.321640 297.668274 -152.512390
v 140.498230 297.340332 -149.455460
v 147.900986 297.242798 -147.232224
v 159.500473 297.198151 -142.112961
v 171.189026 297.053894 -135.794312
v 176.754990 296.562103 -128.715103
v 107.859360 292.271118 -30.337988
v 90.894272 292.697937 -26.184113
v 176.754990 296.562103 -128.715103
v 192.506699 296.241516 -154.340698
v 195.935349 296.106445 -162.004990
v -259.506104 282.357788 -260.237152
v -261.854919 281.867676 -251.036987
v -266.630524 279.408295 -229.053162
v -269.502594 278.120667 -217.585907
v -273.320831 276.554626 -205.167938
v -274.278198 275.445801 -193.700699
v -274.278198 274.127075 -178.415955
v -275.235535 273.173370 -162.165894
v -275.235535 273.082764 -150.713333
v -277.139099 272.756805 -139.246170
v -280.011139 275.220612 -113.445084
v -281.925842 278.071960 -94.328339
v -285.354462 279.234009 -72.564262
v -303.499542 283.524902 -273.664459
v -274.734589 284.064270 -284.429688
v -271.673309 284.507263 -293.176453
v -1.011101 291.561279 -291.201843
v 2.061316 291.866821 -302.508301
v 9.965000 293.891266 -331.088959
v 21.241665 295.852295 -372.365784
v 29.490438 296.941132 -404.237701
v 31.538717 297.100586 -410.615021
v 34.544346 297.143524 -422.521301
v 46.177231 297.241669 -434.149689
v 56.296173 295.824982 -459.936981
v 65.747200 292.929321 -490.873047
v 68.730560 295.035278 -508.220703
v 69.409607 295.035278 -533.203674
v 73.005226 295.035278 -546.177917
v 75.175957 295.035278 -553.915649
v 581.523804 288.286407 -645.862000
v 564.113403 288.286407 -587.675049
v 541.916321 288.286407 -513.501038
v 537.307678 288.286407 -505.470825
v 529.593262 288.286407 -495.933990
v 520.531860 288.188599 -488.679016
v 518.405640 288.331421 -482.111481
v 519.919617 288.532990 -475.149048
v 522.446533 288.729095 -468.552277
v 523.537476 288.876526 -461.867767
v 523.915955 288.997925 -451.526489
v 522.335205 288.467651 -441.901978
v 516.168091 287.998566 -437.879578
v 515.121704 287.665527 -431.224304
v 505.893341 287.075867 -426.572968
v 69.409607 294.229401 -533.203674
v 76.378212 294.229401 -507.138306
v 81.153816 291.670471 -485.153900
v 84.203972 293.065979 -466.504486
v 91.662376 294.332672 -442.165253
v 98.174568 295.295288 -424.393555
v 110.497635 296.782593 -402.189941
v 22.955984 296.704102 -425.914734
v 34.544346 297.143524 -422.521301
v 39.097313 297.294739 -421.175629
v 110.497635 296.782593 -402.189941
v 124.223328 296.445435 -397.421570
v -121.403130 295.159241 -410.922180
v -105.695953 295.600220 -406.695007
v -94.085327 295.382294 -403.564850
v -45.550030 294.393555 -390.298279
v 21.241665 295.852295 -372.365784
v -106.063301 294.578766 -362.580444
v -45.550030 294.393555 -390.298279
v -24.944792 294.863037 -391.702484
v -8.369320 295.461517 -395.066650
v 25.738972 296.816711 -404.895905
v 31.538717 297.100586 -410.615021
v -109.224777 294.286072 -348.129150
v -106.063301 294.578766 -362.580444
v -94.085327 295.382294 -403.564850
v -105.695953 295.600220 -406.695007
v -101.655052 295.777740 -421.833832
v -40.729897 294.790283 -406.417084
v -45.550030 294.393555 -390.298279
v -56.281227 293.119446 -348.450958
v -59.876846 292.801086 -334.555511
v -154.676529 292.412964 -375.715332
v -158.149689 292.141663 -361.761353
v -3.415602 292.060181 -282.016296
v -6.142930 292.050110 -282.864624
v -1.011101 291.561279 -291.201843
v 36.158478 293.368195 -281.299561
v 87.844116 296.816956 -267.477356
v 90.259750 296.910217 -266.833801
v 143.314621 296.997467 -252.441147
v 114.928146 300.000000 -364.291779
v 104.820335 300.535126 -328.163605
v 87.844116 296.816956 -267.477356
v 143.314621 296.997467 -252.441147
v 148.557770 297.528442 -263.674438
v 151.340759 297.788635 -269.598236
v 151.463211 297.820618 -270.344177
v 154.056946 298.513855 -286.755341
v 155.871460 298.897308 -298.383575
v 156.828812 299.088409 -304.541412
v 166.680573 298.485718 -340.581726
v 169.864319 297.357483 -348.904388
v 176.699341 296.560974 -350.440186
v 202.180359 295.114502 -343.375458
v 216.752090 294.241547 -339.631012
v 219.991486 294.195923 -336.339966
v 223.019379 294.244019 -331.425385
v 225.935944 294.212433 -328.426880
v 202.180359 295.114502 -343.375458
v 197.727585 295.024170 -347.573334
v 191.994629 295.003174 -353.307037
v 184.346985 295.334564 -357.124634
v 173.548996 295.692444 -362.185516
v 118.401314 298.891083 -377.426666
v 173.548996 295.692444 -362.185516
v 234.262650 293.329865 -347.734222
v 236.566956 293.079620 -356.393311
v 238.292404 293.029480 -361.658966
v 239.739563 292.954712 -366.953857
v 241.320297 292.759674 -378.304291
v 129.633453 294.731323 -409.883667
v 515.121704 287.665527 -431.224304
v 538.031250 290.158813 -393.092010
v 540.869934 290.634796 -388.367554
v 541.415405 290.730164 -387.460693
v 474.657074 286.646118 -430.024902
v 504.357117 289.555054 -375.276520
v 506.962006 290.102661 -370.478912
v 507.674438 290.283875 -369.001617
v 512.216309 291.477844 -359.581940
v 516.201538 292.513245 -352.795105
v 143.314621 296.997467 -252.441147
v 126.349525 295.834930 -191.989395
v -7.957438 293.183899 -265.312622
v -17.308275 293.638153 -261.963104
v -43.323639 296.144348 -241.061630
v 46.177231 297.241669 -434.149689
v 84.203972 293.065979 -466.504486
v 156.561630 295.153809 -512.901367
v -326.765320 282.249084 -395.812622
v -330.739441 282.569519 -384.081879
v 114.928146 300.000000 -364.291779
v 117.700005 299.061615 -375.495941
v 394.651764 289.221130 -444.871246
v 391.089539 289.343201 -433.038055
v 391.089539 289.343201 -433.038055
v 378.755341 291.680603 -389.523071
v 377.386108 292.113556 -384.696198
v 323.930481 296.752258 -334.482361
v 335.218292 296.552063 -341.020538
v 397.735321 290.905945 -374.808472
v 475.347260 286.632874 -417.372650
v 397.735321 290.905945 -374.808472
v 377.386108 292.113556 -384.696198
v 295.811188 295.521362 -407.499481
v 314.869080 288.598633 -475.163666
v 318.319977 288.129822 -487.333313
v 327.347992 288.364227 -519.278748
v 326.390656 288.364227 -524.061768
v 321.615051 288.364227 -529.795593
v 314.924744 288.364227 -538.396301
v 309.191803 288.364227 -546.031677
v 305.373535 288.364227 -558.464661
v 304.416199 288.364227 -571.833862
v 304.416199 288.364227 -580.434631
v 306.319763 288.364227 -590.936890
v 310.149139 288.364227 -600.503052
v 314.924744 288.364227 -609.103821
v 320.657684 288.364227 -616.739258
v 325.533478 288.364227 -621.873352
v 332.123596 288.364227 -625.340027
v 340.717468 288.364227 -629.157715
v 349.322479 288.364227 -632.990051
v 356.958984 288.364227 -634.891602
v 364.606628 288.364227 -634.891602
v 372.254272 288.364227 -634.891602
v 379.701569 288.364227 -640.918030
v 303.458832 289.591522 -525.977905
v 327.347992 289.591522 -519.278748
v 409.524048 289.591522 -495.422058
v 426.066132 289.591522 -490.887695
v 409.524048 289.161041 -495.422058
v 397.089661 289.161041 -452.404114
v 309.191803 285.912445 -546.031677
v 305.373535 285.912445 -534.564026
v 303.458832 285.912445 -525.977905
v 294.497620 285.646851 -494.266510
v 291.024445 286.178040 -481.979858
v 318.319977 288.129822 -487.333313
v 294.497620 285.646851 -494.266510
v -214.399429 286.861176 -414.183960
v -232.733749 285.622864 -419.829956
v -237.709732 285.380188 -421.161011
v -247.494720 284.987274 -423.823090
v -397.653564 268.800720 416.939301
v -394.915131 268.800720 427.133392
v -385.909363 268.800720 430.628906
v -367.352417 268.800720 433.685669
v -360.617584 268.800720 437.678467
v -368.320892 268.800720 443.484833
v -366.840332 268.800720 445.181396
v -353.838226 268.800720 448.764679
v -341.504028 268.800720 453.401001
v -337.340668 268.800720 456.955017
v -331.707916 268.800720 462.454224
v 41.190117 295.070923 93.370644
v 30.625898 293.568878 100.873848
v 27.976494 293.192444 102.760620
v 20.139603 292.403687 108.581810
v 13.493829 291.721191 115.485336
v 4.566005 290.438782 130.520950
v 0.135489 289.423462 136.985687
v -17.208088 285.680115 145.936829
v -31.724150 283.317383 156.131195
v -42.588932 282.233826 167.715012
v -45.460976 282.346558 177.265793
v -47.375668 282.326996 188.732574
v -50.236580 283.189270 198.297974
v -59.787792 284.708221 205.932739
v -70.296356 285.509338 213.582108
v -78.901352 286.451172 222.182175
v -86.548996 286.829010 233.648911
v -92.281952 286.040405 241.283630
v -98.014908 285.017517 244.150314
v -107.566116 283.180969 251.799667
v -117.117332 281.214294 258.483704
v -120.935585 280.357239 263.266357
v -121.636902 280.137939 265.562622
v -121.892937 279.907288 268.034393
v -119.032028 280.083618 272.817047
v -114.256416 280.614197 277.599701
v -110.427032 279.965698 286.199707
v -100.875816 278.397461 302.434387
v -91.324608 278.847778 314.851715
v -68.392792 278.587128 349.251556
v -52.151276 280.011536 376.002014
v -33.037720 283.704468 395.117798
v -24.443853 283.194977 408.500305
v -2.458255 284.474976 430.468018
v 13.783259 284.474976 441.934509
v 25.249166 284.474976 452.450317
v 56.774845 284.474976 465.818115
v 76.834618 284.474976 464.867462
v 105.499390 284.474976 464.867462
v 117.922646 284.474976 462.000854
v 128.431198 284.474976 463.916809
v 156.138626 284.474976 462.951508
v 169.752991 284.474976 458.622345
v 178.358002 284.474976 448.238159
v 181.430405 284.474976 442.958313
v 186.929596 284.474976 435.850250
v 194.176498 284.474976 432.457123
v 202.247162 284.474976 435.045837
v 208.113693 284.474976 440.252563
v 216.885666 284.474976 451.777557
v 222.206741 284.474976 458.519958
v 227.794983 284.474976 459.265869
v 230.410995 284.474976 455.975098
v 231.234756 284.474976 447.799377
v 231.902664 284.474976 443.133820
v 235.754318 284.474976 438.526764
v 249.379822 284.474976 437.810089
v 259.331787 284.474976 439.067902
v 265.064758 284.474976 438.117218
v 285.135651 284.474976 437.151947
v 301.377167 284.474976 440.018555
v 314.746643 284.474976 443.850464
v 325.255188 284.474976 450.534363
v 334.416779 284.474976 453.591125
v 336.721100 284.474976 454.351654
v 346.283447 284.474976 460.084900
v 358.706696 284.474976 465.818115
v 372.076172 284.474976 470.600677
v 384.499420 284.474976 471.551361
v 399.783600 284.474976 469.650024
v 430.363068 284.474976 465.818115
v 441.828979 284.474976 465.818115
v 453.294861 284.474976 465.818115
v 465.506622 284.474976 465.949738
v 478.163635 284.474976 470.659180
v 481.848328 284.474976 484.904480
v 479.087585 284.474976 498.301483
v 477.184021 284.474976 506.901306
v 473.354645 284.474976 517.417053
v 467.243195 284.474976 527.040588
v 462.846100 284.474976 535.567261
v 462.100250 284.474976 540.379028
v 462.846100 284.474976 546.083008
v 465.584534 284.474976 551.450500
v 469.369415 284.474976 555.779663
v 485.911469 284.474976 563.984558
v 504.924866 284.474976 571.194885
v 523.993896 284.474976 576.650146
v 545.322693 284.474976 580.862244
v 561.909302 284.474976 583.333984
v 579.241760 284.474976 586.171265
v 589.394104 284.474976 588.657593
v 599.257019 284.474976 591.260925
v 616.043945 284.474976 597.359741
v 632.040588 284.474976 604.277527
v 646.946289 284.474976 616.957703
v 663.499451 284.474976 628.248474
v 672.382751 284.474976 635.063904
v 689.871033 284.474976 642.332703
v 701.715454 284.474976 648.957947
v 714.138733 284.474976 660.731323
v 725.604614 284.474976 669.330994
v 738.016724 284.474976 676.979980
v 751.831482 284.474976 681.616211
v 764.399475 284.474976 684.760620
v 777.379333 284.474976 683.809998
v 786.752380 284.474976 687.495544
v 799.509644 284.474976 691.912354
v 809.060852 284.474976 694.047668
v 821.150146 284.474976 696.095215
v 829.744019 284.474976 692.263367
v 838.348999 284.474976 685.579651
v 846.942871 284.474976 677.930664
v 850.761108 284.474976 669.330994
v 853.499573 284.474976 663.173706
v 854.590515 284.474976 660.731323
v 858.475525 284.474976 655.510071
v 862.037781 284.474976 650.742249
v 868.037903 284.474976 650.829956
v 871.433167 284.474976 653.228516
v 872.858032 284.474976 661.462585
v 873.514832 284.474976 671.963501
v 873.114075 284.474976 681.528442
v 870.620483 284.474976 693.462646
v 867.959961 284.474976 700.863037
v 866.056396 284.474976 710.413330
v 866.056396 284.474976 716.146362
v 864.575867 284.474976 720.811829
v 384.499420 308.418335 471.551361
v 383.542084 308.418335 463.916809
v 378.766479 308.418335 459.134216
v 380.681183 308.418335 454.351654
v 380.681183 308.418335 448.618408
v 377.809113 308.418335 445.751801
v 370.161469 308.418335 440.983856
v 364.439667 308.418335 435.250610
v 367.300568 308.418335 430.468018
v 373.990875 308.418335 424.734772
v 381.627380 307.803009 419.001526
v 393.093292 309.033661 407.535004
v -417.490723 274.361328 -231.934616
v -414.707733 275.329285 -227.268723
v -412.793030 276.230896 -221.535095
v -412.793030 276.935547 -214.850739
v -413.750366 277.447205 -208.151764
v -415.665070 277.349487 -204.334213
v 334.372253 307.352478 130.082169
v 304.761261 306.865631 107.148453
v 286.605072 306.701965 89.948128
v 275.139160 307.019440 75.614502
v 264.630585 307.461548 60.330147
v 254.122040 307.804047 49.813915
v 238.826736 308.212036 38.346970
v 224.544449 308.390259 33.008396
v 224.544449 308.390259 33.008396
v 207.022766 308.310303 38.595615
v 196.792496 307.899414 42.179035
v 185.326599 307.376251 51.729946
v 173.860687 306.821411 58.414116
v 165.255692 306.068909 65.098282
v 148.513245 304.752808 80.938423
v 133.618698 304.223389 98.679932
v 119.158287 304.270203 131.223007
v 113.915138 303.979736 143.713669
v 106.534660 303.544800 166.193893
v 105.176559 303.399475 176.841644
v 114.004196 303.890656 205.523209
v -168.201843 269.720032 205.172180
v -171.218597 269.352295 207.307571
v -202.677490 264.995422 229.626770
v -214.677734 264.021240 233.502640
v -224.562897 263.290527 240.201324
v -233.190170 262.561157 245.598282
v -237.587280 261.614868 256.319061
v -241.349884 260.316223 270.886444
v -244.366638 259.665405 285.614685
v -245.891724 259.570618 294.287811
v -246.693222 259.520874 303.940857
v -250.923355 259.258057 307.187775
v -176.862503 267.379944 199.336426
v -189.374817 265.712250 199.687439
v -204.180298 265.168365 197.859192
v -222.559158 266.536377 193.427521
v -228.336639 268.030945 189.858780
v -239.357269 271.660156 182.355652
v -236.073334 271.775879 177.616821
v -234.125244 271.757141 175.832443
v -234.125244 271.757141 175.832443
v -222.737259 271.254578 172.351456
v -217.805817 271.096039 170.654831
v -211.861343 271.401917 166.427917
v -207.197067 272.144104 162.610519
v -201.063354 273.092834 157.827805
v -199.649597 273.611389 155.473022
v -202.254471 274.157227 153.542374
v -202.254471 274.157227 153.542374
v -207.397430 274.465027 152.942703
v -215.590546 275.072327 152.547806
v -232.466583 276.406830 152.357666
v -242.229309 277.193970 155.590027
v -244.622681 277.896851 151.962769
v 22.866930 301.601044 -107.711517
v 15.920593 302.044189 -98.833282
v 9.230291 302.010620 -84.499397
v -0.320920 301.335510 -67.298767
v -10.573445 301.406250 -59.941704
v -298.479034 262.533997 336.366241
v -300.772217 263.741577 349.046783
v -128.772476 294.758911 -412.809052
v -124.475548 294.901917 -430.156555
v 9.965000 293.891266 -331.088959
v -56.281227 293.119446 -348.450958
v -106.063301 294.578766 -362.580444
v -154.676529 292.412964 -375.715332
v -189.374817 289.290894 -386.407562
v -202.944656 287.723145 -390.166656
v -220.310501 286.088684 -394.291412
v -124.475548 294.901917 -430.156555
v -122.560852 294.804504 -441.199890
v -40.729897 294.790283 -406.417084
v -39.204819 294.941193 -411.975311
v -37.445972 295.134888 -418.162476
v -202.811081 287.335388 -456.748322
v -192.135529 287.980042 -454.583527
v -190.588196 287.624512 -459.951630
v -184.610336 288.270294 -458.328033
v -122.560852 294.804504 -441.199890
v -113.610764 295.289734 -439.620178
v -110.482689 295.331360 -451.555756
v -220.310501 286.088684 -394.291412
v -214.399429 286.861176 -414.183960
v -209.000443 287.423218 -434.910309
v -205.950287 287.570923 -445.997498
v -202.811081 287.335388 -456.748322
v -297.209991 279.087006 -33.351009
v -294.337952 279.698792 -21.196543
v -289.384247 280.875183 -0.193190
v -284.163361 281.900940 15.749436
v -274.289307 282.656921 43.246750
v -268.044281 282.552643 58.589630
v -261.187012 282.716583 75.468239
v -260.652679 282.667480 77.618279
v -180.691895 293.122009 -12.815673
v -168.413345 294.353180 -5.005235
v -159.429871 295.382080 3.112348
v -156.624619 295.573364 6.768915
v -153.474274 295.890045 9.767299
v -148.665268 296.046234 21.687693
v -146.539078 295.857452 32.452602
v -145.225494 295.834961 35.216957
v -145.225494 295.756317 36.474812
v -264.938477 284.065247 -41.775776
v -272.519348 282.518768 -44.920437
v -281.224518 281.079529 -45.286098
v -454.838409 272.291748 -205.284943
v -453.224274 273.058594 -198.980896
v -443.684174 274.956726 -188.259628
v -422.711609 276.943024 -170.459122
v -396.640564 276.678833 -147.934296
v -367.675232 277.651337 -120.246384
v -358.201965 278.505371 -112.040947
v -337.952942 279.417725 -89.194473
v -319.952576 277.976196 -66.552818
v -306.260284 278.078278 -43.969727
v -302.319580 278.542572 -36.641933
v -297.209991 279.087006 -33.351009
v -175.404221 268.703857 186.831207
v -186.870117 267.597961 184.915192
v -199.293381 266.492798 187.781891
v -215.434708 266.355286 190.458450
v -222.559158 266.536377 193.427521
v -231.286606 267.211121 196.674500
v -246.314728 269.064819 203.402435
v -257.569122 269.027100 213.582108
v -273.810638 265.693420 233.648911
v -293.881561 263.927216 251.799667
v -314.898682 263.485962 262.301056
v -334.012238 263.120087 267.083710
v -355.029358 262.350098 268.999695
v -372.996307 261.937256 267.478607
v 351.726959 315.483521 -113.313446
v 354.242798 315.621033 -121.723656
v 361.567627 315.129272 -146.179123
v 372.354462 312.911713 -173.954865
v 378.087433 308.863617 -194.973221
v 375.994629 307.139923 -204.070938
v 375.226501 306.510986 -207.391174
v 368.246796 306.165314 -210.199478
v 358.762360 304.948883 -216.562042
v 357.727081 304.356262 -220.452728
v 360.098206 303.714508 -223.685196
v 371.118835 302.025635 -230.267181
v 373.979736 300.727478 -236.000809
v 372.354462 299.993011 -239.876862
v 365.675293 298.507690 -249.428070
v 364.428528 298.082642 -257.019287
v 366.621521 297.605133 -262.811462
v 374.269165 295.880737 -287.647552
v 378.755341 294.918365 -309.178101
v 380.736816 294.595642 -319.241302
v -262.500580 266.487701 449.466705
v -269.001648 269.859192 420.654236
v -280.645660 264.317200 374.203064
v -313.329071 262.378784 272.115021
v -330.149445 269.395630 223.220612
v 0.770010 294.598846 -501.857941
v 18.447546 294.598846 -495.100250
v 27.341972 294.226501 -491.706787
v 25.460674 294.458923 -486.982269
v 49.138329 295.111145 -476.757996
v 49.138329 295.111145 -476.757996
v 65.747200 292.929321 -490.873047
v 49.138329 295.111145 -476.757996
v 56.296173 295.824982 -459.936981
v 270.051849 285.061707 -478.074432
v 272.534271 284.717468 -487.172424
v 241.320297 292.759674 -378.304291
v 242.333313 292.670044 -381.756226
v 242.333313 292.670044 -381.756226
v 245.862137 292.075592 -394.232910
v 266.957184 285.303558 -467.499146
v 270.051849 285.061707 -478.074432
v 245.862137 292.075592 -394.232910
v 266.957184 285.303558 -467.499146
v 496.019287 286.780609 -429.498352
v 498.690948 286.865479 -430.332062
v 501.551880 287.001221 -430.083405
v 504.034302 287.083801 -428.781616
v 505.893341 287.075867 -426.572968
v 506.739349 286.973694 -423.793854
v 506.472198 286.947510 -421.014740
v 505.069580 286.931213 -418.396515
v 502.954498 286.873657 -416.670532
v 500.204895 286.778076 -415.822174
v 497.388519 286.673340 -416.100098
v 494.917236 286.654724 -417.401886
v 493.058197 286.622009 -419.639801
v 492.234436 286.568451 -422.214142
v 492.490479 286.629395 -425.183411
v 493.714966 286.710083 -427.552948
v 496.019287 286.780609 -429.498352
v 492.490479 286.629395 -425.183411
v 474.657074 286.646118 -430.024902
v 466.586426 286.854126 -432.350586
v 397.089661 289.161041 -452.404114
v 314.869080 288.598633 -475.163666
v 291.024445 286.178040 -481.979858
v 272.534271 284.717468 -487.172424
v 157.942001 286.969269 -521.399658
v 73.005226 286.969269 -546.177917
v 63.387222 286.969269 -548.649902
v 56.374096 286.969269 -546.558228
v 50.997364 286.969269 -546.558228
v 46.511189 286.969269 -548.649902
v 42.637272 286.969269 -552.526062
v 36.314323 286.969269 -553.754761
v 390.788971 293.342163 -331.469269
v 381.226624 293.644897 -348.012146
v 404.570343 291.879700 -339.002045
v 410.292145 291.636292 -328.558533
v 429.439117 289.740509 -352.619598
v 435.160919 289.790833 -342.176056
v 440.882751 290.191742 -331.732544
v 504.357117 289.555054 -375.276520
v 521.333374 289.463013 -384.272034
v 538.031250 290.158813 -393.092010
v 497.533234 289.606262 -372.336517
v 495.852325 289.269775 -375.408173
v 488.137878 288.086700 -389.581573
v 495.852325 289.269775 -375.408173
v 435.160919 289.790833 -342.176056
v 410.292145 291.636292 -328.558533
v 400.239990 292.652344 -323.058868
v 383.931702 294.114441 -327.710175
v 390.788971 293.342163 -331.469269
v 404.570343 291.879700 -339.002045
v 429.439117 289.740509 -352.619598
v 432.567169 289.523865 -354.345551
v 425.954803 289.558929 -365.622833
v 499.548126 290.015625 -368.665192
v 497.533234 289.606262 -372.336517
v -271.083313 280.458618 99.104088
v -280.111328 279.807037 95.184280
v -291.477051 279.235168 88.529388
v -308.007996 278.452393 79.519684
v -327.054749 277.919250 65.654076
v -343.118164 277.261047 51.598312
v -346.813965 277.130859 47.005684
v -353.582184 276.725586 36.898972
v -348.238861 276.050598 16.407618
v -346.802826 276.105591 18.894079
v -345.956818 276.148743 20.795492
v -345.511536 276.222168 23.164944
v -345.711914 276.334229 26.762997
v -346.346436 276.392639 28.635155
v -348.416962 276.503601 31.940683
v -368.387695 276.240112 11.420066
v -371.515778 276.424316 13.672509
v -374.154022 276.594116 16.158972
v -374.343292 276.725708 21.190401
v -373.319153 276.893677 26.865381
v -365.593567 276.861938 35.538734
v -361.619446 276.828857 37.513275
v -357.355927 276.814758 37.849678
v -353.582184 276.725586 36.898972
v -351.834473 276.634338 35.553360
v -348.416962 276.503601 31.940683
v -308.831757 277.971222 -23.697641
v -317.125061 277.095581 -16.223598
v -350.086761 275.996277 13.877276
v -367.252228 276.759583 30.448807
v -374.154022 276.594116 16.158972
v -382.981659 276.745422 7.544106
v -392.677612 277.056641 -4.537194
v -398.354889 277.398193 -12.450015
v -404.622192 277.514099 -20.669994
v -413.583405 277.522186 -35.296310
v -417.468445 277.513794 -41.863533
v -427.019653 277.468262 -60.907043
v -449.406006 277.057861 -119.836845
v -453.847656 276.884064 -131.698898
v -455.984985 276.723206 -137.403229
v -470.612366 273.489502 -173.238159
v -476.835144 271.228333 -181.487534
v -427.019653 277.468262 -60.907043
v -378.050201 277.729431 -106.351265
v -377.003815 277.697754 -107.945541
v -372.439728 277.695740 -113.839996
v -367.675232 277.651337 -120.246384
v -352.157318 275.961273 12.092874
v -350.086761 275.996277 13.877276
v -348.238861 276.050598 16.407618
v -352.157318 275.961273 12.092874
v -353.437469 275.938721 10.952025
v -356.398590 275.910126 9.270005
v -360.951538 275.915405 8.684955
v -364.691864 276.039429 9.445520
v -368.387695 276.240112 11.420066
v -478.660767 278.865814 -76.337868
v -477.269287 278.882507 -76.762032
v -475.822113 278.892639 -76.762032
v -474.430634 278.895416 -76.337868
v -473.228394 278.908447 -75.533417
v -472.337830 278.924408 -74.465691
v -471.781219 278.934387 -73.193199
v -471.591980 278.937775 -71.803688
v -471.770111 278.934570 -70.575073
v -472.248779 278.925964 -69.404961
v -472.994598 278.912598 -68.410370
v -474.018738 278.894257 -67.605919
v -475.221008 278.872711 -67.079369
v -476.512299 278.849579 -66.903854
v -477.814758 278.826233 -67.064743
v -478.961334 278.805725 -67.532791
v -479.963196 278.787720 -68.264107
v -480.753571 278.773560 -69.229446
v -481.310181 278.763611 -70.472687
v -481.510559 278.771820 -71.818314
v -481.332428 278.795105 -73.163940
v -480.798096 278.819458 -74.421814
v -479.874146 278.844147 -75.533417
v -478.660767 278.865814 -76.337868
v -458.567596 278.608521 -71.672050
v -458.845917 278.617554 -68.381119
v -460.137207 278.659302 -64.958549
v -462.118683 278.723389 -61.492096
v -464.690186 278.806580 -59.064121
v -469.888794 278.966919 -55.539169
v -474.252533 278.841034 -54.398312
v -477.747955 278.740173 -54.559200
v -480.664520 278.656036 -54.895607
v -485.885406 278.560669 -57.221199
v -488.779724 278.541168 -59.195759
v -491.429108 278.534851 -62.033272
v -471.591980 278.937775 -71.803688
v -465.335815 278.827423 -72.476501
v -458.567596 278.608521 -71.672050
v -455.628784 278.513519 -71.335648
v -452.778992 278.421356 -70.794472
v -505.444244 277.674622 -26.535145
v -486.942932 278.670746 -29.241013
v -505.221588 278.149719 12.677923
v -492.753815 278.798279 0.947660
v -474.887054 279.482849 -15.857942
v -449.483948 278.555298 -39.771969
v -448.415253 278.497925 -40.766560
v -432.418671 277.698059 -55.817070
v -429.958496 277.593262 -58.142658
v -427.019653 277.468262 -60.907043
v -448.415253 278.497925 -40.766560
v -464.690186 278.806580 -59.064121
v -472.994598 278.912598 -68.410370
v -477.814758 278.826233 -67.064743
v -480.664520 278.656036 -54.895607
v -486.942932 278.670746 -29.241013
v -474.887054 279.482849 -15.857942
v -465.179993 279.896790 -5.912065
v -463.732819 279.889008 -4.434810
v 220.325439 295.718353 -152.614777
v 227.583466 295.769165 -148.212204
v 229.208740 295.764221 -147.217606
v 351.726959 315.483521 -113.313446
v 371.408264 317.183105 -109.934738
v 220.325439 295.718353 -152.614777
v 223.598236 295.346527 -162.838699
v 279.124390 294.618408 -333.326843
v 282.664368 295.259460 -346.944397
v -161.823242 271.280640 206.269135
v -166.799225 269.389923 199.248672
v -175.404221 268.703857 186.831207
v 224.544449 308.390259 33.008396
v 202.970734 306.713013 26.850754
v 192.183868 306.032959 29.498102
v 177.189133 304.925842 34.851303
v 163.240814 303.006165 37.103741
v 143.559525 298.824158 28.547398
v 120.349411 296.134766 27.845339
v 106.979935 294.757935 24.978596
v 98.374939 293.883972 19.245110
v 89.035233 293.045166 10.688752
v 467.499237 309.285004 -175.914825
v 541.092529 309.141052 -161.961121
v 573.174805 313.397034 -133.863617
v 595.973083 316.537628 -117.481987
v 166.591522 296.894775 -127.691254
v 162.739868 296.312500 -116.004715
v 159.233307 295.822510 -108.603729
v 159.233307 295.822510 -108.603729
v 107.859360 292.271118 -30.337988
v -569.664429 252.990356 -289.227234
v -580.351135 254.654877 -271.148651
v -607.390625 255.101517 -215.435806
v -623.888184 252.720566 -193.963989
v -643.190979 249.693542 -175.022598
v -660.334167 248.505768 -159.035812
v -666.846375 248.504227 -153.653259
v -571.490112 253.189682 -289.534393
v -472.872162 266.808655 -218.317245
v 66.003235 294.889862 -44.291504
v 84.448875 296.522705 -72.900665
v 92.519531 296.947815 -81.969032
v 101.558678 297.420135 -90.569351
v 114.393814 297.502869 -99.491470
v 126.549904 297.267517 -105.912468
v 141.043701 296.943909 -111.382759
v 152.409424 296.606628 -114.410431
v 162.739868 296.312500 -116.004715
v 173.292953 295.884827 -116.692154
v 189.300705 295.627380 -115.946205
v 206.087677 296.033813 -111.514397
v 220.325439 295.718353 -152.614777
v 205.675797 295.929749 -158.055832
v 195.935349 296.106445 -162.004990
v 190.547485 296.099152 -166.158920
v 125.102753 296.052979 -187.235764
v 73.316925 296.488586 -201.672180
v -5.742180 295.763672 -223.509689
v -18.265623 295.857056 -226.932312
v -50.381294 297.059906 -235.108582
v -54.399929 297.173950 -236.161713
v -271.673309 284.507263 -293.176453
v -328.847015 282.921143 -310.947937
v -476.835144 271.228333 -181.487534
v -469.421265 271.035431 -192.515945
v -465.948090 271.246002 -196.274979
v -454.838409 272.291748 -205.284943
v 192.506699 296.241516 -154.340698
v 197.360229 296.223145 -148.431595
v 198.696060 296.260773 -142.698013
v 197.360229 296.334229 -135.340897
v 191.883316 296.261597 -129.066132
v 185.326599 296.292053 -127.193947
v 176.754990 296.562103 -128.715103
v 570.458618 298.153351 -315.087280
v 562.232117 298.139343 -310.187347
v 529.737976 297.237305 -290.880066
v 485.722229 296.112854 -264.903076
v 479.566284 295.939514 -264.903076
v 470.337891 295.644226 -270.534332
v 460.842346 294.937775 -280.582855
v 435.416962 291.675842 -307.496002
v 429.962311 291.269501 -313.990295
v -683.544312 250.044907 -153.755646
v -682.197327 251.178345 -163.292130
v -680.995056 251.685318 -168.484543
v -660.701538 252.245438 -190.409729
v -644.927551 254.345612 -209.263382
v -644.927551 254.345612 -209.263382
v -618.645020 256.356934 -237.361084
v -593.442322 256.408142 -284.122528
v -566.981628 254.550903 -325.091980
v -567.883362 255.155151 -333.063568
v -580.217529 256.487427 -329.450775
v -608.670776 258.957214 -289.197998
v -633.684265 257.445984 -242.436523
v -644.927551 254.345612 -209.263382
v -566.981628 254.550903 -325.091980
v -562.072449 254.233414 -329.450775
v -554.469360 253.314713 -329.991943
v -546.498840 252.075485 -330.474640
v -330.672638 253.202698 -684.214722
v -328.067780 253.202698 -665.696594
v -330.973206 253.202698 -649.021484
v -339.311035 253.202698 -620.381409
v -352.903137 253.202698 -579.776367
v -355.407837 253.202698 -574.525269
v -370.113129 253.202698 -564.754333
v -377.059479 253.202698 -547.552856
v -396.406799 253.202698 -512.023743
v -438.040283 256.124084 -452.433380
v -473.250641 252.101151 -391.029633
v -502.171448 251.382843 -346.871246
v -299.814880 254.381073 -746.249268
v -309.143463 254.381073 -727.292175
v -330.672638 254.381073 -684.214722
v -390.306488 254.381073 -564.900635
v -438.151611 257.499878 -494.178772
v -458.422882 255.288300 -467.016449
v -509.462891 254.051376 -398.606354
v -546.498840 252.075485 -330.474640
v -569.664429 252.990356 -289.227234
v -664.085632 245.473175 158.208084
v -649.102051 251.967728 317.850006
v -648.890564 249.216812 350.699493
v -653.254272 247.749603 378.605408
v -656.972351 247.002182 394.825287
v -666.846375 248.504227 -153.653259
v -683.544312 248.350677 -141.001343
v -741.875732 248.427460 -71.964577
v -480.998474 265.748352 -571.175659
v -483.113556 265.748352 -578.167419
v -485.284271 265.748352 -582.701843
v -552.899719 265.748352 -560.585632
v -563.775635 265.748352 -559.503174
v -566.135620 265.748352 -560.761108
v -572.113464 265.748352 -558.406189
v -566.458435 265.748352 -543.311035
v -548.068481 265.645508 -483.852112
v -549.092590 265.851196 -483.720459
v -651.818237 273.265656 -364.277161
v -652.063171 273.571045 -369.250275
v -651.150330 273.866608 -378.786957
v -649.769958 274.010254 -384.944855
v -648.211487 274.030029 -389.011139
v -642.077759 273.795349 -399.952026
v -635.443115 273.386169 -410.805176
v -633.784485 273.554108 -414.710541
v -484.961456 256.159058 -459.512817
v -474.731201 255.629837 -462.599091
v -458.422882 255.288300 -467.016449
v -299.736969 264.708466 361.844330
v -301.718445 265.173340 368.104126
v -301.429016 265.340881 370.151733
v -300.772217 263.741577 349.046783
v -299.736969 264.708466 361.844330
v -301.429016 265.340881 370.151733
v -305.414246 265.631042 373.310883
v -310.980225 265.888855 375.943512
v -318.972961 266.239014 379.468323
v -328.713409 265.546692 382.320312
v -337.318420 264.988434 386.137634
v -347.826965 264.616364 388.053589
v -355.463501 264.673889 391.870911
v -363.111145 265.039856 396.653503
v -370.758789 265.869202 401.421478
v -380.309998 266.736053 406.204071
v -387.000305 267.438538 410.021362
v -394.325134 268.339935 414.599213
v -397.653564 268.800720 416.939301
v -423.824799 267.085358 415.856995
v -440.322327 265.186218 414.569946
v -456.630646 263.449463 414.994110
v -479.673767 260.915527 420.332458
v -495.915283 265.654785 426.270477
v -507.381195 265.654785 430.087769
v -514.071472 265.654785 431.053040
v -523.633850 265.654785 433.919678
v -529.556030 265.654785 435.499237
v -534.376160 265.654785 437.181183
v -298.479034 262.533997 336.366241
v -307.818756 262.413879 328.658478
v -316.635254 262.444244 323.934326
v -323.114044 262.284119 322.969025
v -329.392456 262.000031 323.188416
v -338.275757 261.611755 323.846588
v -338.275757 261.611755 323.846588
v -353.448608 260.180054 321.184692
v -371.371033 258.577667 319.590485
v -382.736755 257.633606 320.570404
v -393.100616 257.650024 322.047607
v -414.017548 257.534698 326.640106
v -439.554230 256.373230 329.755402
v -333.388824 272.734100 205.698715
v -340.067993 273.573395 199.190155
v -340.591217 273.617432 198.766006
v -343.730408 274.039642 195.899323
v -367.419220 276.378387 177.280426
v -359.882874 264.480377 252.501709
v -357.623077 264.494354 252.677216
v -342.260986 264.443665 255.485382
v -325.841370 264.787415 253.101364
v -312.705688 265.325745 247.119370
v -299.269409 266.412689 235.784286
v -293.892670 269.967468 219.359360
v -284.040894 274.695740 197.259537
v -263.135101 277.111572 170.976608
v -249.108856 277.656555 157.857056
v -244.622681 277.896851 151.962769
v -233.579788 278.286682 142.031677
v -206.106125 283.117554 123.515060
v -197.835098 286.043457 115.148933
v -188.662369 288.944153 105.875977
v -372.996307 261.937256 267.478607
v -384.272980 261.785156 266.542572
v -397.542267 262.227356 265.694244
v -168.201843 269.720032 205.172180
v -160.131180 270.653320 196.572113
v -148.709808 273.201599 191.964920
v -136.130707 276.790497 187.708755
v -128.371735 279.207916 183.832870
v -121.147095 280.423157 183.057693
v -114.634903 281.511169 178.128723
v -108.590256 282.216797 172.775604
v -102.523346 282.811279 166.632675
v -85.435806 283.745026 152.562439
v -75.929115 283.940857 150.266144
v -66.166397 284.198395 148.686523
v 17.746233 291.468933 18.937958
v 25.071054 290.650208 25.037102
v 31.260420 290.652466 30.200161
v 43.282925 291.876831 43.992687
v 50.808121 292.792358 48.731575
v 59.680286 293.893066 53.997009
v 63.932690 294.541992 57.010002
v 50.808121 292.792358 48.731575
v 43.472168 292.951324 62.699589
v 224.544449 308.390259 33.008396
v 217.542450 308.887482 39.648701
v 211.887421 308.868835 47.854004
v 210.529327 309.255188 59.306316
v 209.828018 309.376282 64.805756
v -244.622681 277.896851 151.962769
v -261.632294 280.241760 126.849808
v -261.632294 280.241760 126.849808
v -263.981140 280.161041 125.255562
v -130.776230 296.655823 33.768959
v -133.826385 296.967285 27.011642
v -138.601990 297.217163 11.727217
v -144.735703 296.959351 -0.705109
v -151.325806 296.334778 -6.555621
v -157.915924 295.570343 -10.724113
v -164.606232 294.773651 -12.771793
v -172.042374 293.944305 -14.073534
v -180.691895 293.122009 -12.815673
v -192.714401 292.093018 -9.129848
v -202.499374 291.724518 -4.888225
v -209.646088 291.417145 -2.021474
v -216.147156 290.923584 -0.280947
v -221.468216 290.442139 -0.558846
v -229.716995 289.831543 -2.284747
v -235.761642 289.292908 -4.917477
v -241.795166 288.505615 -8.340028
v -250.066193 287.213409 -15.667800
v -257.079315 285.793884 -35.091541
v -264.938477 284.065247 -41.775776
v -670.364075 275.868164 -360.971497
v -674.883667 276.118347 -350.352448
v -676.119263 276.321106 -347.456329
v -683.989563 276.726074 -328.968079
v -710.093994 276.258423 -263.528168
v -714.090393 276.258423 -258.642853
v -724.153625 276.258423 -251.505051
v -759.397400 276.258423 -245.405731
v -775.349487 276.258423 -248.491959
v -802.544861 276.258423 -266.804535
v -392.933624 263.390503 257.957153
v -386.076355 265.451538 244.530594
v -384.729401 266.091919 240.610840
v -381.957520 267.390686 232.522705
v -382.013184 267.797272 229.875412
v -385.675598 269.358917 219.768890
v -394.937378 271.366577 208.024246
v -407.438568 273.407776 197.142517
v -414.117737 274.149841 191.409134
v -439.554230 256.373230 329.755402
v -456.697449 254.857956 328.950989
v -472.894409 253.521225 326.698608
v -489.191589 252.881775 322.603394
v -505.221588 252.804459 317.806122
v -521.006714 253.061935 310.888123
v -531.604309 252.990067 307.772827
v -542.046082 252.013626 308.840515
v -550.673340 250.755798 312.657837
v -558.476868 249.086517 321.404083
v -561.794189 247.518097 335.137695
v -559.011169 246.166183 352.600861
v -558.131775 245.410187 363.789551
v -558.911011 244.608032 376.309143
v -561.526978 243.426819 394.605896
v -561.493591 243.359726 410.547882
v -557.051941 244.072906 421.166107
v -544.662109 249.582855 431.696594
v -534.376160 249.582855 437.181183
v 797.361145 316.569458 -268.603607
v 733.341309 316.569458 -320.206665
v 725.704773 316.569458 -322.122772
v 696.082703 316.569458 -305.872437
v 658.824036 312.577209 -267.652893
v 658.824036 312.923950 -259.052399
v 684.616760 316.503693 -233.251007
v 724.201965 316.569458 -192.369690
v 752.332397 316.569458 -165.442230
v 755.616333 316.569458 -159.328339
v 754.692383 316.569458 -153.609375
v 661.985535 324.272919 -57.528351
v -472.872162 266.808655 -218.317245
v -467.161469 268.495148 -214.192535
v -454.838409 272.291748 -205.284943
v -574.206299 270.700928 -474.929626
v -578.035706 270.983948 -470.600067
v -589.034058 271.866241 -459.161774
v -608.526062 272.908325 -440.995087
v -611.264526 272.835571 -437.806427
v -614.348083 272.196045 -430.551483
v -615.995605 271.896545 -426.850861
v -618.856567 271.797760 -422.930847
v -621.071777 272.026062 -420.926971
v -624.166504 272.320923 -418.762207
v -629.164734 272.875000 -415.851440
v -631.747314 273.246552 -414.988464
v -633.784485 273.554108 -414.710541
v -636.990479 274.044189 -414.549652
v -640.975708 274.729919 -415.237122
v -645.873779 275.407196 -416.158600
v -650.181824 276.061005 -418.630554
v -653.532532 276.472412 -421.307281
v -655.959351 276.756958 -422.916229
v -659.243225 277.083130 -423.281891
v -671.955933 277.289246 -419.361908
v -688.030457 273.669159 -413.789062
v -696.457336 273.669159 -410.585754
v -698.861877 273.669159 -409.166962
v -701.121643 273.669159 -407.411713
v -706.910278 273.669159 -401.458588
v -589.034058 271.866241 -459.161774
v -587.742737 271.470764 -458.635193
v -584.336365 270.460846 -457.304138
v -584.336365 270.460846 -457.304138
v -554.358032 262.864746 -446.816620
v -549.092590 265.851196 -483.720459
v -574.206299 270.700928 -474.929626
v -484.961456 256.159058 -459.512817
v -512.791321 258.213257 -451.526489
v -531.715637 261.341675 -463.710754
v -342.405701 269.120239 223.513138
v -367.140900 272.769897 198.839142
v -288.927826 279.330536 103.682060
v -280.111328 279.807037 95.184280
v -278.597382 279.948334 89.363083
v -279.499084 280.012970 83.922157
v -295.473419 280.081543 45.089653
v -309.722321 278.280823 5.379419
v -317.125061 277.095581 -16.223598
v -323.203094 276.880219 -33.848305
v -332.075256 277.679932 -52.570019
v -346.034729 278.906738 -73.237076
v -360.528534 279.306793 -90.993523
v -377.003815 277.697754 -107.945541
v -406.214050 275.549805 -135.223877
v -450.073914 275.015839 -176.558380
v -460.415497 273.457703 -185.085663
v -469.421265 271.035431 -192.515945
v -328.613220 280.170105 141.051727
v -339.166321 280.584473 129.263107
v -309.722321 278.280823 5.379419
v -300.126587 279.359436 2.541923
v -298.946594 279.492065 2.190893
v -289.384247 280.875183 -0.193190
v -492.753815 278.798279 0.947660
v -496.816986 278.406494 -3.220829
v -501.347687 278.002075 -11.557812
v -504.063873 277.799194 -20.260458
v -505.444244 277.674622 -26.535145
v -504.787445 277.709656 -36.027626
v -502.794830 277.776367 -45.637131
v -497.540558 278.126587 -55.612301
v -491.429108 278.534851 -62.033272
v -484.850128 278.700134 -66.845345
v -480.753571 278.773560 -69.229446
v -497.540558 278.126587 -55.612301
v -500.356934 278.047028 -60.307362
v -502.360687 277.997528 -66.625954
v -502.928436 278.044617 -71.832939
v -502.616730 278.086670 -75.138504
v -501.180695 278.201111 -79.994469
v -499.310547 278.314636 -83.387787
v -493.811340 278.651764 -89.545509
v -487.388214 278.811188 -93.670151
v -481.310181 278.779541 -95.790985
v -473.350830 278.794006 -96.361412
v -465.179993 278.678040 -94.372223
v -459.647400 278.544006 -91.139786
v -455.305939 278.432190 -86.064423
v -453.124084 278.432526 -78.444069
v -452.778992 278.421356 -70.794472
v -446.088684 278.173981 -67.693680
v -439.476318 277.926453 -63.042492
v -434.255432 277.740906 -57.499100
v -432.418671 277.698059 -55.817070
v -466.315430 278.188965 -112.889282
v -463.643768 278.058929 -111.923935
v -461.139099 278.021606 -109.963989
v -459.424774 278.024597 -108.018677
v -458.467407 278.068176 -104.830116
v -458.177979 278.073669 -104.084167
v -457.665924 278.269043 -97.809433
v -459.647400 278.544006 -91.139786
v -461.250397 278.626343 -86.722610
v -463.777344 278.737976 -82.861237
v -466.493561 278.852173 -80.213860
v -469.432373 278.959930 -78.166168
v -473.228394 278.908447 -75.533417
v -503.485016 277.815582 -95.688599
v -498.353180 278.009827 -98.540749
v -495.503418 278.066742 -101.012619
v -493.822479 278.057220 -103.221207
v -491.852142 278.051086 -105.722328
v -490.238007 277.971924 -108.647614
v -488.991211 277.846741 -111.836174
v -488.145203 277.698792 -115.097870
v -480.798096 278.819458 -74.421814
v -485.840881 278.796631 -75.182381
v -491.918915 278.760437 -77.537231
v -496.304901 278.504578 -80.360123
v -499.310547 278.314636 -83.387787
v -502.171448 278.091553 -89.516251
v -503.485016 277.815582 -95.688599
v -502.995209 277.399628 -102.694656
v -500.223358 277.105408 -110.315025
v -497.106415 277.127808 -114.308044
v -493.421722 277.352173 -115.580544
v -490.516296 277.558594 -115.624428
v -488.145203 277.698792 -115.097870
v -483.948456 278.088806 -110.709938
v -483.469788 278.092957 -111.017097
v -482.300934 278.103668 -111.748421
v -480.386230 278.141174 -112.157959
v -478.449280 278.195190 -111.938560
v -476.701538 278.260712 -111.075600
v -475.332306 278.330170 -109.686089
v -474.553070 278.390778 -108.062553
v -474.297058 278.483765 -106.292755
v -474.608734 278.577545 -104.522957
v -475.432495 278.620056 -102.928680
v -476.712677 278.647644 -101.656181
v -478.460388 278.662781 -100.807846
v -480.397369 278.659485 -100.573822
v -482.300934 278.587555 -100.997986
v -483.959595 278.486481 -102.036469
v -484.727692 278.412720 -102.987183
v -485.172974 278.368835 -103.557617
v -485.818604 278.246948 -105.400543
v -485.818604 278.135315 -107.345856
v -485.172974 278.096741 -109.188789
v -483.948456 278.088806 -110.709938
v -475.332306 278.330170 -109.686089
v -473.562347 278.338440 -111.104851
v -471.425018 278.366302 -112.114075
v -468.575226 278.318909 -112.918533
v -466.315430 278.188965 -112.889282
v -466.883179 278.418457 -106.424393
v -470.066895 278.658081 -102.197357
v -472.426880 278.708405 -99.871758
v -473.963104 278.713562 -99.447586
v -475.042877 278.702637 -99.725487
v -476.712677 278.647644 -101.656181
v -480.074524 278.338501 -106.307381
v -483.469788 278.092957 -111.017097
v -486.219360 277.855225 -113.927757
v -488.145203 277.698792 -115.097870
v -471.425018 278.366302 -112.114075
v -468.953705 278.452728 -108.501350
v -466.883179 278.418457 -106.424393
v -463.343201 278.299683 -104.625343
v -460.805115 278.195251 -104.098793
v -458.177979 278.073669 -104.084167
v 140.854462 268.108795 518.367676
v 121.752029 268.108795 519.333008
v 106.456734 268.108795 519.333008
v 86.396965 268.108795 519.333008
v 71.101662 268.108795 518.367676
v 53.913937 268.108795 516.466370
v 35.757725 268.108795 508.817230
v 18.558865 268.108795 499.266785
v 0.402656 268.108795 488.751007
v -19.657116 268.108795 475.383240
v -35.909763 268.108795 460.084900
v -48.321884 268.108795 449.583710
v -66.478096 268.108795 433.334656
v -87.495216 268.279388 414.233551
v -131.455276 267.634277 367.402100
v -168.713913 268.835266 325.367676
v -186.870117 266.529541 297.666382
v -193.560425 265.093170 280.466370
v -193.560425 265.391846 263.690521
v -192.892502 265.630371 258.644592
v -188.773682 266.807556 247.016998
v -174.446869 271.277069 232.683594
v -164.895660 272.437653 220.266174
v -161.823242 271.280640 206.269135
v 82.066635 264.849335 545.146973
v 39.063915 264.849335 534.397217
v -1.946185 264.849335 517.036804
v -15.326788 264.849335 510.352905
v -27.738911 264.849335 503.654419
v -40.162167 264.849335 495.069244
v -49.724510 264.849335 483.602814
v -60.233070 264.849335 474.037689
v -72.645195 264.849335 465.437866
v -84.111099 264.849335 458.753967
v -94.630791 264.849335 453.020721
v -101.309959 264.849335 447.287506
v -113.733215 264.849335 439.638306
v -125.199127 264.849335 433.919678
v -134.750336 264.849335 430.087769
v -146.216248 264.849335 427.221130
v -158.639496 264.849335 423.403839
v -169.148056 269.962097 417.670593
v -179.656616 269.914368 412.888000
v -193.037216 268.744934 406.204071
v -203.545776 266.581604 398.554840
v -212.150772 264.854614 392.821564
v -221.701996 263.871948 386.137634
v -232.210556 262.718201 379.453674
v -240.815552 262.048279 374.671082
v -249.409409 261.448730 371.804443
v -258.815918 261.480103 368.893921
v -267.443176 262.328491 367.679993
v -282.326599 263.747253 367.431335
v -301.429016 265.340881 370.151733
v 166.591522 296.894775 -127.691254
v 154.947510 297.248535 -127.062309
v 136.089981 297.823914 -121.986931
v 111.800072 298.219269 -111.470512
v 92.230103 298.197388 -98.058075
v 73.372581 297.935608 -77.756630
v 35.668671 295.169159 -31.347204
v -9.282140 292.801056 30.287918
v -23.419714 293.091431 45.148155
v -41.909882 293.793762 57.112385
v -67.658081 294.051666 66.897301
v -146.327560 290.903412 87.929718
v -173.155563 291.004822 91.556999
v -188.740295 290.927124 90.109016
v -188.740295 290.927124 90.109016
v -202.410324 289.759796 87.622566
v -211.505127 289.056122 84.521828
v -217.995056 288.542664 81.757484
v -228.147385 287.627136 75.804642
v -238.132751 286.657715 68.403801
v -246.503967 285.741150 60.096130
v -252.904846 285.218536 51.671444
v -258.571014 284.827667 43.144367
v -263.435669 284.665161 33.447186
v -270.148224 283.997772 14.403821
v -274.979492 283.024048 -3.367092
v -277.762482 282.299469 -16.048084
v -279.176239 281.835907 -26.886177
v -281.224518 281.079529 -45.286098
v 198.696060 296.260773 -142.698013
v 205.675797 295.929749 -158.055832
v 211.920822 295.809570 -175.958694
v 114.004196 303.890656 205.523209
v 102.616211 303.079529 219.330109
v 92.196709 302.405609 239.879547
v 68.196228 301.627441 275.903107
v 25.694445 297.997406 311.005127
v 40.522202 292.108429 364.842590
v 72.292786 293.700684 378.400635
v 94.935165 296.849213 367.226593
v 130.345901 300.609894 360.089233
v 161.827057 302.454620 347.554962
v 177.077820 302.940216 329.111877
v 206.087677 304.315308 308.942871
v 224.778229 306.253296 284.605499
v 240.028992 309.194183 250.176193
v 245.928925 309.786133 238.855728
v 256.749176 309.959747 236.149933
v 270.274506 309.858765 244.764603
v 278.634583 310.041595 252.136063
v 287.506744 310.255341 260.823853
v 113.737030 293.452209 6.213117
v 118.601692 293.838074 7.017561
v 124.145401 294.100677 6.622652
v 132.973038 294.305237 4.384833
v 142.769150 295.039062 4.077682
v 149.481720 295.247253 1.854489
v 155.170151 295.116577 -2.109232
v 156.372391 294.255829 -8.120633
v 156.116364 293.785400 -13.503108
v 153.945633 293.319763 -16.896410
v 152.520737 293.090607 -18.666191
v 147.544754 292.519104 -24.867746
v 138.539017 292.057800 -29.094749
v 130.178925 291.952637 -30.703646
v 121.674110 291.982208 -29.650551
v 112.223083 292.124512 -24.531340
v 106.356544 292.116394 -17.890997
v 103.395447 292.110107 -7.199177
v 103.618088 292.285706 -3.981395
v 105.465988 292.576355 -0.675857
v 108.326904 292.982361 3.097722
v 113.737030 293.452209 6.213117
v 192.506699 296.241516 -154.340698
v 181.029663 296.424072 -154.633240
v 167.548874 296.586853 -154.311447
v 155.392776 296.872131 -151.166748
v 140.498230 297.340332 -149.455460
v -518.746948 273.926575 -125.585037
v -516.732056 275.425781 -111.529022
v -514.650391 277.082275 -92.587799
v -519.092041 276.841095 -26.432760
v -524.067993 276.571777 3.112348
v -372.996307 261.937256 267.478607
v -376.302490 262.648621 261.964661
v -372.851593 263.861938 254.797974
v -359.882874 264.480377 252.501709
v -493.744568 262.155212 -565.909851
v -484.627502 262.155212 -541.716675
v -546.354126 262.155212 -519.746826
v -538.739929 262.155212 -496.826263
v -475.109680 262.155212 -517.845276
v -467.784851 262.155212 -495.290405
v -529.633972 261.693604 -474.052032
v -532.851074 262.616821 -483.822845
v 161.314987 293.826569 -535.470886
v 157.942001 293.826569 -521.399658
v 156.561630 293.826569 -512.901367
v 141.923126 287.766968 -481.716553
v 134.776413 289.329407 -458.708344
v 132.561157 291.264648 -439.532410
v 131.670593 293.122162 -423.223389
v 129.633453 294.731323 -409.883667
v 124.223328 296.445435 -397.421570
v 118.401314 298.891083 -377.426666
v 117.700005 299.061615 -375.495941
v -341.615356 268.730377 225.721649
v -342.405701 269.120239 223.513138
v -344.676636 270.698608 214.532806
v -346.613586 271.936523 207.117432
v -273.131592 264.494141 451.558167
v -279.621521 264.494141 424.924927
v -295.584747 264.729340 365.383728
v -309.800232 261.782410 317.703735
v -325.897034 262.734467 271.135071
v -341.615356 268.730377 225.721649
v -371.237457 272.718689 198.883011
v -370.268982 272.647034 199.409546
v -369.178040 272.629578 199.585068
v -368.098267 272.673279 199.380295
v -367.140900 272.769897 198.839142
v -366.439606 272.904114 198.049332
v -366.027710 273.066040 197.069397
v -365.949799 273.236389 196.016327
v -366.205811 273.391205 194.992508
v -366.784698 273.519531 194.100327
v -367.608459 273.608276 193.442154
v -368.599182 273.652710 193.091125
v -369.656738 273.641968 193.061874
v -370.669739 273.573914 193.369019
v -371.526886 273.466675 193.983307
v -372.161407 273.317963 194.890121
v -372.473114 273.151642 195.943192
v -372.406311 272.984192 197.040146
v -371.983307 272.833313 198.063965
v -371.237457 272.718689 198.883011
v -371.526886 273.466675 193.983307
v -378.473236 274.650574 186.348541
v -279.309814 279.605713 112.794128
v -281.569611 279.571777 110.644096
v -288.927826 279.330536 103.682060
v -251.713730 281.117065 117.649994
v -264.660187 280.705261 106.080750
v -271.083313 280.458618 99.104088
v -340.246124 276.327637 182.355652
v -336.182953 277.003235 178.655273
v -321.165955 279.663025 155.399887
v -309.243652 279.736450 140.364304
v -297.109802 279.384033 128.341675
v -286.267303 279.454468 116.406776
v -281.569611 279.571777 110.644096
v -346.613586 271.936523 207.117432
v -343.730408 274.039642 195.899323
v -340.246124 276.327637 182.355652
v -251.713730 281.117065 117.649994
v -241.082718 282.333130 113.993469
v -231.954514 283.108337 112.369972
v -212.774170 284.791443 113.686325
v -197.835098 286.043457 115.148933
v -321.622375 269.798889 221.962784
v -323.147430 272.049133 211.417465
v -323.047241 274.486206 199.438797
v -317.358826 276.933044 183.818253
v -305.803864 278.698730 166.983704
v -294.137573 279.775726 151.875015
v -281.859039 279.721161 140.101028
v -269.391266 279.936218 129.760406
v -263.981140 280.161041 125.255562
v -255.999527 280.577942 120.428955
v -251.713730 281.117065 117.649994
v -253.505966 264.820557 445.693298
v -257.480072 264.820557 435.294495
v -263.057190 267.466248 411.908081
v -270.148224 263.890991 380.565247
v -280.556610 261.689331 342.991730
v -298.846405 260.873962 288.715363
v -306.861389 262.776123 264.670441
v -317.481293 267.248352 234.307068
v -321.622375 269.798889 221.962784
v -469.421265 271.035431 -192.515945
v -483.948456 266.571655 -204.056320
v -659.232117 273.299500 -335.345367
v -665.822205 274.730133 -339.689514
v -676.119263 276.321106 -347.456329
v -713.990173 274.783569 -372.892365
v -742.076111 274.783569 -387.767853
v -799.127319 274.783569 -408.728149
v -820.934814 274.783569 -416.143982
v -835.517639 274.783569 -420.444275
v -836.430481 274.783569 -420.707581
v -858.048706 274.783569 -425.300415
v -871.440491 274.783569 -426.660706
v -884.598450 274.783569 -423.164886
v -897.166382 274.783569 -415.485779
v -911.493225 274.783569 -400.112915
v -925.118713 274.783569 -376.709961
v -932.822021 274.783569 -361.351776
v -946.725830 274.783569 -337.729523
v -483.948456 266.571655 -204.056320
v -489.391968 264.657532 -210.199478
v -512.190186 259.309875 -226.595901
v -635.298401 266.657166 -317.412933
v -659.232117 273.299500 -335.345367
v -641.766113 271.109314 -356.378662
v -651.818237 273.265656 -364.277161
v -679.436584 276.713623 -385.559204
v -702.602173 273.696198 -399.308441
v -706.910278 273.696198 -401.458588
v -734.851440 273.696198 -415.368744
v -754.421387 273.696198 -423.252655
v -778.165833 273.696198 -431.238953
v -825.777222 273.696198 -445.675720
v -462.152100 267.637634 -227.780655
v -472.404602 265.213684 -231.861481
v -488.122925 261.158417 -243.270248
v -509.195709 256.920349 -258.701355
v -524.223816 254.673950 -268.545105
v -600.600159 259.302551 -325.472290
v -641.766113 271.109314 -356.378662
v 66.003235 294.889862 -44.291504
v 42.047279 293.012878 -13.810261
v 17.746233 291.468933 18.937958
v 14.317593 291.371826 23.559851
v -0.832990 291.310913 43.714787
v -11.820224 291.536011 54.713692
v -25.501389 291.795105 64.966644
v -37.100880 292.103851 71.446045
v -49.936016 292.365692 77.062485
v -69.839943 292.048615 83.658882
v -129.329071 287.924805 100.025528
v -153.630127 288.357239 105.159302
v -164.261139 288.705383 106.621910
v -176.105530 288.852234 106.987564
v -188.662369 288.944153 105.875977
v -188.662369 288.944153 105.875977
v -213.019073 287.528076 95.476807
v -233.846954 285.830261 86.437851
v -248.852814 284.551697 75.833893
v -259.550629 283.391724 68.155151
v -268.044281 282.552643 58.589630
v 706.123718 320.251038 -21.986362
v 702.272034 320.251038 -17.174309
v 694.646667 320.251038 -15.419153
v 687.221680 325.485535 -15.155880
v 617.101501 325.546631 -37.797413
v 603.108643 325.326202 -45.973534
v 528.480042 322.750061 -67.284142
v 524.650696 322.099243 -71.613548
v 523.481812 321.133057 -77.288582
v 529.314941 317.886963 -97.443771
v 533.311340 317.174164 -102.270485
v 539.801270 316.681702 -105.605316
v 547.471191 316.662018 -106.599915
v 570.247131 317.507263 -104.639969
v 589.527649 318.779297 -101.305145
v 594.314392 318.760376 -103.045692
v 601.973206 317.722229 -112.040947
v 233.895294 293.080322 -362.638947
v 132.928513 296.709839 -389.991119
v -121.636902 280.137939 265.562622
v -126.022888 279.449982 263.163971
v -130.709442 278.638367 262.578949
v -134.004501 277.907837 265.401733
v -133.770721 277.617401 269.526245
v -119.521828 275.992126 300.123505
v -102.801643 272.539276 336.322388
v -102.501083 272.111603 340.271332
v -104.003891 271.530029 342.216553
v -107.799889 271.387878 340.797852
v -112.274933 271.626648 335.430206
v -119.510696 272.281769 323.788086
v -136.843140 272.118195 315.495239
v -155.934433 271.255798 302.595276
v -175.059128 268.808655 287.720795
v -193.560425 265.391846 263.690521
v -688.475769 248.068268 -145.433167
v -683.544312 248.350677 -141.001343
v -679.848511 247.785858 -138.280823
v -486.275024 264.646545 240.391449
v -482.790710 265.528259 236.822723
v -478.015106 266.690918 228.646835
v -481.788849 267.241211 218.701202
v -500.891266 266.939026 206.824921
v -524.056885 266.675201 193.017990
v -530.680359 266.177185 193.442154
v 375.994629 307.139923 -204.070938
v 388.061646 305.465210 -210.404251
v 401.264130 302.749817 -221.769119
v 409.390472 300.348175 -233.133987
v 415.457367 296.854126 -251.329529
v -285.833160 280.507111 -42.126808
v -297.209991 279.087006 -33.351009
v -307.462524 278.100159 -24.838493
v -308.831757 277.971222 -23.697641
v -281.224518 281.079529 -45.286098
v -285.833160 280.507111 -42.126808
v -422.099335 276.613922 -209.204865
v -415.665070 277.349487 -204.334213
v -376.035339 278.814941 -177.114197
v -350.042236 277.551453 -160.220566
v -329.270020 275.764832 -145.608688
v -317.169586 274.203003 -135.735809
v -303.766724 274.338013 -119.646698
v -295.373230 276.577606 -102.285118
v -290.130096 278.325256 -87.015137
v -285.354462 279.234009 -72.564262
v -386.276733 273.417725 193.603043
v -378.473236 274.650574 186.348541
v -367.419220 276.378387 177.280426
v -366.139038 276.608154 176.081085
v -357.378174 278.190063 167.905151
v -356.543304 278.341278 167.129959
v -346.758301 279.773376 157.857056
v -337.975189 280.665039 149.534836
v -328.613220 280.170105 141.051727
v -317.592590 279.577789 130.667221
v -297.143219 279.038757 111.419273
v -288.927826 279.330536 103.682060
v -453.535950 269.463898 -227.561249
v -462.152100 267.637634 -227.780655
v -422.099335 276.613922 -209.204865
v -441.413269 272.623108 -220.950027
v -453.535950 269.463898 -227.561249
v -460.415497 273.457703 -185.085663
v -470.612366 273.489502 -173.238159
v -475.109680 273.432129 -167.533813
v -410.644562 262.620972 265.343231
v -421.598389 262.884033 265.884399
v -439.242554 263.636353 261.598999
v -455.539703 264.134827 255.719406
v -472.371216 264.378357 249.313263
v -482.523560 264.572693 243.111877
v -486.275024 264.646545 240.391449
v -494.033997 263.971527 240.713226
v -502.037872 263.954712 237.554031
v -514.861877 264.218781 227.403625
v -521.641235 264.363434 222.196793
v -527.964172 264.588318 215.907639
v -530.101501 265.066223 207.892609
v -531.236938 265.636932 199.979965
v -530.680359 266.177185 193.442154
v -518.746948 273.926575 -125.585037
v -496.661133 271.398499 -158.421494
v -476.835144 271.228333 -181.487534
v 233.895294 293.080322 -362.638947
v 238.292404 293.029480 -361.658966
v 268.860748 294.737976 -352.941376
v 282.664368 295.259460 -346.944397
v -676.787231 247.000015 -107.067955
v -717.374268 246.096649 -64.388115
v -678.234375 245.193298 23.515972
v -666.846375 248.504227 -153.653259
v -654.334045 247.820297 -138.661102
v -660.222839 247.343002 -130.382523
v -676.787231 247.000015 -107.067955
v -677.132263 247.444824 -75.635803
v -677.833618 247.772446 -12.420763
v -678.234375 245.193298 23.515972
v -677.833618 247.772446 -12.420763
v -697.158691 247.608643 -61.184944
v -677.132263 247.444824 -75.635803
v -679.848511 247.785858 -138.280823
v -674.126648 247.343506 -132.532608
v -660.222839 247.343002 -130.382523
v -725.923645 245.396118 18.996464
v -704.494629 245.396118 66.326881
v -686.883850 245.396118 108.494057
v -676.197205 245.448364 135.406067
v -669.506897 245.266800 155.312134
v -664.085632 245.473175 158.208084
v -657.584595 273.145020 -337.553986
v -674.883667 276.118347 -350.352448
v -688.197449 274.631683 -360.196259
v -727.604553 274.631683 -385.193512
v -751.894470 274.631683 -396.061279
v -783.386719 274.631683 -406.943665
v -829.573181 274.631683 -423.896240
v -834.204102 274.631683 -424.949371
v -848.074524 274.631683 -428.123413
v -857.458740 274.631683 -429.586090
v -866.152771 274.631683 -430.946411
v -881.125244 274.631683 -428.547577
v -896.520752 274.631683 -420.780701
v -911.771545 274.631683 -406.241577
v -921.656677 274.631683 -391.965759
v -932.109558 274.631683 -376.154144
v -939.300842 274.631683 -364.321045
v -410.644562 262.620972 265.343231
v -397.542267 262.227356 265.694244
v -392.933624 263.390503 257.957153
v -43.323639 296.144348 -241.061630
v -62.247952 296.595062 -245.098572
v -104.560493 295.673950 -256.726776
v -148.386978 292.152344 -268.267212
v -187.382187 288.835999 -278.593628
v -211.516266 286.229431 -285.307281
v -253.082962 284.088593 -298.354309
v -293.202515 284.369263 -309.221985
v -317.414490 283.779968 -315.482208
v -326.631744 283.125732 -317.398315
v -346.313019 281.474670 -319.270538
v -356.821594 280.220001 -316.637726
v -405.969147 272.385559 -271.894623
v -445.042297 269.645691 -236.556625
v -453.535950 269.463898 -227.561249
v 239.739563 292.954712 -366.953857
v 294.453094 296.018433 -352.093018
v 324.320099 296.775604 -343.975159
v 335.218292 296.552063 -341.020538
v 383.931702 294.114441 -327.710175
v 400.239990 292.652344 -323.058868
v 407.976715 292.008301 -321.654694
v 417.305267 291.466339 -320.908752
v 424.785950 291.072693 -322.400665
v 440.882751 290.191742 -331.732544
v 501.295837 290.398590 -365.461914
v 378.755341 294.918365 -309.178101
v 335.863953 297.157349 -320.352936
v 306.820679 296.188477 -329.246002
v 295.811188 295.535950 -332.185974
v 290.378784 295.182648 -330.752533
v 286.983551 294.907288 -327.286011
v 284.723755 294.677307 -321.259766
v 271.821838 294.384766 -283.391205
v 260.278015 296.163971 -248.462708
v 249.947556 296.659424 -217.234863
v 242.032745 295.419067 -194.388153
v 229.932312 295.279510 -156.227524
v 229.932312 295.279510 -156.227524
v 232.982468 295.409485 -153.755646
v 261.302155 299.322937 -146.500900
v 311.562897 308.704651 -132.854401
v 354.242798 315.621033 -121.723656
v 595.973083 316.537628 -117.481987
v 602.251465 315.885315 -123.654350
v 648.504761 316.597473 -156.476166
v 581.523804 290.730164 -645.862000
v 590.106506 290.730164 -641.722534
v 706.379761 290.730164 -489.337219
v 711.411377 290.730164 -482.740448
v 541.415405 290.730164 -387.460693
v -202.944656 287.723145 -390.166656
v -202.766541 287.708832 -376.402802
v -206.707260 287.254333 -373.389648
v -206.840836 287.275269 -369.235657
v -204.158035 287.680420 -364.803711
v -198.380554 288.366089 -367.056244
v -196.476990 288.534058 -372.131744
v -197.434341 288.369507 -375.393524
v -202.766541 287.708832 -376.402802
v -197.434341 288.369507 -375.393524
v -189.374817 289.290894 -386.407562
v -232.099228 285.165039 -397.743378
v -242.028931 284.654572 -397.597107
v -220.310501 286.088684 -394.291412
v -232.099228 285.165039 -397.743378
v -266.140747 284.000000 -396.631714
v -269.458038 284.000000 -397.538574
v -290.141205 283.677979 -402.482483
v -290.141205 283.677979 -402.482483
v -298.835266 283.356140 -404.383972
v -278.808899 281.938477 -478.527863
v -221.234451 286.821106 -437.806427
v -209.000443 287.423218 -434.910309
v -178.420975 290.074402 -426.280426
v -173.734421 290.560059 -425.022491
v -173.734421 290.560059 -425.022491
v -169.637863 290.984894 -423.910858
v -169.637863 290.984894 -423.910858
v -165.240753 291.438751 -422.726074
v -128.772476 294.758911 -412.809052
v -124.186119 295.056519 -411.668152
v -124.186119 295.056519 -411.668152
v -121.403130 295.159241 -410.922180
v 440.081238 291.632568 -310.216583
v 449.109253 291.521545 -315.248199
v 456.111267 291.502960 -318.934113
v 499.559265 292.698242 -343.360840
v 516.201538 292.513245 -352.795105
v 533.289062 292.289459 -362.478058
v 558.692139 292.883606 -376.212646
v 610.166321 294.682617 -404.676514
v 638.341248 295.164856 -420.868469
v 449.109253 291.521545 -315.248199
v 452.103760 292.125000 -310.158081
v 452.103760 292.125000 -310.158081
v 454.808807 292.678802 -305.492157
v 454.808807 292.678802 -305.492157
v 456.701263 293.121887 -301.908600
v 456.701263 293.121887 -301.908600
v 459.406311 293.731232 -297.023285
v 459.406311 293.731232 -297.023285
v 461.744019 294.116699 -292.796173
v 461.744019 294.116699 -292.796173
v 470.360138 294.835693 -285.921600
v 516.346252 295.453003 -311.035675
v 470.360138 294.835693 -285.921600
v 460.842346 294.937775 -280.582855
v 551.801514 296.362305 -328.529266
v 557.489929 297.305511 -318.305176
v 533.289062 292.289459 -362.478058
v 538.699158 293.653320 -352.239288
v 538.699158 293.653320 -352.239288
v 540.346741 294.053009 -349.211548
v 548.383972 295.817963 -334.438507
v 549.753235 296.044373 -331.908051
v 549.753235 296.044373 -331.908051
v 551.801514 296.362305 -328.529266
v 559.471375 297.644470 -315.043427
v 562.232117 298.139343 -310.187347
v 557.489929 297.305511 -318.305176
v 559.471375 297.644470 -315.043427
v 531.930969 294.280273 -344.282318
v 540.346741 294.053009 -349.211548
v 549.040771 294.103638 -353.804352
v 539.979370 295.839905 -329.611664
v 548.383972 295.817963 -334.438507
v 557.122559 295.801025 -338.972778
v 499.559265 292.698242 -343.360840
v 502.230927 293.396851 -338.314575
v 502.230927 293.396851 -338.314575
v 504.869202 293.963562 -332.785675
v 504.869202 293.963562 -332.785675
v 506.616913 294.252655 -329.553162
v 506.616913 294.252655 -329.553162
v 511.704224 294.959442 -320.513824
v 511.704224 294.959442 -320.513824
v 513.540955 295.170410 -317.281311
v 513.540955 295.170410 -317.281311
v 516.346252 295.453003 -311.035675
v 456.111267 291.502960 -318.934113
v 473.477081 292.702332 -319.109650
v 485.143372 293.531281 -318.158905
v 494.605530 294.190887 -316.403687
v 504.245789 294.805084 -314.209686
v 511.960236 295.227295 -312.191193
v 516.346252 295.453003 -311.035675
v -37.445972 295.134888 -418.162476
v -35.342033 295.327026 -425.753845
v -34.685246 295.379578 -427.611481
v -24.944792 294.863037 -391.702484
v -19.356554 295.291565 -402.467834
v -17.308275 295.505859 -408.742767
v -22.328783 295.411133 -412.092316
v -23.230473 295.365784 -410.907562
v -23.230473 295.365784 -410.907562
v -24.722153 295.295654 -409.254700
v -24.722153 295.295654 -409.254700
v -28.573807 295.165466 -408.303955
v -28.573807 295.165466 -408.303955
v -30.755669 295.116272 -409.079193
v -30.755669 295.116272 -409.079193
v -34.317894 295.030945 -410.263977
v -39.204819 294.941193 -411.975311
v -34.317894 295.030945 -410.263977
v -33.260357 295.103088 -412.838287
v -33.260357 295.103088 -412.838287
v -32.469990 295.165955 -414.666656
v -32.469990 295.165955 -414.666656
v -31.267738 295.285309 -418.367279
v -31.267738 295.285309 -418.367279
v -32.291878 295.310181 -420.356537
v -32.291878 295.310181 -420.356537
v -32.236217 295.375793 -423.091766
v -32.236217 295.375793 -423.091766
v -31.779808 295.399658 -424.525177
v -31.779808 295.399658 -424.525177
v -35.342033 295.327026 -425.753845
v -17.308275 295.505859 -408.742767
v -14.970566 295.572052 -408.230835
v -13.946426 295.634033 -411.580383
v 18.447546 295.820099 -495.100250
v 4.042804 295.855835 -453.720551
v -4.807096 295.784363 -453.837555
v -278.808899 281.938477 -478.527863
v -279.432281 282.082275 -476.260681
v 36.158478 293.368195 -281.299561
v 35.112072 293.349548 -276.838440
v 90.259750 296.910217 -266.833801
v 74.597099 296.212524 -206.586716
v -232.733749 285.622864 -419.829956
v -237.709732 285.380188 -421.161011
v -220.310501 286.088684 -394.291412
v -223.104614 285.697876 -384.623077
v 104.820335 300.535126 -328.163605
v 109.195198 300.894836 -327.139740
v 397.089661 289.161041 -452.404114
v 394.651764 289.221130 -444.871246
v 501.295837 290.398590 -365.461914
v 499.548126 290.015625 -368.665192
v 501.295837 290.398590 -365.461914
v 507.674438 290.283875 -369.001617
v 524.639526 290.144653 -378.392029
v 524.639526 290.144653 -378.392029
v 521.333374 289.463013 -384.272034
v 524.639526 290.144653 -378.392029
v 541.415405 290.730164 -387.460693
v -242.028931 284.654572 -397.597107
v -266.140747 284.000000 -396.631714
v 235.064148 293.467133 -332.961182
v 239.105042 293.062134 -346.286194
v 234.262650 293.329865 -347.734222
v 239.105042 293.062134 -346.286194
v 235.064148 293.467133 -332.961182
v 232.960205 293.754791 -326.335266
v 231.579849 293.968292 -321.713196
v 225.935944 294.212433 -328.426880
v 232.960205 293.754791 -326.335266
v 516.168091 287.998566 -437.879578
v 516.580017 288.479065 -447.313934
v 517.537354 288.694641 -456.689819
v 516.769226 288.628967 -465.217316
v 514.086426 288.332642 -473.072021
v 424.785950 291.072693 -322.400665
v 433.390961 291.101624 -315.540710
v 440.081238 291.632568 -310.216583
v -269.458038 284.000000 -397.538574
v -270.638031 284.000000 -393.194397
v 211.920822 295.809570 -175.958694
v 208.024643 295.875977 -173.501450
v 204.284302 295.942841 -172.009537
v 200.176620 296.022980 -172.243561
v 126.349525 295.834930 -191.989395
v 74.597099 296.212524 -206.586716
v 54.325817 296.341888 -211.574371
v 48.347961 296.253448 -213.958511
v 41.935959 296.199890 -217.468903
v 37.449783 296.020538 -220.613617
v -15.939045 295.288269 -235.591263
v -25.924404 295.582367 -237.682877
v -38.158417 295.960785 -240.096268
v -43.323639 296.144348 -241.061630
v -328.847015 282.921143 -310.947937
v -344.999451 281.371460 -306.720795
v -352.313141 280.472443 -304.819336
v -371.638214 277.511536 -288.773804
v -397.553406 273.633301 -263.645172
v 431.108887 291.738953 -304.994843
v 422.403717 292.054199 -300.036377
v 419.643005 292.144836 -298.617584
v 416.136414 292.203979 -298.837006
v 378.755341 294.918365 -309.178101
v 236.566956 293.079620 -356.393311
v 269.829224 294.583252 -346.988281
v 270.641846 294.608490 -346.388580
v 271.320892 294.606628 -345.189178
v 271.543549 294.554260 -343.331573
v 269.005463 294.149536 -335.593994
v 219.735443 295.815369 -185.231934
v 216.830017 295.740723 -179.703094
v 211.920822 295.809570 -175.958694
v 176.754990 296.562103 -128.715103
v 166.591522 296.894775 -127.691254
v 211.920822 295.809570 -175.958694
v 223.598236 295.346527 -162.838699
v 229.932312 295.279510 -156.227524
v 661.985535 324.272919 -57.528351
v 706.123718 324.272919 -21.986362
v 595.973083 316.537628 -117.481987
v 601.973206 317.722229 -112.040947
v 661.985535 324.272919 -57.528351
v 89.035233 293.045166 10.688752
v 87.409973 293.413940 18.894079
v 63.932690 294.541992 57.010002
v 48.025135 295.114105 82.810570
v 41.190117 295.070923 93.370644
v 30.514578 294.621399 115.894867
v 22.076561 294.324951 140.291168
v 17.601517 293.477600 162.069366
v 12.792516 291.823730 173.112015
v 3.775637 288.891937 186.187653
v -8.736674 287.108307 199.994583
v -61.969654 290.963379 250.497955
v -77.253822 289.143860 267.888153
v -81.795654 285.776459 291.231018
v 85.306030 292.645569 -21.532948
v 91.662376 292.334290 -2.606525
v 89.035233 293.045166 10.688752
v 466.586426 286.854126 -432.350586
v 463.391541 286.817139 -422.375031
v 463.391541 286.817139 -422.375031
v 447.116638 287.212341 -413.423370
v 447.116638 287.212341 -413.423370
v 398.314178 290.302673 -386.012634
v 396.299286 290.481140 -385.252014
v 394.006104 290.653015 -384.974121
v 378.755341 291.680603 -389.523071
v 324.320099 296.775604 -343.975159
v 378.989105 292.577606 -373.682190
v 380.258148 292.355957 -375.495941
v 380.291565 292.236877 -377.514435
v 379.434387 292.220398 -379.181885
v 377.441772 292.331726 -380.498291
v 375.471405 292.513367 -380.512939
v 367.467560 293.517761 -375.744568
v 349.411530 295.511688 -368.606689
v 338.357513 296.296753 -365.344910
v 330.787781 296.674011 -363.779846
v 323.184662 296.919006 -365.110870
v 295.811188 295.521362 -407.499481
v 301.544128 293.270264 -429.469086
v -285.354462 279.234009 -72.564262
v -283.016754 280.033081 -62.311172
v -281.224518 281.079529 -45.286098
v -15.939045 295.288269 -235.591263
v -18.265623 295.857056 -226.932312
v -43.323639 296.144348 -241.061630
v -54.399929 297.173950 -236.161713
v 74.597099 296.212524 -206.586716
v 73.316925 296.488586 -201.672180
v 334.416779 307.933594 453.591125
v 334.773010 307.933594 427.016388
v 332.234924 306.430664 415.974030
v 324.164276 306.832336 405.809174
v 307.444061 306.358215 396.404877
v 291.770294 305.572815 385.815857
v 282.664368 305.610413 374.173798
v 279.681000 306.532288 356.257294
v 278.935150 307.657196 339.086639
v 282.664368 308.818787 324.753387
v 293.562531 310.037628 301.454468
v 297.748138 310.504761 286.828644
v 297.447571 310.592529 273.694611
v 287.506744 310.255341 260.823853
v -66.166397 284.198395 148.686523
v -33.739033 287.600220 123.178658
v -171.218597 269.352295 207.307571
v -176.862503 267.379944 199.336426
v -259.405914 259.256287 312.204437
v -264.482086 259.523499 317.338104
v -271.873688 260.127106 326.391479
v -277.684570 260.619324 329.799286
v -283.706940 261.163940 331.437378
v -292.590240 261.828552 332.022400
v -250.923355 259.258057 307.187775
v -259.405914 259.256287 312.204437
v -151.125427 296.199951 2.775944
v -146.360962 296.216125 21.629189
v -144.590988 295.994934 32.686619
v -143.678162 295.951355 34.646534
v -145.225494 295.834961 35.216957
v -147.963959 295.680908 35.012188
v -148.798859 295.663025 34.061485
v -151.771088 295.526794 32.949894
v -154.643127 295.407074 31.501896
v -156.936310 295.339478 29.468849
v -158.928925 295.236084 26.543604
v -160.632126 295.104919 21.819328
v -160.776840 295.212524 15.764063
v -158.906662 295.359558 9.694167
v -156.624619 295.573364 6.768915
v -155.299911 295.731995 5.467177
v -152.862015 296.016357 3.404873
v -151.125427 296.199951 2.775944
v -7.957438 293.183899 -265.312622
v -3.415602 292.060181 -282.016296
v -1.011101 291.561279 -291.201843
v -15.939045 295.288269 -235.591263
v -7.957438 293.183899 -265.312622
v 162.339127 297.545776 -267.550507
v 159.578400 297.608826 -268.823029
v 157.285217 297.713501 -270.197906
v 154.235062 297.784637 -270.314941
v 151.463211 297.820618 -270.344177
v 162.339127 297.545776 -267.550507
v 163.663818 297.582764 -269.393463
v 163.441177 297.649597 -271.748352
v 160.680466 297.757996 -272.845337
v 159.756500 297.854797 -274.571289
v 161.626678 297.954407 -277.716034
v 160.669327 298.060974 -279.690643
v 158.643311 298.152100 -281.504333
v 159.255569 298.208557 -283.815369
v 163.151749 298.135162 -284.590576
v 165.834549 298.143585 -287.135620
v 167.637924 298.294189 -292.137970
v 166.435684 298.422943 -295.662994
v 163.496841 298.540710 -298.997894
v 160.279709 298.693604 -299.524445
v 155.871460 298.897308 -298.383575
v 167.637924 298.294189 -292.137970
v 170.242798 298.038025 -286.740692
v 167.303970 298.006073 -283.084045
v 166.034927 297.892944 -278.476624
v 166.903214 297.686646 -274.264130
v 168.573013 297.578369 -271.060883
v 167.905090 297.504608 -268.120941
v 165.300217 297.501953 -267.053192
v 162.339127 297.545776 -267.550507
v 170.242798 298.038025 -286.740692
v 173.560120 297.982330 -287.355042
v 177.044418 297.775238 -283.171783
v 176.810654 297.675690 -278.359619
v 175.107468 297.592651 -274.015472
v 173.159378 297.521118 -270.680603
v 172.469193 297.451599 -267.886902
v 174.484070 297.351868 -265.093201
v 178.135361 297.262268 -263.089355
v 183.523224 297.171936 -261.802216
v 188.232040 297.149506 -262.738312
v 189.300705 297.227051 -267.155579
v 189.935226 297.268341 -271.792236
v 192.495575 297.320587 -277.774536
v 193.196884 297.360229 -280.246460
v 191.872177 297.406189 -282.425842
v 189.779373 297.456329 -283.040161
v 186.751480 297.511993 -281.811523
v 184.736603 297.551117 -281.255707
v 182.410019 297.609436 -282.264923
v 182.487946 297.645203 -285.219543
v 185.515839 297.597717 -287.311157
v 185.515839 297.670654 -290.104858
v 183.879440 297.776550 -292.050201
v 173.560120 297.982330 -287.355042
v 183.879440 297.776550 -292.050201
v 186.139221 297.735901 -293.410492
v 188.454666 297.585999 -296.877014
v 188.699570 297.472626 -300.548309
v 186.829407 297.514893 -303.751587
v 183.434158 297.709778 -304.278137
v 179.738358 297.904480 -301.747711
v 180.183640 297.867035 -299.553711
v 179.738358 297.904480 -301.747711
v 177.745743 298.014832 -301.338165
v 174.795776 298.172913 -301.338165
v 170.098083 298.321960 -299.670715
v 168.717728 298.361359 -298.398193
v 168.851303 298.335541 -294.595245
v 167.637924 298.294189 -292.137970
v 186.829407 297.514893 -303.751587
v 188.432404 297.444824 -307.422882
v 185.148483 297.599060 -309.499878
v 182.343231 297.759766 -309.426758
v 179.137238 297.973206 -308.300476
v 176.732727 298.081146 -309.295105
v 175.797653 298.170746 -312.044922
v 177.333862 298.061127 -314.238953
v 183.178131 297.607178 -315.979523
v 184.580750 297.510193 -318.539215
v 184.502823 297.536774 -322.181274
v 181.786636 297.661804 -324.828705
v 177.756866 297.988464 -325.135864
v 174.417282 298.317139 -321.727844
v 172.090714 298.417755 -316.213562
v 171.856934 298.398010 -310.318970
v 170.843933 298.321625 -304.102600
v 170.098083 298.321960 -299.670715
v 188.432404 297.444824 -307.422882
v 189.044662 297.370911 -309.777802
v 188.510330 297.231934 -315.686981
v 188.810898 297.185547 -320.499176
v 190.291443 297.027893 -323.834076
v 193.708954 296.728485 -324.521545
v 195.645905 296.652710 -322.195892
v 196.503067 296.667053 -319.636200
v 198.907578 296.529755 -318.085785
v 200.566238 296.360535 -319.533813
v 198.907578 296.529755 -318.085785
v 199.074554 296.638306 -313.844025
v 200.510574 296.601807 -311.255096
v 203.126587 296.504333 -309.221985
v 205.419769 296.340118 -309.426758
v 203.126587 296.504333 -309.221985
v 203.037521 296.608887 -306.252747
v 202.102448 296.715027 -304.760803
v 200.466049 296.831482 -304.570679
v 199.274933 296.865356 -306.208862
v 198.039276 296.903961 -307.788544
v 196.057800 297.025726 -307.496002
v 194.621765 297.136108 -305.331268
v 194.688568 297.221771 -302.259644
v 195.467804 297.280945 -299.275787
v 195.668182 297.416595 -293.483612
v 194.477051 297.409973 -289.973206
v 192.551224 297.442871 -288.876190
v 190.124466 297.502686 -289.622162
v 186.139221 297.735901 -293.410492
v 440.081238 291.632568 -310.216583
v 435.416962 291.675842 -307.496002
v 431.108887 291.738953 -304.994843
v 294.453094 296.018433 -352.093018
v 292.059723 295.578003 -343.653351
v 290.378784 295.182648 -330.752533
v 279.124390 294.618408 -333.326843
v 269.005463 294.149536 -335.593994
v -269.391266 265.396271 450.490509
v -271.684448 265.396271 438.863129
v -272.931213 265.396271 433.846558
v -281.447174 267.166626 399.856537
v -292.011383 264.102264 361.800446
v -309.510803 261.417786 305.110931
v -336.617096 268.898438 225.268250
v -336.617096 268.898438 225.268250
v -341.826843 271.930481 207.921860
v -340.591217 273.617432 198.766006
v -336.550323 276.057190 184.725052
v -331.897156 277.352051 176.490616
v -320.175201 279.326630 159.802322
v -312.794739 279.980225 149.856613
v -296.775848 279.479065 131.954315
v -279.309814 279.605713 112.794128
v -273.109344 280.141724 103.272530
v -271.083313 280.458618 99.104088
v -269.970123 280.858765 91.030464
v -272.385742 280.863770 79.300293
v -279.276428 280.889282 61.529495
v -291.143097 281.062317 32.715874
v -297.076416 280.054199 15.193639
v -300.126587 279.359436 2.541923
v -307.462524 278.100159 -24.838493
v -318.260529 277.220581 -49.483856
v -332.943573 278.682861 -72.374115
v -357.801208 279.079895 -100.193535
v -372.439728 277.695740 -113.839996
v -429.156982 276.541656 -166.700104
v -465.948090 271.246002 -196.274979
v -481.187714 266.577942 -207.654449
v -481.187714 266.577942 -207.654449
v -600.911865 258.164764 -295.926270
v -632.971863 266.362061 -319.797119
v -657.584595 273.145020 -337.553986
v -382.981659 276.745422 7.544106
v -388.647827 277.227295 12.985075
v -400.136017 278.275452 24.013266
v -402.484833 278.556213 27.450430
v -403.252960 278.814728 33.023022
v -399.891113 278.907288 38.551735
v -397.486603 279.005615 41.988895
v -346.813965 277.130859 47.005684
v -369.990692 279.255676 68.330666
v -373.641968 279.602844 69.968796
v -377.003815 279.693115 68.550056
v -384.517883 279.537292 60.549541
v 371.408264 317.183105 -109.934738
v 395.085907 318.664001 -88.975075
v 418.407349 319.481903 -77.317841
v 458.126129 321.503815 -61.872383
v 498.468323 325.114777 -48.313751
v 519.273926 325.675903 -37.607269
v 551.734680 324.553589 -30.981544
v 582.937561 324.150330 -30.981544
v 615.721130 325.200165 -22.469030
v 675.288208 325.254913 -1.992221
v 684.883911 325.349365 -0.485715
v 713.426270 322.921082 4.004550
v 743.048401 322.921082 19.449877
v 787.809937 322.921082 34.266251
v 835.710693 322.921082 47.810127
v 889.923340 322.921082 52.227238
v 901.556213 322.921082 45.733204
v 909.036865 322.921082 41.564735
v 638.341248 295.164856 -420.868469
v 721.986755 295.164856 -467.689270
v 694.646667 325.349365 -15.419153
v 684.883911 325.349365 -0.485715
v 97.885132 292.121948 -6.760389
v 96.515907 292.092224 -10.577849
v 90.894272 292.697937 -26.184113
v 78.582336 292.399841 -15.945700
v 83.435867 292.152405 -9.875788
v 85.706779 292.243469 -2.577273
v 85.651123 292.650330 4.926005
v 81.877388 292.981384 15.807941
v 59.680286 293.893066 53.997009
v 32.295689 293.702576 97.641472
v 30.625898 293.568878 100.873848
v 23.033909 293.128113 115.675476
v 17.211899 293.038452 138.228897
v 13.271190 292.260925 157.359772
v 6.469568 289.940216 172.336823
v -7.322917 286.712921 186.918961
v -78.177773 288.722717 256.684723
v -83.788277 287.945221 263.968414
v -87.628799 286.690430 273.431335
v -89.899712 285.013184 283.684082
v -88.819916 283.540466 293.337128
v 85.306030 292.645569 -21.532948
v 78.582336 292.399841 -15.945700
v 103.395447 292.110107 -7.199177
v 97.885132 292.121948 -6.760389
v 66.003235 294.889862 -44.291504
v 74.485779 293.715668 -34.345600
v 85.306030 292.645569 -21.532948
v 90.894272 292.697937 -26.184113
v 85.306030 292.645569 -21.532948
v -344.999451 281.371460 -306.720795
v -346.802826 281.341766 -315.511475
v -346.313019 281.474670 -319.270538
v -344.275879 281.973083 -334.789520
v -344.275879 281.973083 -334.789520
v -340.847229 282.392853 -354.184662
v -405.969147 272.385559 -271.894623
v -397.553406 273.633301 -263.645172
v -390.774048 274.458069 -258.204041
v -330.739441 282.569519 -384.081879
v -344.131165 281.695129 -379.240387
v -298.835266 283.356140 -404.383972
v -303.544067 283.703308 -384.111145
v -308.854034 283.885376 -366.529694
v -326.386841 283.329773 -365.695953
v -340.847229 282.392853 -354.184662
v -351.567322 281.159180 -346.359314
v -344.275879 281.973083 -334.789520
v -292.590240 261.828552 332.022400
v -298.479034 262.533997 336.366241
v -323.781952 279.780701 129.701889
v -330.149445 280.031128 122.988525
v -304.579346 278.883362 98.723808
v -298.211884 278.923523 105.451820
v -300.582977 278.961304 107.704247
v -321.188232 279.605530 127.230087
v -323.781952 279.780701 129.701889
v -297.143219 279.038757 111.419273
v -300.582977 278.961304 107.704247
v -321.188232 279.605530 127.230087
v -317.592590 279.577789 130.667221
v -338.242371 280.630493 143.567413
v -341.125549 280.760193 146.331741
v -360.394958 278.655487 164.833679
v -361.062866 278.530487 165.477219
v -361.997955 278.668701 164.497284
v -360.183441 278.927307 162.742157
v -366.216949 279.725891 156.467590
v -345.199829 280.835175 136.298248
v -338.242371 280.630493 143.567413
v -337.975189 280.665039 149.534836
v -341.125549 280.760193 146.331741
v -357.378174 278.190063 167.905151
v -360.394958 278.655487 164.833679
v -366.139038 276.608154 176.081085
v -372.807068 277.596619 169.587143
v -380.499237 278.526978 162.771408
v -381.567902 278.648010 161.835342
v -385.152405 279.066467 158.880890
v -387.991058 279.196045 158.178833
v -392.833435 279.454559 156.730850
v -394.792664 279.345856 157.549911
v -394.848328 279.161133 158.807755
v -389.939148 278.891052 160.328857
v -386.722015 278.478027 162.903046
v -384.050323 277.929199 166.252411
v -383.449219 277.805328 166.998337
v -385.096741 277.570160 168.519440
v -380.499237 278.526978 162.771408
v -384.050323 277.929199 166.252411
v -385.152405 279.066467 158.880890
v -385.642212 279.300507 157.345154
v -394.659088 280.084900 151.977386
v -407.783661 278.328369 164.146255
v -409.364380 278.475769 162.493515
v -412.692841 277.917023 165.564987
v -412.692841 277.917023 165.564987
v -415.475830 277.435760 168.226913
v -415.475830 277.435760 168.226913
v -418.459198 276.939545 170.932724
v -480.408478 274.952698 149.022934
v -480.408478 275.332520 145.936829
v -480.653381 275.515503 144.313339
v -481.844513 275.625916 142.543579
v -483.848267 275.659851 140.729950
v -487.377075 275.612854 138.536041
v -488.245392 275.855713 135.669342
v -488.334442 276.180237 132.802628
v -487.432739 276.587982 129.745773
v -484.994843 277.006897 127.888260
v -481.321320 277.348938 127.800507
v -478.593994 277.481079 128.707321
v -475.165344 277.520081 130.608719
v -471.302551 277.492889 133.329163
v -469.087311 277.628815 133.753326
v -468.564087 277.605774 134.352982
v -466.181854 277.599304 136.283630
v -463.510193 277.593903 138.433655
v -463.521332 277.499207 139.194214
v -463.666046 277.290771 140.773834
v -462.998108 277.184570 142.163315
v -460.894196 277.136719 144.210953
v -459.079681 277.188538 145.220154
v -456.408020 277.366760 145.878326
v -453.491425 277.673126 145.688187
v -451.443146 277.970825 144.883759
v -450.396759 278.266754 143.304138
v -449.472809 278.336578 143.465027
v -445.365112 278.591034 143.772171
v -444.853058 278.526550 144.547363
v -444.140594 278.429169 145.688187
v -442.515320 278.473206 146.126968
v -441.235168 278.598389 145.746689
v -439.899323 278.788757 144.854507
v -437.216522 278.896301 145.746689
v -432.029053 278.964874 148.832794
v -428.522461 278.855713 152.079773
v -424.681946 278.543427 156.394455
v -421.865570 278.074371 161.235672
v -420.039917 277.500061 166.193893
v -421.520477 277.214417 167.832016
v -418.971252 276.990479 170.376938
v -418.459198 276.939545 170.932724
v -417.991638 276.890503 171.459274
v -420.184631 276.523804 173.463028
v -430.492828 276.908691 166.457169
v -436.793518 277.332031 159.436676
v -443.851166 277.378845 154.858719
v -446.277924 277.319519 153.878784
v -448.626770 277.252258 152.942703
v -453.881042 276.918945 151.509354
v -457.454407 276.637024 150.982819
v -464.044525 276.283875 148.657272
v -467.150330 276.301147 146.068466
v -468.619751 276.322388 144.737488
v -471.870270 276.102722 144.444977
v -474.208008 275.870117 145.030014
v -475.977966 275.543304 146.697388
v -476.367584 275.223175 149.081436
v -480.408478 274.952698 149.022934
v -446.277924 277.319519 153.878784
v -448.882812 276.224854 161.089417
v -456.029510 275.758301 159.246536
v -466.905426 275.396118 153.615509
v -473.306305 275.126984 151.611740
v -476.401001 274.947449 151.333847
v -448.882812 276.224854 161.089417
v -436.069946 276.113220 169.645645
v -426.051178 275.723206 177.470566
v -419.661438 274.936768 184.929825
v -417.034302 274.597107 188.001282
v -414.117737 274.149841 191.409134
v -417.034302 274.597107 188.001282
v -420.039917 274.428314 188.644821
v -424.236664 274.730804 185.310104
v -430.726593 275.026794 180.629776
v -438.752747 274.879761 177.675323
v -447.914337 274.458008 176.139587
v -459.847778 273.566284 174.048080
v -466.738464 273.335144 170.493958
v -471.291412 273.468201 166.208527
v -475.421387 273.159424 166.501053
v -471.291412 273.468201 166.208527
v -470.334076 273.725830 164.628922
v -468.241272 274.082153 163.239441
v -448.882812 276.224854 161.089417
v -450.875427 275.622955 164.409531
v -454.927460 275.015625 166.150024
v -454.927460 275.015625 166.150024
v -461.873779 274.546906 164.482651
v -468.241272 274.082153 163.239441
v -466.738464 273.335144 170.493958
v -466.705048 273.019806 173.082764
v -456.408020 273.118835 180.395767
v -446.767731 273.322815 185.953644
v -438.953125 273.446350 188.951965
v -432.719208 273.467529 191.526154
v -427.821167 273.081543 196.513611
v -425.572510 272.353058 202.071472
v -426.240417 271.412994 208.477646
v -429.234924 270.534180 214.328033
v -384.729401 266.091919 240.610840
v -472.415741 270.708435 188.030533
v -479.517944 270.768524 183.730484
v -482.401093 270.794098 181.975372
v -478.248901 271.912537 175.115768
v -476.634766 271.900330 176.081085
v -475.955719 272.083801 174.954880
v -467.562225 272.081665 180.030106
v -472.415741 270.708435 188.030533
v -429.234924 270.534180 214.328033
v -435.624664 268.979431 225.180496
v -485.651642 269.092896 194.275833
v -479.517944 270.768524 183.730484
v -507.837616 265.448303 218.452560
v -500.891266 266.939026 206.824921
v -495.926422 268.030334 198.502747
v -490.905914 269.233398 190.092804
v -539.530273 266.793396 177.733826
v -534.966187 267.632599 174.764755
v -495.926422 268.030334 198.502747
v -483.681274 273.632507 -156.841843
v -486.586731 272.569092 -160.337570
v -481.432617 272.473419 -166.656235
v -477.202484 273.034180 -167.899475
v -475.109680 273.432129 -167.533813
v -472.048401 274.016846 -166.978012
v -469.387848 274.808289 -163.496902
v -466.983368 275.638611 -155.934998
v -468.252411 275.640442 -155.320679
v -468.886932 275.641357 -155.013519
v -471.469543 275.685486 -151.941956
v -473.963104 276.062317 -146.793427
v -473.128204 276.493164 -142.961288
v -471.380463 276.945770 -139.641083
v -468.808990 277.377930 -135.735809
v -468.029755 277.420593 -134.258530
v -466.560333 277.503784 -131.421005
v -466.560333 277.716919 -127.427971
v -468.141083 278.003479 -123.434952
v -470.801605 278.185455 -119.866096
v -474.875916 278.129944 -118.037788
v -481.521698 277.817871 -118.374199
v -489.915161 277.338013 -119.953850
v -493.321564 276.813904 -123.522705
v -494.980225 276.113556 -129.007629
v -493.989471 275.789124 -133.161545
v -490.416107 275.590759 -137.739639
v -487.254639 275.394470 -141.308502
v -482.022614 275.220367 -146.296127
v -482.601471 274.220581 -152.936554
v -483.102417 273.984253 -154.764877
v -483.681274 273.632507 -156.841843
v -453.847656 276.884064 -131.698898
v -459.413635 277.065582 -133.410202
v -463.732819 277.195190 -134.741211
v -466.315430 277.301910 -134.989853
v -468.029755 277.420593 -134.258530
v -449.406006 277.057861 -119.836845
v -454.849548 277.334320 -120.451157
v -460.081543 277.636871 -120.451157
v -466.059418 278.035217 -118.374199
v -467.974091 278.238556 -114.717583
v -468.575226 278.318909 -112.918533
v -495.503418 278.066742 -101.012619
v -492.787201 278.295624 -100.325172
v -489.759338 278.441345 -100.295921
v -486.642395 278.438721 -101.700058
v -484.727692 278.412720 -102.987183
v -480.074524 278.338501 -106.307381
v -475.332306 278.330170 -109.686089
v -524.067993 276.571777 3.112348
v -505.388580 278.332184 22.565268
v -495.748322 279.199310 29.439598
v -474.842499 281.086731 52.066349
v -463.866425 281.265259 41.754875
v -456.608368 281.623993 49.506763
v -463.866425 281.265259 41.754875
v -457.498932 281.125488 35.582611
v -449.483948 278.555298 -39.771969
v -438.262939 278.499817 -27.017813
v -459.313446 279.670166 -7.608714
v -465.179993 279.896790 -5.912065
v -469.710693 280.188049 -0.003048
v -471.491791 280.232910 5.876712
v -495.748322 279.199310 29.439598
v -197.835098 286.043457 115.148933
v -175.760437 286.366058 117.196587
v -151.626373 286.507568 114.329872
v -125.521950 286.176697 108.420921
v -97.547363 288.362488 101.034737
v -68.292603 291.057373 92.770973
v -46.429455 291.314850 85.969818
v -28.306641 291.121216 77.896179
v -14.514155 290.917877 69.222862
v -0.332052 290.856445 56.512714
v 15.130225 290.568665 38.303089
v 25.071054 290.650208 25.037102
v 36.792999 291.818878 8.260794
v 47.824760 292.198059 -5.341640
v 55.505806 292.634827 -14.000402
v 60.826878 292.918457 -18.534555
v 68.018112 292.877350 -19.719286
v 73.728806 292.671021 -18.432171
v 78.582336 292.399841 -15.945700
v 107.859360 292.271118 -30.337988
v 117.800194 292.092529 -32.853714
v 125.147278 291.957520 -34.345600
v 134.954529 291.890625 -34.535740
v 150.093979 292.066864 -33.438766
v 159.522736 292.664917 -31.932257
v 166.925476 293.192932 -31.098557
v 175.118591 293.876434 -31.873751
v 182.654922 294.697113 -34.272469
v 190.848038 295.345612 -39.026024
v 200.076431 296.527771 -40.898197
v 206.955978 297.689331 -39.991364
v 219.501678 299.899750 -36.481045
v 238.604095 302.580994 -33.233997
v 247.765701 303.698853 -30.630514
v 242.956696 303.341278 -27.383471
v 233.928680 302.536896 -25.379665
v 221.972977 301.197937 -26.666782
v 216.963593 300.767517 -24.458208
v 213.356842 300.782837 -19.967932
v 209.883667 300.862335 -15.623921
v 205.597870 300.797150 -11.396922
v 197.404755 299.943604 -9.714899
v 189.089188 298.714783 -9.319989
v 181.163239 297.546814 -8.808069
v 172.513718 296.470428 -7.243056
v 166.146240 295.639771 -7.243056
v 164.198151 295.328613 -7.696471
v 152.520737 293.090607 -18.666191
v 155.815796 293.313751 -19.456013
v 158.420670 293.570129 -19.456013
v 161.147995 293.949341 -17.964128
v 163.096085 294.285553 -16.018831
v 164.520981 294.710632 -13.093572
v 164.587769 295.093201 -10.036677
v 164.198151 295.328613 -7.696471
v 163.096085 295.495544 -5.809680
v 160.045944 295.545532 -3.279334
v 155.170151 295.116577 -2.109232
l 4226 4227
l 4227 4228
l 4228 4229
l 4229 4230
l 4230 4231
l 4231 4232
l 4232 4233
l 4233 4234
l 4234 4235
l 4235 4236
l 4236 4237
l 4237 4238
l 4238 4239
l 4239 4240
l 4240 4241
l 4241 4242
l 4242 4243
l 4243 4244
l 4244 4245
l 4245 4246
l 4246 4247
l 4248 4249
l 4250 4251
l 4251 4252
l 4252 4253
l 4253 4254
l 4254 4255
l 4255 4256
l 4256 4257
l 4257 4258
l 4258 4259
l 4260 4261
l 4261 4262
l 4262 4263
l 4263 4264
l 4264 4265
l 4265 4266
l 4266 4267
l 4267 4268
l 4268 4269
l 4269 4270
l 4270 4271
l 4272 4273
l 4273 4274
l 4274 4275
l 4275 4276
l 4276 4277
l 4277 4278
l 4278 4279
l 4279 4280
l 4280 4281
l 4281 4282
l 4282 4283
l 4283 4284
l 4284 4285
l 4285 4286
l 4286 4287
l 4287 4288
l 4288 4289
l 4289 4290
l 4290 4291
l 4291 4292
l 4292 4293
l 4293 4294
l 4294 4295
l 4295 4296
l 4296 4297
l 4297 4298
l 4298 4299
l 4300 4301
l 4301 4302
l 4302 4303
l 4304 4305
l 4305 4306
l 4306 4307
l 4307 4308
l 4308 4309
l 4309 4310
l 4310 4311
l 4311 4312
l 4312 4313
l 4313 4314
l 4314 4315
l 4315 4316
l 4316 4317
l 4317 4318
l 4318 4319
l 4319 4320
l 4320 4321
l 4321 4322
l 4322 4323
l 4323 4324
l 4324 4325
l 4325 4326
l 4326 4327
l 4328 4329
l 4329 4330
l 4330 4331
l 4331 4332
l 4332 4333
l 4333 4334
l 4334 4335
l 4335 4336
l 4337 4338
l 4338 4339
l 4339 4340
l 4340 4341
l 4341 4342
l 4342 4343
l 4343 4344
l 4344 4345
l 4345 4346
l 4346 4347
l 4347 4348
l 4348 4349
l 4349 4350
l 4350 4351
l 4351 4352
l 4352 4353
l 4353 4354
l 4354 4355
l 4355 4356
l 4356 4357
l 4357 4358
l 4358 4359
l 4359 4360
l 4361 4362
l 4362 4363
l 4363 4364
l 4365 4366
l 4366 4367
l 4367 4368
l 4368 4369
l 4369 4370
l 4370 4371
l 4371 4372
l 4372 4373
l 4373 4374
l 4374 4375
l 4375 4376
l 4376 4377
l 4377 4378
l 4378 4379
l 4379 4380
l 4380 4381
l 4381 4382
l 4383 4384
l 4384 4385
l 4386 4387
l 4387 4388
l 4388 4389
l 4389 4390
l 4390 4391
l 4391 4392
l 4392 4393
l 4393 4394
l 4394 4395
l 4395 4396
l 4396 4397
l 4397 4398
l 4399 4400
l 4401 4402
l 4402 4403
l 4403 4404
l 4404 4405
l 4405 4406
l 4406 4407
l 4407 4408
l 4408 4409
l 4409 4410
l 4410 4411
l 4412 4413
l 4413 4414
l 4414 4415
l 4415 4416
l 4417 4418
l 4418 4419
l 4419 4420
l 4420 4421
l 4421 4422
l 4422 4423
l 4423 4424
l 4424 4425
l 4425 4426
l 4426 4427
l 4427 4428
l 4428 4429
l 4429 4430
l 4430 4431
l 4431 4432
l 4432 4433
l 4433 4434
l 4434 4435
l 4435 4436
l 4436 4437
l 4437 4438
l 4438 4439
l 4439 4440
l 4440 4441
l 4441 4442
l 4442 4443
l 4443 4444
l 4444 4445
l 4445 4446
l 4446 4447
l 4447 4448
l 4448 4449
l 4449 4450
l 4450 4451
l 4451 4452
l 4452 4453
l 4453 4454
l 4454 4455
l 4455 4456
l 4456 4457
l 4457 4458
l 4458 4459
l 4459 4460
l 4460 4461
l 4462 4463
l 4463 4464
l 4464 4465
l 4465 4466
l 4466 4467
l 4468 4469
l 4469 4470
l 4470 4471
l 4471 4472
l 4472 4473
l 4473 4474
l 4474 4475
l 4475 4476
l 4476 4477
l 4477 4478
l 4478 4479
l 4479 4480
l 4480 4481
l 4481 4482
l 4482 4483
l 4483 4484
l 4484 4485
l 4485 4486
l 4486 4487
l 4487 4488
l 4488 4489
l 4489 4490
l 4490 4491
l 4491 4492
l 4492 4493
l 4493 4494
l 4494 4495
l 4495 4496
l 4496 4497
l 4497 4498
l 4498 4499
l 4499 4500
l 4500 4501
l 4501 4502
l 4502 4503
l 4504 4505
l 4505 4506
l 4506 4507
l 4507 4508
l 4508 4509
l 4509 4510
l 4510 4511
l 4511 4512
l 4512 4513
l 4513 4514
l 4514 4515
l 4515 4516
l 4516 4517
l 4517 4518
l 4518 4519
l 4519 4520
l 4520 4521
l 4521 4522
l 4522 4523
l 4523 4524
l 4524 4525
l 4525 4526
l 4526 4527
l 4527 4528
l 4529 4530
l 4530 4531
l 4531 4532
l 4532 4533
l 4533 4534
l 4534 4535
l 4535 4536
l 4536 4537
l 4537 4538
l 4538 4539
l 4539 4540
l 4540 4541
l 4541 4542
l 4542 4543
l 4544 4545
l 4546 4547
l 4547 4548
l 4549 4550
l 4550 4551
l 4551 4552
l 4552 4553
l 4553 4554
l 4554 4555
l 4555 4556
l 4556 4557
l 4557 4558
l 4558 4559
l 4559 4560
l 4560 4561
l 4562 4563
l 4563 4564
l 4565 4566
l 4566 4567
l 4567 4568
l 4568 4569
l 4569 4570
l 4570 4571
l 4571 4572
l 4572 4573
l 4573 4574
l 4574 4575
l 4575 4576
l 4576 4577
l 4577 4578
l 4579 4580
l 4580 4581
l 4581 4582
l 4582 4583
l 4583 4584
l 4584 4585
l 4585 4586
l 4586 4587
l 4587 4588
l 4588 4589
l 4589 4590
l 4590 4591
l 4591 4592
l 4592 4593
l 4594 4595
l 4595 4596
l 4596 4597
l 4597 4598
l 4598 4599
l 4599 4600
l 4601 4602
l 4602 4603
l 4603 4604
l 4604 4605
l 4606 4607
l 4607 4608
l 4608 4609
l 4609 4610
l 4611 4612
l 4612 4613
l 4613 4614
l 4614 4615
l 4615 4616
l 4617 4618
l 4618 4619
l 4620 4621
l 4622 4623
l 4623 4624
l 4624 4625
l 4626 4627
l 4628 4629
l 4630 4631
l 4631 4632
l 4632 4633
l 4633 4634
l 4635 4636
l 4636 4637
l 4638 4639
l 4639 4640
l 4640 4641
l 4641 4642
l 4642 4643
l 4643 4644
l 4644 4645
l 4645 4646
l 4646 4647
l 4647 4648
l 4648 4649
l 4649 4650
l 4650 4651
l 4651 4652
l 4653 4654
l 4654 4655
l 4655 4656
l 4656 4657
l 4658 4659
l 4659 4660
l 4660 4661
l 4661 4662
l 4662 4663
l 4663 4664
l 4664 4665
l 4666 4667
l 4667 4668
l 4668 4669
l 4670 4671
l 4671 4672
l 4672 4673
l 4673 4674
l 4674 4675
l 4676 4677
l 4678 4679
l 4679 4680
l 4681 4682
l 4682 4683
l 4684 4685
l 4686 4687
l 4688 4689
l 4690 4691
l 4691 4692
l 4693 4694
l 4694 4695
l 4695 4696
l 4697 4698
l 4698 4699
l 4700 4701
l 4701 4702
l 4702 4703
l 4703 4704
l 4704 4705
l 4705 4706
l 4706 4707
l 4707 4708
l 4708 4709
l 4709 4710
l 4710 4711
l 4711 4712
l 4712 4713
l 4713 4714
l 4714 4715
l 4715 4716
l 4716 4717
l 4717 4718
l 4718 4719
l 4719 4720
l 4720 4721
l 4722 4723
l 4723 4724
l 4724 4725
l 4726 4727
l 4728 4729
l 4729 4730
l 4730 4731
l 4731 4732
l 4733 4734
l 4735 4736
l 4737 4738
l 4739 4740
l 4740 4741
l 4741 4742
l 4742 4743
l 4743 4744
l 4744 4745
l 4745 4746
l 4746 4747
l 4747 4748
l 4748 4749
l 4750 4751
l 4751 4752
l 4752 4753
l 4753 4754
l 4754 4755
l 4755 4756
l 4756 4757
l 4757 4758
l 4758 4759
l 4759 4760
l 4760 4761
l 4761 4762
l 4762 4763
l 4763 4764
l 4764 4765
l 4765 4766
l 4766 4767
l 4767 4768
l 4768 4769
l 4769 4770
l 4770 4771
l 4771 4772
l 4772 4773
l 4773 4774
l 4774 4775
l 4775 4776
l 4776 4777
l 4777 4778
l 4778 4779
l 4779 4780
l 4780 4781
l 4781 4782
l 4782 4783
l 4783 4784
l 4784 4785
l 4785 4786
l 4786 4787
l 4787 4788
l 4788 4789
l 4789 4790
l 4790 4791
l 4791 4792
l 4792 4793
l 4793 4794
l 4794 4795
l 4795 4796
l 4796 4797
l 4797 4798
l 4798 4799
l 4799 4800
l 4800 4801
l 4801 4802
l 4802 4803
l 4803 4804
l 4804 4805
l 4805 4806
l 4806 4807
l 4807 4808
l 4808 4809
l 4809 4810
l 4810 4811
l 4811 4812
l 4812 4813
l 4813 4814
l 4814 4815
l 4815 4816
l 4816 4817
l 4817 4818
l 4818 4819
l 4819 4820
l 4820 4821
l 4821 4822
l 4822 4823
l 4823 4824
l 4824 4825
l 4825 4826
l 4826 4827
l 4827 4828
l 4828 4829
l 4829 4830
l 4830 4831
l 4831 4832
l 4832 4833
l 4833 4834
l 4834 4835
l 4835 4836
l 4836 4837
l 4837 4838
l 4838 4839
l 4839 4840
l 4840 4841
l 4841 4842
l 4842 4843
l 4843 4844
l 4844 4845
l 4845 4846
l 4846 4847
l 4847 4848
l 4848 4849
l 4849 4850
l 4850 4851
l 4851 4852
l 4852 4853
l 4853 4854
l 4854 4855
l 4855 4856
l 4856 4857
l 4857 4858
l 4858 4859
l 4859 4860
l 4860 4861
l 4861 4862
l 4862 4863
l 4863 4864
l 4864 4865
l 4865 4866
l 4866 4867
l 4867 4868
l 4868 4869
l 4869 4870
l 4870 4871
l 4871 4872
l 4872 4873
l 4873 4874
l 4874 4875
l 4875 4876
l 4876 4877
l 4878 4879
l 4879 4880
l 4880 4881
l 4881 4882
l 4882 4883
l 4883 4884
l 4884 4885
l 4885 4886
l 4886 4887
l 4887 4888
l 4888 4889
l 4890 4891
l 4891 4892
l 4892 4893
l 4893 4894
l 4894 4895
l 4896 4897
l 4897 4898
l 4898 4899
l 4899 4900
l 4900 4901
l 4901 4902
l 4902 4903
l 4904 4905
l 4905 4906
l 4906 4907
l 4907 4908
l 4908 4909
l 4909 4910
l 4910 4911
l 4911 4912
l 4912 4913
l 4913 4914
l 4914 4915
l 4915 4916
l 4917 4918
l 4918 4919
l 4919 4920
l 4920 4921
l 4921 4922
l 4922 4923
l 4923 4924
l 4924 4925
l 4925 4926
l 4926 4927
l 4927 4928
l 4929 4930
l 4930 4931
l 4931 4932
l 4932 4933
l 4933 4934
l 4934 4935
l 4935 4936
l 4937 4938
l 4938 4939
l 4939 4940
l 4940 4941
l 4941 4942
l 4942 4943
l 4943 4944
l 4945 4946
l 4946 4947
l 4947 4948
l 4948 4949
l 4949 4950
l 4951 4952
l 4952 4953
l 4953 4954
l 4954 4955
l 4956 4957
l 4958 4959
l 4960 4961
l 4961 4962
l 4962 4963
l 4963 4964
l 4964 4965
l 4965 4966
l 4967 4968
l 4969 4970
l 4970 4971
l 4972 4973
l 4973 4974
l 4974 4975
l 4975 4976
l 4976 4977
l 4977 4978
l 4979 4980
l 4980 4981
l 4981 4982
l 4982 4983
l 4984 4985
l 4985 4986
l 4986 4987
l 4987 4988
l 4988 4989
l 4989 4990
l 4990 4991
l 4992 4993
l 4993 4994
l 4994 4995
l 4995 4996
l 4996 4997
l 4997 4998
l 4998 4999
l 4999 5000
l 5001 5002
l 5002 5003
l 5004 5005
l 5005 5006
l 5006 5007
l 5007 5008
l 5008 5009
l 5009 5010
l 5010 5011
l 5011 5012
l 5012 5013
l 5013 5014
l 5014 5015
l 5016 5017
l 5017 5018
l 5018 5019
l 5019 5020
l 5020 5021
l 5021 5022
l 5022 5023
l 5023 5024
l 5024 5025
l 5025 5026
l 5026 5027
l 5027 5028
l 5028 5029
l 5030 5031
l 5031 5032
l 5032 5033
l 5033 5034
l 5034 5035
l 5035 5036
l 5036 5037
l 5037 5038
l 5038 5039
l 5039 5040
l 5040 5041
l 5041 5042
l 5042 5043
l 5043 5044
l 5044 5045
l 5045 5046
l 5046 5047
l 5047 5048
l 5048 5049
l 5050 5051
l 5051 5052
l 5052 5053
l 5053 5054
l 5055 5056
l 5056 5057
l 5057 5058
l 5058 5059
l 5060 5061
l 5062 5063
l 5064 5065
l 5066 5067
l 5068 5069
l 5070 5071
l 5072 5073
l 5074 5075
l 5075 5076
l 5076 5077
l 5077 5078
l 5078 5079
l 5079 5080
l 5080 5081
l 5081 5082
l 5082 5083
l 5083 5084
l 5084 5085
l 5085 5086
l 5086 5087
l 5087 5088
l 5088 5089
l 5089 5090
l 5091 5092
l 5092 5093
l 5093 5094
l 5094 5095
l 5095 5096
l 5096 5097
l 5097 5098
l 5098 5099
l 5099 5100
l 5100 5101
l 5101 5102
l 5102 5103
l 5103 5104
l 5104 5105
l 5106 5107
l 5108 5109
l 5110 5111
l 5111 5112
l 5113 5114
l 5114 5115
l 5116 5117
l 5117 5118
l 5119 5120
l 5120 5121
l 5121 5122
l 5123 5124
l 5124 5125
l 5125 5126
l 5126 5127
l 5127 5128
l 5129 5130
l 5131 5132
l 5132 5133
l 5133 5134
l 5134 5135
l 5135 5136
l 5136 5137
l 5137 5138
l 5139 5140
l 5140 5141
l 5141 5142
l 5142 5143
l 5143 5144
l 5144 5145
l 5146 5147
l 5147 5148
l 5148 5149
l 5149 5150
l 5150 5151
l 5151 5152
l 5152 5153
l 5153 5154
l 5154 5155
l 5155 5156
l 5157 5158
l 5158 5159
l 5159 5160
l 5161 5162
l 5162 5163
l 5163 5164
l 5164 5165
l 5165 5166
l 5166 5167
l 5167 5168
l 5168 5169
l 5169 5170
l 5170 5171
l 5171 5172
l 5172 5173
l 5174 5175
l 5175 5176
l 5176 5177
l 5177 5178
l 5179 5180
l 5180 5181
l 5182 5183
l 5183 5184
l 5184 5185
l 5185 5186
l 5186 5187
l 5188 5189
l 5189 5190
l 5190 5191
l 5191 5192
l 5192 5193
l 5193 5194
l 5194 5195
l 5195 5196
l 5196 5197
l 5197 5198
l 5198 5199
l 5199 5200
l 5200 5201
l 5201 5202
l 5202 5203
l 5203 5204
l 5204 5205
l 5205 5206
l 5206 5207
l 5207 5208
l 5208 5209
l 5209 5210
l 5210 5211
l 5212 5213
l 5213 5214
l 5214 5215
l 5215 5216
l 5216 5217
l 5217 5218
l 5218 5219
l 5219 5220
l 5220 5221
l 5221 5222
l 5222 5223
l 5224 5225
l 5225 5226
l 5226 5227
l 5227 5228
l 5229 5230
l 5231 5232
l 5232 5233
l 5233 5234
l 5234 5235
l 5235 5236
l 5236 5237
l 5237 5238
l 5239 5240
l 5240 5241
l 5242 5243
l 5243 5244
l 5244 5245
l 5245 5246
l 5246 5247
l 5248 5249
l 5249 5250
l 5250 5251
l 5251 5252
l 5253 5254
l 5254 5255
l 5255 5256
l 5257 5258
l 5258 5259
l 5260 5261
l 5261 5262
l 5262 5263
l 5263 5264
l 5264 5265
l 5265 5266
l 5266 5267
l 5267 5268
l 5268 5269
l 5270 5271
l 5271 5272
l 5272 5273
l 5274 5275
l 5275 5276
l 5277 5278
l 5279 5280
l 5280 5281
l 5281 5282
l 5282 5283
l 5283 5284
l 5284 5285
l 5286 5287
l 5288 5289
l 5289 5290
l 5290 5291
l 5291 5292
l 5292 5293
l 5293 5294
l 5294 5295
l 5295 5296
l 5296 5297
l 5297 5298
l 5298 5299
l 5300 5301
l 5301 5302
l 5302 5303
l 5303 5304
l 5304 5305
l 5305 5306
l 5306 5307
l 5307 5308
l 5308 5309
l 5309 5310
l 5310 5311
l 5312 5313
l 5313 5314
l 5314 5315
l 5316 5317
l 5317 5318
l 5318 5319
l 5319 5320
l 5320 5321
l 5321 5322
l 5323 5324
l 5324 5325
l 5325 5326
l 5326 5327
l 5327 5328
l 5328 5329
l 5329 5330
l 5330 5331
l 5332 5333
l 5333 5334
l 5334 5335
l 5335 5336
l 5337 5338
l 5338 5339
l 5339 5340
l 5340 5341
l 5341 5342
l 5342 5343
l 5343 5344
l 5344 5345
l 5346 5347
l 5347 5348
l 5348 5349
l 5350 5351
l 5351 5352
l 5352 5353
l 5353 5354
l 5354 5355
l 5355 5356
l 5356 5357
l 5357 5358
l 5358 5359
l 5359 5360
l 5360 5361
l 5362 5363
l 5363 5364
l 5364 5365
l 5365 5366
l 5366 5367
l 5367 5368
l 5368 5369
l 5369 5370
l 5371 5372
l 5372 5373
l 5373 5374
l 5374 5375
l 5376 5377
l 5377 5378
l 5379 5380
l 5380 5381
l 5381 5382
l 5382 5383
l 5383 5384
l 5384 5385
l 5385 5386
l 5386 5387
l 5387 5388
l 5389 5390
l 5390 5391
l 5391 5392
l 5392 5393
l 5393 5394
l 5394 5395
l 5395 5396
l 5397 5398
l 5398 5399
l 5400 5401
l 5401 5402
l 5403 5404
l 5405 5406
l 5406 5407
l 5407 5408
l 5408 5409
l 5409 5410
l 5410 5411
l 5411 5412
l 5412 5413
l 5413 5414
l 5414 5415
l 5415 5416
l 5416 5417
l 5417 5418
l 5418 5419
l 5419 5420
l 5420 5421
l 5421 5422
l 5422 5423
l 5423 5424
l 5424 5425
l 5425 5426
l 5426 5427
l 5427 5428
l 5429 5430
l 5430 5431
l 5431 5432
l 5432 5433
l 5433 5434
l 5435 5436
l 5436 5437
l 5437 5438
l 5438 5439
l 5439 5440
l 5440 5441
l 5442 5443
l 5443 5444
l 5444 5445
l 5445 5446
l 5447 5448
l 5448 5449
l 5449 5450
l 5450 5451
l 5451 5452
l 5452 5453
l 5453 5454
l 5454 5455
l 5455 5456
l 5456 5457
l 5457 5458
l 5458 5459
l 5459 5460
l 5460 5461
l 5462 5463
l 5463 5464
l 5465 5466
l 5466 5467
l 5467 5468
l 5468 5469
l 5469 5470
l 5470 5471
l 5471 5472
l 5472 5473
l 5473 5474
l 5474 5475
l 5475 5476
l 5477 5478
l 5478 5479
l 5479 5480
l 5480 5481
l 5481 5482
l 5482 5483
l 5484 5485
l 5486 5487
l 5487 5488
l 5488 5489
l 5489 5490
l 5491 5492
l 5493 5494
l 5495 5496
l 5496 5497
l 5497 5498
l 5498 5499
l 5499 5500
l 5500 5501
l 5501 5502
l 5502 5503
l 5503 5504
l 5504 5505
l 5505 5506
l 5506 5507
l 5507 5508
l 5508 5509
l 5509 5510
l 5510 5511
l 5511 5512
l 5512 5513
l 5513 5514
l 5515 5516
l 5516 5517
l 5517 5518
l 5518 5519
l 5519 5520
l 5520 5521
l 5521 5522
l 5522 5523
l 5523 5524
l 5525 5526
l 5526 5527
l 5527 5528
l 5528 5529
l 5529 5530
l 5530 5531
l 5531 5532
l 5532 5533
l 5534 5535
l 5535 5536
l 5536 5537
l 5537 5538
l 5538 5539
l 5539 5540
l 5540 5541
l 5541 5542
l 5542 5543
l 5543 5544
l 5544 5545
l 5545 5546
l 5546 5547
l 5547 5548
l 5548 5549
l 5549 5550
l 5550 5551
l 5551 5552
l 5553 5554
l 5554 5555
l 5555 5556
l 5556 5557
l 5557 5558
l 5558 5559
l 5559 5560
l 5560 5561
l 5561 5562
l 5562 5563
l 5563 5564
l 5565 5566
l 5566 5567
l 5568 5569
l 5569 5570
l 5570 5571
l 5571 5572
l 5572 5573
l 5573 5574
l 5574 5575
l 5575 5576
l 5576 5577
l 5577 5578
l 5578 5579
l 5579 5580
l 5580 5581
l 5581 5582
l 5582 5583
l 5583 5584
l 5584 5585
l 5585 5586
l 5586 5587
l 5587 5588
l 5588 5589
l 5589 5590
l 5590 5591
l 5591 5592
l 5592 5593
l 5594 5595
l 5595 5596
l 5597 5598
l 5599 5600
l 5601 5602
l 5602 5603
l 5604 5605
l 5606 5607
l 5607 5608
l 5608 5609
l 5609 5610
l 5610 5611
l 5611 5612
l 5612 5613
l 5613 5614
l 5614 5615
l 5615 5616
l 5616 5617
l 5617 5618
l 5618 5619
l 5619 5620
l 5620 5621
l 5622 5623
l 5624 5625
l 5625 5626
l 5626 5627
l 5628 5629
l 5629 5630
l 5630 5631
l 5631 5632
l 5632 5633
l 5633 5634
l 5634 5635
l 5635 5636
l 5636 5637
l 5637 5638
l 5639 5640
l 5640 5641
l 5641 5642
l 5642 5643
l 5643 5644
l 5644 5645
l 5645 5646
l 5646 5647
l 5647 5648
l 5648 5649
l 5649 5650
l 5650 5651
l 5651 5652
l 5652 5653
l 5653 5654
l 5654 5655
l 5655 5656
l 5656 5657
l 5657 5658
l 5659 5660
l 5660 5661
l 5661 5662
l 5662 5663
l 5663 5664
l 5664 5665
l 5665 5666
l 5666 5667
l 5667 5668
l 5668 5669
l 5669 5670
l 5670 5671
l 5672 5673
l 5673 5674
l 5674 5675
l 5675 5676
l 5676 5677
l 5677 5678
l 5678 5679
l 5680 5681
l 5681 5682
l 5682 5683
l 5683 5684
l 5684 5685
l 5685 5686
l 5686 5687
l 5687 5688
l 5688 5689
l 5689 5690
l 5690 5691
l 5691 5692
l 5693 5694
l 5694 5695
l 5695 5696
l 5696 5697
l 5697 5698
l 5698 5699
l 5699 5700
l 5700 5701
l 5701 5702
l 5702 5703
l 5703 5704
l 5704 5705
l 5705 5706
l 5706 5707
l 5707 5708
l 5708 5709
l 5709 5710
l 5710 5711
l 5711 5712
l 5712 5713
l 5713 5714
l 5715 5716
l 5716 5717
l 5717 5718
l 5718 5719
l 5720 5721
l 5721 5722
l 5722 5723
l 5723 5724
l 5724 5725
l 5725 5726
l 5726 5727
l 5727 5728
l 5728 5729
l 5730 5731
l 5731 5732
l 5732 5733
l 5733 5734
l 5734 5735
l 5736 5737
l 5737 5738
l 5738 5739
l 5739 5740
l 5740 5741
l 5741 5742
l 5742 5743
l 5743 5744
l 5744 5745
l 5745 5746
l 5746 5747
l 5747 5748
l 5748 5749
l 5749 5750
l 5750 5751
l 5751 5752
l 5752 5753
l 5753 5754
l 5754 5755
l 5755 5756
l 5756 5757
l 5757 5758
l 5758 5759
l 5760 5761
l 5761 5762
l 5762 5763
l 5763 5764
l 5764 5765
l 5765 5766
l 5766 5767
l 5767 5768
l 5768 5769
l 5769 5770
l 5770 5771
l 5771 5772
l 5772 5773
l 5773 5774
l 5774 5775
l 5775 5776
l 5776 5777
l 5777 5778
l 5778 5779
l 5779 5780
l 5780 5781
l 5781 5782
l 5782 5783
l 5783 5784
l 5784 5785
l 5785 5786
l 5786 5787
l 5787 5788
l 5788 5789
l 5790 5791
l 5791 5792
l 5792 5793
l 5793 5794
l 5794 5795
l 5795 5796
l 5796 5797
l 5797 5798
l 5798 5799
l 5799 5800
l 5800 5801
l 5801 5802
l 5802 5803
l 5804 5805
l 5805 5806
l 5806 5807
l 5807 5808
l 5808 5809
l 5809 5810
l 5810 5811
l 5811 5812
l 5812 5813
l 5813 5814
l 5814 5815
l 5815 5816
l 5816 5817
l 5817 5818
l 5819 5820
l 5820 5821
l 5822 5823
l 5823 5824
l 5824 5825
l 5825 5826
l 5826 5827
l 5827 5828
l 5828 5829
l 5829 5830
l 5830 5831
l 5831 5832
l 5832 5833
l 5833 5834
l 5834 5835
l 5835 5836
l 5836 5837
l 5837 5838
l 5838 5839
l 5839 5840
l 5841 5842
l 5842 5843
l 5843 5844
l 5844 5845
l 5845 5846
l 5846 5847
l 5847 5848
l 5848 5849
l 5849 5850
l 5850 5851
l 5851 5852
l 5852 5853
l 5853 5854
l 5854 5855
l 5855 5856
l 5856 5857
l 5857 5858
l 5858 5859
l 5859 5860
l 5860 5861
l 5861 5862
l 5863 5864
l 5864 5865
l 5865 5866
l 5866 5867
l 5868 5869
l 5869 5870
l 5870 5871
l 5871 5872
l 5873 5874
l 5874 5875
l 5875 5876
l 5877 5878
l 5878 5879
l 5879 5880
l 5880 5881
l 5881 5882
l 5882 5883
l 5883 5884
l 5885 5886
l 5886 5887
l 5887 5888
l 5888 5889
l 5889 5890
l 5890 5891
l 5891 5892
l 5892 5893
l 5893 5894
l 5894 5895
l 5896 5897
l 5897 5898
l 5898 5899
l 5900 5901
l 5901 5902
l 5902 5903
l 5903 5904
l 5904 5905
l 5906 5907
l 5907 5908
l 5908 5909
l 5909 5910
l 5910 5911
l 5911 5912
l 5912 5913
l 5913 5914
l 5914 5915
l 5915 5916
l 5916 5917
l 5917 5918
l 5918 5919
l 5919 5920
l 5920 5921
l 5921 5922
l 5922 5923
l 5923 5924
l 5924 5925
l 5926 5927
l 5928 5929
l 5929 5930
l 5931 5932
l 5932 5933
l 5934 5935
l 5935 5936
l 5936 5937
l 5937 5938
l 5938 5939
l 5939 5940
l 5941 5942
l 5942 5943
l 5944 5945
l 5945 5946
l 5946 5947
l 5947 5948
l 5949 5950
l 5950 5951
l 5951 5952
l 5952 5953
l 5953 5954
l 5954 5955
l 5955 5956
l 5956 5957
l 5957 5958
l 5958 5959
l 5960 5961
l 5961 5962
l 5962 5963
l 5963 5964
l 5964 5965
l 5965 5966
l 5966 5967
l 5967 5968
l 5969 5970
l 5971 5972
l 5972 5973
l 5973 5974
l 5974 5975
l 5975 5976
l 5976 5977
l 5977 5978
l 5978 5979
l 5979 5980
l 5980 5981
l 5981 5982
l 5982 5983
l 5983 5984
l 5984 5985
l 5985 5986
l 5986 5987
l 5988 5989
l 5989 5990
l 5990 5991
l 5991 5992
l 5993 5994
l 5994 5995
l 5995 5996
l 5996 5997
l 5997 5998
l 5998 5999
l 5999 6000
l 6000 6001
l 6002 6003
l 6003 6004
l 6004 6005
l 6005 6006
l 6006 6007
l 6007 6008
l 6009 6010
l 6010 6011
l 6011 6012
l 6012 6013
l 6013 6014
l 6014 6015
l 6015 6016
l 6016 6017
l 6017 6018
l 6018 6019
l 6019 6020
l 6020 6021
l 6021 6022
l 6022 6023
l 6024 6025
l 6025 6026
l 6026 6027
l 6027 6028
l 6028 6029
l 6030 6031
l 6031 6032
l 6032 6033
l 6033 6034
l 6034 6035
l 6035 6036
l 6036 6037
l 6037 6038
l 6038 6039
l 6039 6040
l 6040 6041
l 6041 6042
l 6042 6043
l 6043 6044
l 6044 6045
l 6045 6046
l 6047 6048
l 6049 6050
l 6050 6051
l 6051 6052
l 6052 6053
l 6053 6054
l 6054 6055
l 6055 6056
l 6056 6057
l 6057 6058
l 6058 6059
l 6059 6060
l 6060 6061
l 6061 6062
l 6062 6063
l 6063 6064
l 6065 6066
l 6066 6067
l 6068 6069
l 6069 6070
l 6070 6071
l 6071 6072
l 6072 6073
l 6073 6074
l 6075 6076
l 6076 6077
l 6077 6078
l 6078 6079
l 6080 6081
l 6081 6082
l 6082 6083
l 6084 6085
l 6086 6087
l 6087 6088
l 6088 6089
l 6089 6090
l 6090 6091
l 6091 6092
l 6092 6093
l 6093 6094
l 6094 6095
l 6096 6097
l 6097 6098
l 6098 6099
l 6099 6100
l 6100 6101
l 6101 6102
l 6102 6103
l 6103 6104
l 6104 6105
l 6105 6106
l 6106 6107
l 6108 6109
l 6110 6111
l 6111 6112
l 6113 6114
l 6114 6115
l 6116 6117
l 6117 6118
l 6118 6119
l 6119 6120
l 6120 6121
l 6121 6122
l 6122 6123
l 6123 6124
l 6124 6125
l 6125 6126
l 6126 6127
l 6127 6128
l 6128 6129
l 6129 6130
l 6131 6132
l 6132 6133
l 6134 6135
l 6135 6136
l 6136 6137
l 6138 6139
l 6139 6140
l 6141 6142
l 6142 6143
l 6143 6144
l 6144 6145
l 6145 6146
l 6146 6147
l 6148 6149
l 6149 6150
l 6151 6152
l 6152 6153
l 6154 6155
l 6155 6156
l 6156 6157
l 6157 6158
l 6158 6159
l 6160 6161
l 6161 6162
l 6162 6163
l 6163 6164
l 6164 6165
l 6165 6166
l 6166 6167
l 6167 6168
l 6168 6169
l 6169 6170
l 6170 6171
l 6171 6172
l 6172 6173
l 6173 6174
l 6174 6175
l 6175 6176
l 6177 6178
l 6178 6179
l 6180 6181
l 6181 6182
l 6182 6183
l 6183 6184
l 6184 6185
l 6185 6186
l 6186 6187
l 6187 6188
l 6188 6189
l 6189 6190
l 6190 6191
l 6191 6192
l 6192 6193
l 6193 6194
l 6195 6196
l 6196 6197
l 6197 6198
l 6198 6199
l 6199 6200
l 6200 6201
l 6201 6202
l 6202 6203
l 6203 6204
l 6204 6205
l 6206 6207
l 6207 6208
l 6208 6209
l 6209 6210
l 6210 6211
l 6211 6212
l 6212 6213
l 6213 6214
l 6214 6215
l 6215 6216
l 6216 6217
l 6218 6219
l 6219 6220
l 6220 6221
l 6221 6222
l 6223 6224
l 6224 6225
l 6226 6227
l 6227 6228
l 6228 6229
l 6229 6230
l 6231 6232
l 6232 6233
l 6233 6234
l 6234 6235
l 6235 6236
l 6236 6237
l 6237 6238
l 6238 6239
l 6240 6241
l 6242 6243
l 6244 6245
l 6246 6247
l 6247 6248
l 6249 6250
l 6251 6252
l 6252 6253
l 6253 6254
l 6254 6255
l 6256 6257
l 6258 6259
l 6259 6260
l 6260 6261
l 6262 6263
l 6264 6265
l 6265 6266
l 6266 6267
l 6267 6268
l 6268 6269
l 6269 6270
l 6270 6271
l 6271 6272
l 6273 6274
l 6275 6276
l 6277 6278
l 6279 6280
l 6281 6282
l 6283 6284
l 6284 6285
l 6286 6287
l 6288 6289
l 6290 6291
l 6292 6293
l 6293 6294
l 6294 6295
l 6296 6297
l 6298 6299
l 6300 6301
l 6302 6303
l 6303 6304
l 6305 6306
l 6306 6307
l 6308 6309
l 6310 6311
l 6312 6313
l 6314 6315
l 6316 6317
l 6318 6319
l 6320 6321
l 6321 6322
l 6322 6323
l 6323 6324
l 6324 6325
l 6325 6326
l 6327 6328
l 6328 6329
l 6330 6331
l 6331 6332
l 6332 6333
l 6333 6334
l 6335 6336
l 6337 6338
l 6339 6340
l 6341 6342
l 6342 6343
l 6344 6345
l 6346 6347
l 6348 6349
l 6350 6351
l 6352 6353
l 6354 6355
l 6356 6357
l 6358 6359
l 6359 6360
l 6361 6362
l 6362 6363
l 6364 6365
l 6366 6367
l 6368 6369
l 6370 6371
l 6372 6373
l 6374 6375
l 6376 6377
l 6378 6379
l 6380 6381
l 6381 6382
l 6383 6384
l 6385 6386
l 6387 6388
l 6389 6390
l 6391 6392
l 6393 6394
l 6394 6395
l 6396 6397
l 6398 6399
l 6399 6400
l 6400 6401
l 6401 6402
l 6403 6404
l 6404 6405
l 6406 6407
l 6408 6409
l 6409 6410
l 6410 6411
l 6411 6412
l 6412 6413
l 6413 6414
l 6414 6415
l 6415 6416
l 6416 6417
l 6417 6418
l 6418 6419
l 6419 6420
l 6420 6421
l 6422 6423
l 6423 6424
l 6424 6425
l 6425 6426
l 6427 6428
l 6428 6429
l 6429 6430
l 6430 6431
l 6432 6433
l 6433 6434
l 6434 6435
l 6435 6436
l 6436 6437
l 6437 6438
l 6438 6439
l 6439 6440
l 6441 6442
l 6443 6444
l 6444 6445
l 6446 6447
l 6448 6449
l 6449 6450
l 6451 6452
l 6452 6453
l 6453 6454
l 6454 6455
l 6455 6456
l 6456 6457
l 6457 6458
l 6458 6459
l 6459 6460
l 6460 6461
l 6461 6462
l 6462 6463
l 6463 6464
l 6465 6466
l 6466 6467
l 6468 6469
l 6470 6471
l 6472 6473
l 6473 6474
l 6474 6475
l 6475 6476
l 6477 6478
l 6478 6479
l 6479 6480
l 6480 6481
l 6481 6482
l 6482 6483
l 6483 6484
l 6484 6485
l 6485 6486
l 6486 6487
l 6487 6488
l 6489 6490
l 6491 6492
l 6492 6493
l 6494 6495
l 6496 6497
l 6498 6499
l 6500 6501
l 6501 6502
l 6502 6503
l 6503 6504
l 6504 6505
l 6505 6506
l 6506 6507
l 6507 6508
l 6508 6509
l 6509 6510
l 6510 6511
l 6511 6512
l 6512 6513
l 6514 6515
l 6516 6517
l 6518 6519
l 6519 6520
l 6520 6521
l 6521 6522
l 6522 6523
l 6524 6525
l 6526 6527
l 6527 6528
l 6528 6529
l 6529 6530
l 6530 6531
l 6531 6532
l 6532 6533
l 6533 6534
l 6534 6535
l 6535 6536
l 6536 6537
l 6537 6538
l 6538 6539
l 6539 6540
l 6540 6541
l 6541 6542
l 6542 6543
l 6544 6545
l 6545 6546
l 6547 6548
l 6549 6550
l 6550 6551
l 6551 6552
l 6552 6553
l 6554 6555
l 6555 6556
l 6556 6557
l 6557 6558
l 6558 6559
l 6559 6560
l 6560 6561
l 6561 6562
l 6562 6563
l 6563 6564
l 6564 6565
l 6565 6566
l 6566 6567
l 6567 6568
l 6568 6569
l 6570 6571
l 6571 6572
l 6572 6573
l 6573 6574
l 6574 6575
l 6575 6576
l 6576 6577
l 6577 6578
l 6579 6580
l 6580 6581
l 6581 6582
l 6582 6583
l 6583 6584
l 6584 6585
l 6585 6586
l 6586 6587
l 6587 6588
l 6588 6589
l 6589 6590
l 6590 6591
l 6591 6592
l 6592 6593
l 6593 6594
l 6594 6595
l 6595 6596
l 6596 6597
l 6597 6598
l 6598 6599
l 6599 6600
l 6600 6601
l 6601 6602
l 6602 6603
l 6604 6605
l 6605 6606
l 6606 6607
l 6607 6608
l 6608 6609
l 6609 6610
l 6610 6611
l 6612 6613
l 6613 6614
l 6614 6615
l 6615 6616
l 6616 6617
l 6617 6618
l 6619 6620
l 6620 6621
l 6621 6622
l 6622 6623
l 6623 6624
l 6624 6625
l 6625 6626
l 6626 6627
l 6627 6628
l 6628 6629
l 6629 6630
l 6630 6631
l 6631 6632
l 6632 6633
l 6633 6634
l 6634 6635
l 6635 6636
l 6637 6638
l 6638 6639
l 6639 6640
l 6640 6641
l 6641 6642
l 6642 6643
l 6643 6644
l 6644 6645
l 6645 6646
l 6647 6648
l 6648 6649
l 6649 6650
l 6650 6651
l 6652 6653
l 6653 6654
l 6654 6655
l 6655 6656
l 6656 6657
l 6657 6658
l 6658 6659
l 6659 6660
l 6660 6661
l 6661 6662
l 6662 6663
l 6663 6664
l 6664 6665
l 6665 6666
l 6667 6668
l 6668 6669
l 6670 6671
l 6671 6672
l 6672 6673
l 6673 6674
l 6675 6676
l 6676 6677
l 6677 6678
l 6678 6679
l 6679 6680
l 6680 6681
l 6682 6683
l 6683 6684
l 6684 6685
l 6685 6686
l 6686 6687
l 6687 6688
l 6688 6689
l 6689 6690
l 6690 6691
l 6691 6692
l 6692 6693
l 6693 6694
l 6694 6695
l 6695 6696
l 6696 6697
l 6697 6698
l 6698 6699
l 6699 6700
l 6700 6701
l 6701 6702
l 6702 6703
l 6703 6704
l 6704 6705
l 6705 6706
l 6707 6708
l 6708 6709
l 6709 6710
l 6711 6712
l 6712 6713
l 6713 6714
l 6714 6715
l 6715 6716
l 6716 6717
l 6718 6719
l 6719 6720
l 6720 6721
l 6721 6722
l 6723 6724
l 6724 6725
l 6725 6726
l 6726 6727
l 6727 6728
l 6728 6729
l 6729 6730
l 6730 6731
l 6731 6732
l 6732 6733
l 6733 6734
l 6734 6735
l 6735 6736
l 6736 6737
l 6737 6738
l 6738 6739
l 6739 6740
l 6741 6742
l 6743 6744
l 6745 6746
l 6746 6747
l 6748 6749
l 6749 6750
l 6750 6751
l 6751 6752
l 6752 6753
l 6753 6754
l 6754 6755
l 6755 6756
l 6756 6757
l 6757 6758
l 6758 6759
l 6759 6760
l 6760 6761
l 6761 6762
l 6762 6763
l 6763 6764
l 6764 6765
l 6766 6767
l 6768 6769
l 6770 6771
l 6771 6772
l 6773 6774
l 6775 6776
l 6776 6777
l 6777 6778
l 6779 6780
l 6781 6782
l 6782 6783
l 6784 6785
l 6786 6787
l 6787 6788
l 6788 6789
l 6789 6790
l 6790 6791
l 6791 6792
l 6793 6794
l 6795 6796
l 6796 6797
l 6797 6798
l 6798 6799
l 6799 6800
l 6800 6801
l 6802 6803
l 6804 6805
l 6806 6807
l 6807 6808
l 6808 6809
l 6809 6810
l 6810 6811
l 6811 6812
l 6812 6813
l 6813 6814
l 6815 6816
l 6817 6818
l 6819 6820
l 6820 6821
l 6821 6822
l 6822 6823
l 6823 6824
l 6824 6825
l 6825 6826
l 6826 6827
l 6827 6828
l 6828 6829
l 6829 6830
l 6830 6831
l 6831 6832
l 6833 6834
l 6835 6836
l 6836 6837
l 6837 6838
l 6838 6839
l 6839 6840
l 6841 6842
l 6843 6844
l 6845 6846
l 6846 6847
l 6847 6848
l 6848 6849
l 6849 6850
l 6850 6851
l 6851 6852
l 6852 6853
l 6853 6854
l 6854 6855
l 6855 6856
l 6856 6857
l 6857 6858
l 6858 6859
l 6859 6860
l 6860 6861
l 6861 6862
l 6862 6863
l 6863 6864
l 6864 6865
l 6865 6866
l 6866 6867
l 6867 6868
l 6868 6869
l 6869 6870
l 6870 6871
l 6871 6872
l 6872 6873
l 6873 6874
l 6874 6875
l 6875 6876
l 6876 6877
l 6877 6878
l 6878 6879
l 6879 6880
l 6880 6881
l 6881 6882
l 6882 6883
l 6883 6884
l 6884 6885
l 6885 6886
l 6886 6887
l 6887 6888
l 6888 6889
l 6889 6890
l 6890 6891
l 6891 6892
l 6892 6893
l 6893 6894
l 6894 6895
l 6895 6896
l 6896 6897
l 6897 6898
l 6898 6899
l 6899 6900
l 6900 6901
l 6901 6902
l 6902 6903
l 6903 6904
l 6905 6906
l 6906 6907
l 6907 6908
l 6908 6909
l 6909 6910
l 6911 6912
l 6912 6913
l 6913 6914
l 6914 6915
l 6915 6916
l 6917 6918
l 6918 6919
l 6919 6920
l 6920 6921
l 6921 6922
l 6922 6923
l 6923 6924
l 6924 6925
l 6925 6926
l 6927 6928
l 6928 6929
l 6930 6931
l 6931 6932
l 6933 6934
l 6934 6935
l 6936 6937
l 6937 6938
l 6938 6939
l 6939 6940
l 6940 6941
l 6941 6942
l 6942 6943
l 6943 6944
l 6944 6945
l 6945 6946
l 6947 6948
l 6948 6949
l 6949 6950
l 6950 6951
l 6951 6952
l 6952 6953
l 6953 6954
l 6955 6956
l 6956 6957
l 6957 6958
l 6959 6960
l 6960 6961
l 6961 6962
l 6963 6964
l 6964 6965
l 6966 6967
l 6967 6968
l 6968 6969
l 6969 6970
l 6970 6971
l 6971 6972
l 6972 6973
l 6973 6974
l 6974 6975
l 6975 6976
l 6976 6977
l 6977 6978
l 6978 6979
l 6979 6980
l 6980 6981
l 6981 6982
l 6982 6983
l 6983 6984
l 6984 6985
l 6985 6986
l 6986 6987
l 6987 6988
l 6988 6989
l 6989 6990
l 6990 6991
l 6991 6992
l 6992 6993
l 6993 6994
l 6994 6995
l 6995 6996
l 6996 6997
l 6998 6999
l 6999 7000
l 7000 7001
l 7001 7002
l 7003 7004
l 7004 7005
l 7005 7006
l 7006 7007
l 7007 7008
l 7009 7010
l 7010 7011
l 7011 7012
l 7012 7013
l 7013 7014
l 7014 7015
l 7016 7017
l 7017 7018
l 7018 7019
l 7019 7020
l 7020 7021
l 7022 7023
l 7024 7025
l 7025 7026
l 7026 7027
l 7027 7028
l 7028 7029
l 7029 7030
l 7031 7032
l 7032 7033
l 7033 7034
l 7034 7035
l 7035 7036
l 7036 7037
l 7037 7038
l 7038 7039
l 7039 7040
l 7040 7041
l 7041 7042
l 7042 7043
l 7043 7044
l 7044 7045
l 7045 7046
l 7046 7047
l 7047 7048
l 7048 7049
l 7050 7051
l 7051 7052
l 7052 7053
l 7053 7054
l 7054 7055
l 7055 7056
l 7056 7057
l 7057 7058
l 7058 7059
l 7059 7060
l 7060 7061
l 7061 7062
l 7062 7063
l 7063 7064
l 7064 7065
l 7065 7066
l 7066 7067
l 7067 7068
l 7068 7069
l 7069 7070
l 7070 7071
l 7071 7072
l 7072 7073
l 7073 7074
l 7074 7075
l 7075 7076
l 7076 7077
l 7078 7079
l 7079 7080
l 7080 7081
l 7081 7082
l 7082 7083
l 7083 7084
l 7084 7085
l 7085 7086
l 7086 7087
l 7087 7088
o Areas:building
v -300.560730 283.973083 -343.843506
v -306.371582 284.001587 -322.195892
v -255.676697 284.029541 -308.271240
v -255.086700 284.016479 -310.684631
v -250.433548 284.219666 -309.587646
v -250.678452 284.189514 -308.402863
v -246.670959 284.358917 -306.399017
v -226.466461 285.363098 -301.879364
v -226.677979 285.319336 -300.255798
v -201.297134 287.207428 -292.971680
v -195.063232 288.725250 -314.282837
v -220.510880 286.301331 -321.186646
v -219.898621 286.395569 -323.336792
v -220.711243 286.328369 -323.643951
v -219.586914 286.522400 -328.119720
v -193.738541 289.198395 -321.874115
v -192.959305 289.408295 -325.706299
v -185.222595 290.052948 -323.951111
v -180.157562 290.712097 -342.029785
v -187.671631 290.112061 -343.638733
v -186.179947 290.114899 -348.626465
v -214.811310 286.650757 -356.320160
v -208.310257 287.000000 -380.118011
v -223.104614 285.697876 -384.623077
v -229.126999 285.220886 -386.202759
v -229.650208 285.151306 -384.637695
v -232.566772 284.920959 -385.369049
v -258.404022 284.000000 -392.155914
v -260.507965 284.000000 -380.732330
v -264.849426 284.000000 -363.999237
v -265.762238 284.000000 -364.130890
v -269.391266 284.000000 -351.727356
v -275.224396 284.000000 -353.643463
v -276.059296 284.000000 -350.016022
v -287.569733 284.000000 -352.721985
v -289.907440 284.000000 -345.145294
v -290.898193 284.000000 -341.473969
v -300.560730 301.712097 -343.843506
v -306.371582 301.712097 -322.195892
v -255.676697 301.712097 -308.271240
v -255.086700 301.712097 -310.684631
v -250.433548 301.712097 -309.587646
v -250.678452 301.712097 -308.402863
v -246.670959 301.712097 -306.399017
v -226.466461 301.712097 -301.879364
v -226.677979 301.712097 -300.255798
v -201.297134 301.712097 -292.971680
v -195.063232 301.712097 -314.282837
v -220.510880 301.712097 -321.186646
v -219.898621 301.712097 -323.336792
v -220.711243 301.712097 -323.643951
v -219.586914 301.712097 -328.119720
v -193.738541 301.712097 -321.874115
v -192.959305 301.712097 -325.706299
v -185.222595 301.712097 -323.951111
v -180.157562 301.712097 -342.029785
v -187.671631 301.712097 -343.638733
v -186.179947 301.712097 -348.626465
v -214.811310 301.712097 -356.320160
v -208.310257 301.712097 -380.118011
v -223.104614 301.712097 -384.623077
v -229.126999 301.712097 -386.202759
v -229.650208 301.712097 -384.637695
v -232.566772 301.712097 -385.369049
v -258.404022 301.712097 -392.155914
v -260.507965 301.712097 -380.732330
v -264.849426 301.712097 -363.999237
v -265.762238 301.712097 -364.130890
v -269.391266 301.712097 -351.727356
v -275.224396 301.712097 -353.643463
v -276.059296 301.712097 -350.016022
v -287.569733 301.712097 -352.721985
v -289.907440 301.712097 -345.145294
v -290.898193 301.712097 -341.473969
v -396.863220 273.221130 -355.310913
v -406.381012 272.092285 -318.743988
v -366.996185 278.732727 -309.499878
v -358.168549 280.444672 -337.919678
v -344.275879 281.973083 -334.789520
v -318.750336 283.778320 -327.417633
v -314.019257 283.842896 -345.174561
v -340.847229 282.392853 -354.184662
v -366.127899 279.063843 -360.225525
v -369.545410 278.741455 -347.368561
v -396.863220 307.842896 -355.310913
v -406.381012 307.842896 -318.743988
v -366.996185 307.842896 -309.499878
v -358.168549 307.842896 -337.919678
v -344.275879 307.842896 -334.789520
v -318.750336 307.842896 -327.417633
v -314.019257 307.842896 -345.174561
v -340.847229 307.842896 -354.184662
v -366.127899 307.842896 -360.225525
v -369.545410 307.842896 -347.368561
v -304.200867 275.298828 -492.028595
v -314.709412 278.236633 -455.680542
v -321.700287 277.242737 -453.662018
v -322.201233 277.309692 -452.638153
v -326.097412 278.568359 -437.733307
v -324.739319 279.482056 -432.394470
v -321.522186 279.836670 -431.589996
v -325.908173 281.015686 -416.743683
v -331.095642 281.925812 -396.690216
v -326.765320 282.249084 -395.812622
v -310.033997 283.275238 -391.687836
v -303.833527 282.778992 -414.710541
v -298.890930 283.107788 -413.057709
v -284.998260 283.727905 -409.196198
v -264.359619 284.000000 -403.360077
v -258.314972 284.000000 -401.692627
v -255.799149 284.100159 -411.053833
v -251.090332 284.257629 -410.015320
v -247.494720 284.987274 -423.823090
v -243.498352 285.974121 -437.762543
v -248.273956 285.882080 -439.005829
v -245.413040 286.582581 -449.464111
v -297.777740 280.397247 -463.798523
v -291.655151 278.547638 -487.201691
v -293.258148 278.171997 -487.640503
v -304.200867 307.582581 -492.028595
v -314.709412 307.582581 -455.680542
v -321.700287 307.582581 -453.662018
v -322.201233 307.582581 -452.638153
v -326.097412 307.582581 -437.733307
v -324.739319 307.582581 -432.394470
v -321.522186 307.582581 -431.589996
v -325.908173 307.582581 -416.743683
v -331.095642 307.582581 -396.690216
v -326.765320 307.582581 -395.812622
v -310.033997 307.582581 -391.687836
v -303.833527 307.582581 -414.710541
v -298.890930 307.582581 -413.057709
v -284.998260 307.582581 -409.196198
v -264.359619 307.582581 -403.360077
v -258.314972 307.582581 -401.692627
v -255.799149 307.582581 -411.053833
v -251.090332 307.582581 -410.015320
v -247.494720 307.582581 -423.823090
v -243.498352 307.582581 -437.762543
v -248.273956 307.582581 -439.005829
v -245.413040 307.582581 -449.464111
v -297.777740 307.582581 -463.798523
v -291.655151 307.582581 -487.201691
v -293.258148 307.582581 -487.640503
v -268.723358 289.852692 -505.426941
v -266.118469 289.852692 -504.680969
v -245.847183 289.852692 -498.976410
v -244.455688 289.852692 -503.876465
v -252.036560 289.852692 -506.012024
v -248.997528 289.852692 -516.792114
v -199.059601 289.852692 -502.720947
v -197.567932 289.852692 -508.045166
v -188.094635 289.852692 -505.368439
v -186.179947 289.852692 -504.827240
v -186.525040 289.852692 -503.598572
v -184.165054 289.852692 -502.925720
v -183.140915 289.852692 -502.633179
v -181.315277 289.852692 -509.112946
v -180.669632 289.852692 -508.922791
v -132.011871 289.852692 -495.188019
v -129.640778 289.852692 -503.583923
v -117.974487 289.852692 -500.292847
v -120.033897 289.752747 -492.993988
v -107.065178 290.710602 -489.337219
v -114.690567 293.973267 -462.291931
v -106.141228 294.726807 -459.878479
v -108.645920 295.455261 -451.029175
v -110.482689 295.331360 -451.555756
v -117.228653 294.717834 -453.457245
v -119.944847 294.910828 -443.818085
v -183.931290 288.150299 -460.609833
v -184.610336 288.270294 -458.328033
v -189.152176 288.615295 -443.262268
v -196.744156 288.038818 -445.163788
v -197.233963 288.051636 -443.350037
v -205.950287 287.570923 -445.997498
v -214.722260 287.192200 -448.659607
v -213.208313 287.124512 -454.290985
v -215.768661 287.008179 -455.095459
v -210.915131 285.919647 -470.643921
v -273.343109 281.680359 -489.030060
v -268.723358 319.455261 -505.426941
v -273.343109 319.455261 -489.030060
v -210.915131 319.455261 -470.643921
v -215.768661 319.455261 -455.095459
v -213.208313 319.455261 -454.290985
v -214.722260 319.455261 -448.659607
v -205.950287 319.455261 -445.997498
v -197.233963 319.455261 -443.350037
v -196.744156 319.455261 -445.163788
v -189.152176 319.455261 -443.262268
v -184.610336 319.455261 -458.328033
v -183.931290 319.455261 -460.609833
v -119.944847 319.455261 -443.818085
v -117.228653 319.455261 -453.457245
v -110.482689 319.455261 -451.555756
v -108.645920 319.455261 -451.029175
v -106.141228 319.455261 -459.878479
v -114.690567 319.455261 -462.291931
v -107.065178 319.455261 -489.337219
v -120.033897 319.455261 -492.993988
v -117.974487 319.455261 -500.292847
v -129.640778 319.455261 -503.583923
v -132.011871 319.455261 -495.188019
v -180.669632 319.455261 -508.922791
v -181.315277 319.455261 -509.112946
v -183.140915 319.455261 -502.633179
v -184.165054 319.455261 -502.925720
v -186.525040 319.455261 -503.598572
v -186.179947 319.455261 -504.827240
v -188.094635 319.455261 -505.368439
v -197.567932 319.455261 -508.045166
v -199.059601 319.455261 -502.720947
v -248.997528 319.455261 -516.792114
v -252.036560 319.455261 -506.012024
v -244.455688 319.455261 -503.876465
v -245.847183 319.455261 -498.976410
v -266.118469 319.455261 -504.680969
v 8.974257 292.086517 -283.873871
v -2.692026 294.548218 -241.500427
v 72.237122 295.910980 -220.598984
v 84.014725 296.472961 -263.294128
v 35.112072 293.349548 -276.838440
v 8.974257 319.472961 -283.873871
v -2.692026 319.472961 -241.500427
v 72.237122 319.472961 -220.598984
v 84.014725 319.472961 -263.294128
v 35.112072 319.472961 -276.838440
v -106.141228 294.726807 -459.878479
v -102.879570 293.074036 -473.276794
v -104.771996 293.027679 -473.920380
v -95.231918 295.509399 -510.166107
v 2.061316 292.261963 -483.325531
v -4.807096 295.784363 -453.837555
v -6.254250 295.965912 -447.621094
v 1.927733 296.063538 -445.295410
v 3.630921 296.030273 -451.643524
v 10.232167 296.073364 -449.917542
v 26.406889 296.325134 -445.412445
v 24.269554 296.468842 -436.870300
v 25.794632 296.526001 -436.446136
v 22.955984 296.704102 -425.914734
v 20.284317 296.700256 -416.231750
v 18.636789 296.645447 -416.670532
v 16.143232 296.571472 -407.879791
v -6.855375 295.879578 -414.227844
v -6.621603 295.897858 -415.880707
v -31.612829 295.384491 -422.726074
v -30.622086 295.442902 -426.280426
v -34.685246 295.379578 -427.611481
v -36.110138 295.368683 -427.933258
v -37.201069 295.268616 -424.144897
v -42.154785 294.783081 -406.124573
v -113.287941 295.461029 -425.534454
v -111.139473 295.494873 -433.754761
v -107.554985 295.563904 -447.416321
v -109.814774 295.443176 -448.162292
v -108.645920 295.455261 -451.029175
v -106.141228 312.704102 -459.878479
v -108.645920 312.704102 -451.029175
v -109.814774 312.704102 -448.162292
v -107.554985 312.704102 -447.416321
v -111.139473 312.704102 -433.754761
v -113.287941 312.704102 -425.534454
v -42.154785 312.704102 -406.124573
v -37.201069 312.704102 -424.144897
v -36.110138 312.704102 -427.933258
v -34.685246 312.704102 -427.611481
v -30.622086 312.704102 -426.280426
v -31.612829 312.704102 -422.726074
v -6.621603 312.704102 -415.880707
v -6.855375 312.704102 -414.227844
v 16.143232 312.704102 -407.879791
v 18.636789 312.704102 -416.670532
v 20.284317 312.704102 -416.231750
v 22.955984 312.704102 -425.914734
v 25.794632 312.704102 -436.446136
v 24.269554 312.704102 -436.870300
v 26.406889 312.704102 -445.412445
v 10.232167 312.704102 -449.917542
v 3.630921 312.704102 -451.643524
v 1.927733 312.704102 -445.295410
v -6.254250 312.704102 -447.621094
v -4.807096 312.704102 -453.837555
v 2.061316 312.704102 -483.325531
v -95.231918 312.704102 -510.166107
v -104.771996 312.704102 -473.920380
v -102.879570 312.704102 -473.276794
v -330.327545 276.976318 -494.997864
v -345.678497 276.976318 -499.473755
v -348.806580 276.976318 -501.243622
v -374.944397 275.269287 -408.552612
v -354.751038 279.058472 -404.266937
v -351.545044 279.971619 -394.423065
v -344.342682 280.571533 -401.795013
v -344.120026 280.559509 -402.643372
v -344.865875 280.447571 -402.892029
v -334.925049 277.322571 -439.664062
v -326.097412 278.568359 -437.733307
v -322.201233 277.309692 -452.638153
v -330.628113 275.692322 -455.036957
v -320.620483 271.718994 -491.502014
v -318.594482 272.160339 -491.385010
v -318.505432 272.041779 -492.291870
v -321.388611 276.976318 -503.452301
v -330.327545 293.571533 -494.997864
v -345.678497 293.571533 -499.473755
v -348.806580 293.571533 -501.243622
v -374.944397 293.571533 -408.552612
v -354.751038 293.571533 -404.266937
v -351.545044 293.571533 -394.423065
v -344.342682 293.571533 -401.795013
v -344.120026 293.571533 -402.643372
v -344.865875 293.571533 -402.892029
v -334.925049 293.571533 -439.664062
v -326.097412 293.571533 -437.733307
v -322.201233 293.571533 -452.638153
v -330.628113 293.571533 -455.036957
v -320.620483 293.571533 -491.502014
v -318.594482 293.571533 -491.385010
v -318.505432 293.571533 -492.291870
v -321.388611 293.571533 -503.452301
v -180.157562 290.712097 -342.029785
v -173.667633 290.898438 -365.929993
v -158.149689 292.141663 -361.761353
v -152.661636 292.542847 -360.020752
v -158.650635 292.171143 -339.221436
v -155.578217 292.372559 -337.802643
v -155.322174 292.389343 -339.411591
v -129.774353 293.813416 -332.215210
v -124.208382 294.108582 -352.210022
v -109.224777 294.286072 -348.129150
v -103.324844 294.246216 -346.505585
v -109.436287 294.148834 -325.852570
v -80.849442 293.548218 -318.890259
v -75.227806 293.362518 -339.031311
v -59.876846 292.801086 -334.555511
v -54.077103 292.616760 -332.858795
v -59.776661 292.711914 -311.884033
v -28.273245 291.945526 -302.259644
v -26.024591 292.010773 -311.108826
v -2.847873 291.995422 -305.038727
v -5.330297 291.474945 -295.516724
v -3.894276 291.436523 -294.873169
v -6.142930 292.050110 -282.864624
v -9.671758 292.556824 -275.565918
v -10.951932 292.557251 -275.770691
v -13.523412 293.245728 -266.438873
v -36.154663 293.425903 -273.035492
v -34.072990 292.692017 -282.294189
v -41.921013 292.797607 -284.356567
v -48.822823 295.121826 -255.951553
v -71.598793 295.210938 -262.796814
v -64.863960 293.333557 -287.691437
v -91.602905 294.297302 -293.220337
v -93.862686 294.380432 -293.907806
v -100.564125 295.220337 -270.870758
v -121.291809 294.405518 -277.525879
v -114.044914 294.355225 -302.537567
v -142.453644 293.173370 -310.362854
v -149.956573 292.454224 -285.058624
v -169.059006 290.909088 -289.797699
v -163.292648 291.710876 -316.286682
v -184.966553 290.011719 -321.449921
v -184.788452 290.062653 -322.239777
v -185.222595 290.052948 -323.951111
v -180.157562 304.220337 -342.029785
v -185.222595 304.220337 -323.951111
v -184.788452 304.220337 -322.239777
v -184.966553 304.220337 -321.449921
v -163.292648 304.220337 -316.286682
v -169.059006 304.220337 -289.797699
v -149.956573 304.220337 -285.058624
v -142.453644 304.220337 -310.362854
v -114.044914 304.220337 -302.537567
v -121.291809 304.220337 -277.525879
v -100.564125 304.220337 -270.870758
v -93.862686 304.220337 -293.907806
v -91.602905 304.220337 -293.220337
v -64.863960 304.220337 -287.691437
v -71.598793 304.220337 -262.796814
v -48.822823 304.220337 -255.951553
v -41.921013 304.220337 -284.356567
v -34.072990 304.220337 -282.294189
v -36.154663 304.220337 -273.035492
v -13.523412 304.220337 -266.438873
v -10.951932 304.220337 -275.770691
v -9.671758 304.220337 -275.565918
v -6.142930 304.220337 -282.864624
v -3.894276 304.220337 -294.873169
v -5.330297 304.220337 -295.516724
v -2.847873 304.220337 -305.038727
v -26.024591 304.220337 -311.108826
v -28.273245 304.220337 -302.259644
v -59.776661 304.220337 -311.884033
v -54.077103 304.220337 -332.858795
v -59.876846 304.220337 -334.555511
v -75.227806 304.220337 -339.031311
v -80.849442 304.220337 -318.890259
v -109.436287 304.220337 -325.852570
v -103.324844 304.220337 -346.505585
v -109.224777 304.220337 -348.129150
v -124.208382 304.220337 -352.210022
v -129.774353 304.220337 -332.215210
v -155.322174 304.220337 -339.411591
v -155.578217 304.220337 -337.802643
v -158.650635 304.220337 -339.221436
v -152.661636 304.220337 -360.020752
v -158.149689 304.220337 -361.761353
v -173.667633 304.220337 -365.929993
v 94.278381 297.615204 -276.253357
v 109.195198 300.894836 -327.139740
v 121.495995 298.802582 -375.934723
v 145.418564 297.639893 -369.279510
v 171.445053 295.882172 -362.331787
v 165.856812 298.544067 -340.801147
v 146.576279 297.841187 -269.685974
v 144.427811 297.483215 -262.226379
v 94.278381 329.894836 -276.253357
v 144.427811 329.894836 -262.226379
v 146.576279 329.894836 -269.685974
v 165.856812 329.894836 -340.801147
v 171.445053 329.894836 -362.331787
v 145.418564 329.894836 -369.279510
v 121.495995 329.894836 -375.934723
v 109.195198 329.894836 -327.139740
v 212.911560 295.142670 -326.583923
v 231.579849 293.968292 -321.713196
v 249.691528 293.584106 -317.208160
v 220.870911 296.635986 -228.014679
v 219.123184 296.692474 -228.511978
v 217.887543 296.722809 -224.226379
v 210.451401 296.711060 -226.361877
v 186.896194 296.618652 -233.119370
v 191.527084 296.933167 -249.267166
v 192.874054 297.011017 -253.933075
v 192.083694 297.012482 -254.167099
v 192.929718 297.043915 -257.121674
v 212.911560 309.043915 -326.583923
v 192.929718 309.043915 -257.121674
v 192.083694 309.043915 -254.167099
v 192.874054 309.043915 -253.933075
v 191.527084 309.043915 -249.267166
v 186.896194 309.043915 -233.119370
v 210.451401 309.043915 -226.361877
v 217.887543 309.043915 -224.226379
v 219.123184 309.043915 -228.511978
v 220.870911 309.043915 -228.014679
v 249.691528 309.043915 -317.208160
v 231.579849 309.043915 -321.713196
v 284.334137 286.071899 -475.266052
v 281.873993 286.441223 -465.758514
v 283.933411 286.658569 -465.217316
v 269.851471 292.954468 -411.170837
v 268.760559 292.840302 -411.287842
v 264.730774 293.645508 -397.099792
v 263.172302 293.430237 -398.079773
v 259.431976 292.958221 -399.747253
v 255.335419 292.679016 -398.255310
v 253.609970 292.777466 -394.700989
v 254.066376 293.079956 -391.219788
v 256.559937 293.508179 -388.630829
v 259.821594 293.842651 -388.279785
v 262.370819 294.060608 -388.352905
v 258.508026 294.423401 -374.428162
v 277.699493 295.719727 -368.796844
v 278.890625 295.802185 -372.731445
v 279.647614 295.854675 -375.247284
v 283.031708 296.057129 -377.777710
v 287.317505 296.219360 -378.406677
v 292.538391 296.413391 -377.850861
v 297.091370 296.578857 -375.978607
v 301.054352 296.713043 -372.994751
v 302.913361 296.766174 -369.235657
v 301.221313 296.580627 -362.317169
v 321.047302 296.808716 -356.788239
v 323.184662 296.919006 -365.110870
v 323.518616 296.920898 -366.412659
v 325.411041 296.941162 -365.871460
v 328.127228 296.722595 -370.069366
v 329.863831 296.549774 -374.369659
v 330.732117 296.427246 -379.269653
v 330.297974 296.197144 -384.491425
v 328.004791 296.354828 -385.003357
v 328.338745 296.272461 -386.305176
v 330.409302 295.767273 -394.247559
v 311.596283 296.139648 -399.571716
v 310.171417 296.394409 -393.911133
v 286.092987 295.155701 -400.595612
v 297.269470 291.245544 -439.166748
v 305.707489 292.242310 -437.148224
v 314.423798 289.041107 -467.235840
v 301.566406 287.775024 -470.936462
v 284.334137 326.941162 -475.266052
v 281.873993 326.941162 -465.758514
v 283.933411 326.941162 -465.217316
v 269.851471 326.941162 -411.170837
v 268.760559 326.941162 -411.287842
v 264.730774 326.941162 -397.099792
v 263.172302 326.941162 -398.079773
v 259.431976 326.941162 -399.747253
v 255.335419 326.941162 -398.255310
v 253.609970 326.941162 -394.700989
v 254.066376 326.941162 -391.219788
v 256.559937 326.941162 -388.630829
v 259.821594 326.941162 -388.279785
v 262.370819 326.941162 -388.352905
v 258.508026 326.941162 -374.428162
v 277.699493 326.941162 -368.796844
v 278.890625 326.941162 -372.731445
v 279.647614 326.941162 -375.247284
v 283.031708 326.941162 -377.777710
v 287.317505 326.941162 -378.406677
v 292.538391 326.941162 -377.850861
v 297.091370 326.941162 -375.978607
v 301.054352 326.941162 -372.994751
v 302.913361 326.941162 -369.235657
v 301.221313 326.941162 -362.317169
v 321.047302 326.941162 -356.788239
v 323.184662 326.941162 -365.110870
v 323.518616 326.941162 -366.412659
v 325.411041 326.941162 -365.871460
v 328.127228 326.941162 -370.069366
v 329.863831 326.941162 -374.369659
v 330.732117 326.941162 -379.269653
v 330.297974 326.941162 -384.491425
v 328.004791 326.941162 -385.003357
v 328.338745 326.941162 -386.305176
v 330.409302 326.941162 -394.247559
v 311.596283 326.941162 -399.571716
v 310.171417 326.941162 -393.911133
v 286.092987 326.941162 -400.595612
v 297.269470 326.941162 -439.166748
v 305.707489 326.941162 -437.148224
v 314.423798 326.941162 -467.235840
v 301.566406 326.941162 -470.936462
v 436.775055 288.725220 -379.883972
v 482.393799 287.001556 -405.276215
v 490.586914 288.025818 -390.751740
v 488.137878 288.086700 -389.581573
v 446.515503 289.189758 -366.310272
v 451.769806 289.437683 -356.524933
v 452.749420 289.480530 -354.784363
v 437.676758 289.678894 -346.724976
v 426.767426 289.501892 -366.149384
v 425.954803 289.558929 -365.622833
v 385.868652 293.422119 -343.390076
v 382.640381 293.466003 -348.860504
v 381.226624 293.644897 -348.012146
v 379.378723 293.865967 -347.163788
v 374.469543 293.901550 -356.115387
v 432.222107 288.366913 -387.987244
v 436.775055 304.901550 -379.883972
v 432.222107 304.901550 -387.987244
v 374.469543 304.901550 -356.115387
v 379.378723 304.901550 -347.163788
v 381.226624 304.901550 -348.012146
v 382.640381 304.901550 -348.860504
v 385.868652 304.901550 -343.390076
v 425.954803 304.901550 -365.622833
v 426.767426 304.901550 -366.149384
v 437.676758 304.901550 -346.724976
v 452.749420 304.901550 -354.784363
v 451.769806 304.901550 -356.524933
v 446.515503 304.901550 -366.310272
v 488.137878 304.901550 -389.581573
v 490.586914 304.901550 -390.751740
v 482.393799 304.901550 -405.276215
v 326.858185 289.093536 -482.287018
v 327.926849 288.942627 -486.075409
v 335.986389 289.912262 -514.802856
v 346.238922 289.912262 -511.921326
v 342.376129 289.912262 -498.128052
v 388.284302 290.508118 -485.241669
v 389.998596 290.679718 -491.341125
v 400.863403 290.376953 -488.298706
v 396.822510 289.900452 -473.876495
v 392.937439 290.049683 -474.958893
v 390.733307 289.851593 -467.089569
v 390.020874 289.807617 -464.559113
v 326.858185 315.679718 -482.287018
v 390.020874 315.679718 -464.559113
v 390.733307 315.679718 -467.089569
v 392.937439 315.679718 -474.958893
v 396.822510 315.679718 -473.876495
v 400.863403 315.679718 -488.298706
v 389.998596 315.679718 -491.341125
v 388.284302 315.679718 -485.241669
v 342.376129 315.679718 -498.128052
v 346.238922 315.679718 -511.921326
v 335.986389 315.679718 -514.802856
v 327.926849 315.679718 -486.075409
v 414.288513 289.703308 -482.974487
v 409.546326 289.099915 -466.738525
v 411.605713 288.983551 -466.036438
v 410.203094 288.873840 -461.502075
v 408.433105 288.736786 -455.782928
v 418.897156 288.207184 -452.535767
v 419.353546 288.241882 -453.896057
v 464.694000 286.950256 -441.082855
v 464.504730 286.922546 -439.078979
v 464.727386 286.897766 -437.674774
v 465.673615 286.875427 -436.446136
v 466.953766 286.854980 -435.744049
v 468.278473 286.834595 -435.422241
v 469.681091 286.813782 -435.495392
v 470.849945 286.797333 -436.036560
v 471.773895 286.785309 -436.987335
v 473.120880 286.842651 -442.282257
v 478.018921 286.706085 -434.486115
v 487.603546 286.802429 -431.575348
v 496.509094 287.008850 -436.533875
v 499.859802 287.540527 -448.630371
v 497.410797 287.536682 -454.305603
v 501.407166 287.846863 -468.991089
v 498.813416 287.787964 -469.707794
v 499.525848 287.834747 -472.867218
v 489.529358 287.647522 -475.617096
v 488.694458 287.589539 -472.618561
v 484.642456 287.546295 -473.788727
v 485.165649 287.638000 -477.269958
v 474.267456 287.613708 -480.078339
v 472.887115 287.492126 -474.973511
v 469.135651 287.196259 -461.355804
v 445.892120 287.761230 -468.040344
v 422.581818 288.974426 -474.505463
v 423.850861 289.200928 -480.107574
v 414.288513 311.703308 -482.974487
v 409.546326 311.703308 -466.738525
v 411.605713 311.703308 -466.036438
v 410.203094 311.703308 -461.502075
v 408.433105 311.703308 -455.782928
v 418.897156 311.703308 -452.535767
v 419.353546 311.703308 -453.896057
v 464.694000 311.703308 -441.082855
v 464.504730 311.703308 -439.078979
v 464.727386 311.703308 -437.674774
v 465.673615 311.703308 -436.446136
v 466.953766 311.703308 -435.744049
v 468.278473 311.703308 -435.422241
v 469.681091 311.703308 -435.495392
v 470.849945 311.703308 -436.036560
v 471.773895 311.703308 -436.987335
v 473.120880 311.703308 -442.282257
v 478.018921 311.703308 -434.486115
v 487.603546 311.703308 -431.575348
v 496.509094 311.703308 -436.533875
v 499.859802 311.703308 -448.630371
v 497.410797 311.703308 -454.305603
v 501.407166 311.703308 -468.991089
v 498.813416 311.703308 -469.707794
v 499.525848 311.703308 -472.867218
v 489.529358 311.703308 -475.617096
v 488.694458 311.703308 -472.618561
v 484.642456 311.703308 -473.788727
v 485.165649 311.703308 -477.269958
v 474.267456 311.703308 -480.078339
v 472.887115 311.703308 -474.973511
v 469.135651 311.703308 -461.355804
v 445.892120 311.703308 -468.040344
v 422.581818 311.703308 -474.505463
v 423.850861 311.703308 -480.107574
v 514.119812 293.819824 -340.845032
v 528.936462 293.554077 -349.226166
v 531.930969 294.280273 -344.282318
v 539.979370 295.839905 -329.611664
v 551.612244 297.764465 -308.124969
v 536.873535 297.350342 -299.875488
v 514.119812 309.764465 -340.845032
v 536.873535 309.764465 -299.875488
v 551.612244 309.764465 -308.124969
v 539.979370 309.764465 -329.611664
v 531.930969 309.764465 -344.282318
v 528.936462 309.764465 -349.226166
v 546.079651 293.451721 -358.718964
v 561.185730 293.725098 -366.909973
v 584.295654 298.078400 -325.545410
v 569.100525 297.895813 -317.734741
v 557.122559 295.801025 -338.972778
v 549.040771 294.103638 -353.804352
v 546.079651 310.078400 -358.718964
v 549.040771 310.078400 -353.804352
v 557.122559 310.078400 -338.972778
v 569.100525 310.078400 -317.734741
v 584.295654 310.078400 -325.545410
v 561.185730 310.078400 -366.909973
v 554.651245 298.190002 -303.488281
v 559.204224 298.707672 -300.080261
v 567.564331 300.478699 -284.692963
v 572.440125 300.142578 -290.455902
v 579.920776 300.370850 -291.626038
v 571.983704 298.887207 -306.091858
v 570.837097 298.354248 -312.600739
v 588.870911 299.382843 -315.760132
v 608.841614 304.330688 -277.774536
v 602.841492 303.874695 -271.689850
v 605.858215 304.363647 -265.795288
v 596.295898 303.929413 -262.928467
v 588.303162 302.343140 -276.560516
v 576.113647 302.214844 -269.993134
v 583.627747 303.699615 -256.624390
v 572.284302 304.136536 -246.941528
v 563.200623 303.460266 -251.856094
v 542.617615 298.534393 -289.958588
v 554.651245 328.363647 -303.488281
v 542.617615 328.363647 -289.958588
v 563.200623 328.363647 -251.856094
v 572.284302 328.363647 -246.941528
v 583.627747 328.363647 -256.624390
v 576.113647 328.363647 -269.993134
v 588.303162 328.363647 -276.560516
v 596.295898 328.363647 -262.928467
v 605.858215 328.363647 -265.795288
v 602.841492 328.363647 -271.689850
v 608.841614 328.363647 -277.774536
v 588.870911 328.363647 -315.760132
v 570.837097 328.363647 -312.600739
v 571.983704 328.363647 -306.091858
v 579.920776 328.363647 -291.626038
v 572.440125 328.363647 -290.455902
v 567.564331 328.363647 -284.692963
v 559.204224 328.363647 -300.080261
v 515.722839 295.605591 -305.331268
v 523.259155 296.532288 -292.079468
v 480.668335 295.819336 -268.530487
v 473.532745 295.067627 -281.767639
v 515.722839 305.532288 -305.331268
v 473.532745 305.532288 -281.767639
v 480.668335 305.532288 -268.530487
v 523.259155 305.532288 -292.079468
v 531.352112 298.524719 -277.130981
v 538.621277 300.538025 -263.630554
v 496.008148 298.553101 -240.067017
v 489.139740 296.783691 -253.845306
v 531.352112 318.538025 -277.130981
v 489.139740 318.538025 -253.845306
v 496.008148 318.538025 -240.067017
v 538.621277 318.538025 -263.630554
v 559.437988 302.813568 -256.141693
v 566.684875 304.198761 -243.621292
v 520.442810 302.694244 -216.956970
v 513.062317 300.920013 -230.194046
v 559.437988 321.198761 -256.141693
v 513.062317 321.198761 -230.194046
v 520.442810 321.198761 -216.956970
v 566.684875 321.198761 -243.621292
v 688.412781 293.197754 -441.784943
v 696.516846 294.381073 -424.452057
v 686.486938 295.898010 -419.756836
v 678.371765 294.047424 -437.089722
v 688.412781 311.898010 -441.784943
v 678.371765 311.898010 -437.089722
v 686.486938 311.898010 -419.756836
v 696.516846 311.898010 -424.452057
v 668.475464 295.872467 -423.325775
v 684.594482 299.119354 -393.106659
v 672.282593 299.700470 -386.422180
v 655.851807 296.239655 -416.597412
v 668.475464 316.700470 -423.325775
v 655.851807 316.700470 -416.597412
v 672.282593 316.700470 -386.422180
v 684.594482 316.700470 -393.106659
v 620.396545 296.032532 -397.041260
v 636.760498 300.157410 -366.968475
v 648.916626 300.406006 -373.594452
v 632.675110 296.302917 -403.652618
v 620.396545 317.406006 -397.041260
v 636.760498 317.406006 -366.968475
v 648.916626 317.406006 -373.594452
v 632.675110 317.406006 -403.652618
v 637.873718 300.393799 -365.812958
v 650.074341 300.575623 -372.482788
v 666.082092 305.777283 -342.863525
v 653.992798 305.722290 -336.325348
v 637.873718 335.777283 -365.812958
v 653.992798 335.777283 -336.325348
v 666.082092 335.777283 -342.863525
v 650.074341 335.777283 -372.482788
v 681.254944 301.707794 -372.146393
v 703.262817 302.831421 -384.125763
v 706.769348 302.831421 -377.689941
v 698.420410 302.831421 -373.155640
v 702.160706 302.831421 -366.281036
v 688.501831 303.955078 -358.850616
v 681.254944 329.955078 -372.146393
v 688.501831 329.955078 -358.850616
v 702.160706 329.955078 -366.281036
v 698.420410 329.955078 -373.155640
v 706.769348 329.955078 -377.689941
v 703.262817 329.955078 -384.125763
v 563.823975 293.614075 -371.546692
v 580.900391 294.477356 -380.688446
v 590.418213 296.337860 -362.931488
v 573.330688 295.618286 -353.789734
v 563.823975 308.337860 -371.546692
v 573.330688 308.337860 -353.789734
v 590.418213 308.337860 -362.931488
v 580.900391 308.337860 -380.688446
v 586.599976 294.650452 -384.228149
v 611.613464 295.257812 -398.269928
v 621.387329 297.455566 -380.849335
v 596.162292 296.535126 -366.924591
v 586.599976 312.455566 -384.228149
v 596.162292 312.455566 -366.924591
v 621.387329 312.455566 -380.849335
v 611.613464 312.455566 -398.269928
v 591.219727 298.873413 -326.598541
v 601.305298 301.527008 -308.505249
v 618.793579 303.151123 -318.290558
v 608.752563 300.376343 -336.369232
v 591.219727 318.151123 -326.598541
v 601.305298 318.151123 -308.505249
v 618.793579 318.151123 -318.290558
v 608.752563 318.151123 -336.369232
v 603.943542 297.451050 -363.077759
v 626.908752 304.125610 -320.338287
v 645.521362 305.559265 -329.948090
v 621.220337 298.145905 -373.067871
v 603.943542 331.559265 -363.077759
v 626.908752 331.559265 -320.338287
v 645.521362 331.559265 -329.948090
v 621.220337 331.559265 -373.067871
v -26.013458 283.686218 163.707474
v -31.334530 283.048889 172.073563
v -23.942917 283.880798 176.783142
v -18.621845 284.481201 168.417053
v -26.013458 301.481201 163.707474
v -31.334530 301.481201 172.073563
v -23.942917 301.481201 176.783142
v -18.621845 301.481201 168.417053
v -730.053589 279.739288 -446.099915
v -750.892578 279.739288 -438.947327
v -758.273071 279.739288 -460.522064
v -745.092834 279.739288 -465.071045
v -748.298828 279.739288 -474.505463
v -748.643921 279.739288 -475.368439
v -750.224670 279.739288 -479.361603
v -753.686707 279.739288 -478.454742
v -755.957642 279.739288 -485.402557
v -758.351013 279.739288 -492.716064
v -754.321228 279.739288 -493.900848
v -760.043030 279.739288 -508.118317
v -772.945007 279.739288 -503.759460
v -780.180725 279.739288 -525.158813
v -777.676086 279.739288 -526.621521
v -732.079590 279.739288 -540.502625
v -689.689148 279.739288 -554.266724
v -661.057739 279.997925 -469.561523
v -679.414368 279.480652 -464.091064
v -691.169678 279.739288 -459.644440
v -713.266602 279.739288 -451.906799
v -712.966064 279.739288 -448.586487
v -713.901123 279.739288 -445.383179
v -715.938293 279.739288 -442.750336
v -718.799194 279.739288 -441.038971
v -722.205566 279.739288 -440.483154
v -725.567383 279.739288 -441.273010
v -728.383789 279.739288 -443.262268
v -730.053589 299.997925 -446.099915
v -728.383789 299.997925 -443.262268
v -725.567383 299.997925 -441.273010
v -722.205566 299.997925 -440.483154
v -718.799194 299.997925 -441.038971
v -715.938293 299.997925 -442.750336
v -713.901123 299.997925 -445.383179
v -712.966064 299.997925 -448.586487
v -713.266602 299.997925 -451.906799
v -691.169678 299.997925 -459.644440
v -679.414368 299.997925 -464.091064
v -661.057739 299.997925 -469.561523
v -689.689148 299.997925 -554.266724
v -732.079590 299.997925 -540.502625
v -777.676086 299.997925 -526.621521
v -780.180725 299.997925 -525.158813
v -772.945007 299.997925 -503.759460
v -760.043030 299.997925 -508.118317
v -754.321228 299.997925 -493.900848
v -758.351013 299.997925 -492.716064
v -755.957642 299.997925 -485.402557
v -753.686707 299.997925 -478.454742
v -750.224670 299.997925 -479.361603
v -748.643921 299.997925 -475.368439
v -748.298828 299.997925 -474.505463
v -745.092834 299.997925 -465.071045
v -758.273071 299.997925 -460.522064
v -750.892578 299.997925 -438.947327
v -754.532715 275.756805 -612.204834
v -705.106873 275.756805 -628.455627
v -705.741394 275.756805 -631.220154
v -696.000977 275.756805 -634.672180
v -699.385071 275.756805 -644.530945
v -667.681274 275.756805 -655.398987
v -665.198853 275.756805 -645.847412
v -655.202332 275.756805 -649.226257
v -645.962830 275.756805 -624.477051
v -646.653015 275.756805 -623.877319
v -635.064636 275.756805 -586.855957
v -635.688049 275.756805 -586.636536
v -632.415283 275.756805 -577.523804
v -622.574585 275.756805 -581.224487
v -621.984619 275.756805 -579.834900
v -615.572632 275.756805 -561.082947
v -614.960327 275.756805 -558.464661
v -622.251770 275.756805 -556.299866
v -614.448303 275.756805 -534.578674
v -610.741333 275.756805 -521.999390
v -613.746948 275.756805 -521.121765
v -610.630005 275.756805 -512.023743
v -598.674316 275.756805 -516.221680
v -590.993286 275.756805 -494.997864
v -626.292664 280.958923 -481.935974
v -622.908569 279.703674 -470.468414
v -607.424011 278.213684 -475.997406
v -600.310730 273.623291 -453.530396
v -621.405762 276.433746 -446.056030
v -621.116333 275.263123 -439.737183
v -620.025391 275.058716 -439.371521
v -619.502197 274.916962 -439.166748
v -618.455811 274.628143 -438.727936
v -617.409363 274.179016 -437.674774
v -616.852783 273.865479 -436.709412
v -616.518860 273.540375 -435.319855
v -616.518860 273.292480 -433.944916
v -616.964111 273.191406 -432.833282
v -617.598633 273.177490 -431.970276
v -618.567139 273.272339 -431.297455
v -619.502197 273.407227 -430.887909
v -620.804626 273.634766 -430.741638
v -621.995728 273.821991 -430.741638
v -622.585754 273.946381 -430.917145
v -624.745361 273.700348 -427.669983
v -628.407776 273.772308 -424.876251
v -635.732544 274.540771 -422.594452
v -640.140808 275.233704 -422.594452
v -643.502686 275.709869 -423.311157
v -644.549072 275.754211 -422.828461
v -645.105652 275.774384 -422.184875
v -645.851501 275.823425 -421.819214
v -646.964722 275.903931 -421.438904
v -648.311707 276.018494 -421.365784
v -649.280151 276.111572 -421.555939
v -650.437866 276.230957 -421.965485
v -651.183716 276.331116 -422.755341
v -651.862793 276.515869 -424.013245
v -653.165222 276.765625 -425.285797
v -654.612366 277.010864 -426.397430
v -655.870300 277.247375 -427.582214
v -656.950073 277.393585 -429.205811
v -659.020630 277.715515 -433.681641
v -683.488647 277.541870 -425.944000
v -690.780090 275.756805 -447.021393
v -687.329163 275.756805 -447.942902
v -675.039490 278.838440 -452.126190
v -679.414368 279.480652 -464.091064
v -661.057739 279.997925 -469.561523
v -689.689148 275.756805 -554.266724
v -732.079590 275.756805 -540.502625
v -754.532715 294.958923 -612.204834
v -732.079590 294.958923 -540.502625
v -689.689148 294.958923 -554.266724
v -661.057739 294.958923 -469.561523
v -679.414368 294.958923 -464.091064
v -675.039490 294.958923 -452.126190
v -687.329163 294.958923 -447.942902
v -690.780090 294.958923 -447.021393
v -683.488647 294.958923 -425.944000
v -659.020630 294.958923 -433.681641
v -656.950073 294.958923 -429.205811
v -655.870300 294.958923 -427.582214
v -654.612366 294.958923 -426.397430
v -653.165222 294.958923 -425.285797
v -651.862793 294.958923 -424.013245
v -651.183716 294.958923 -422.755341
v -650.437866 294.958923 -421.965485
v -649.280151 294.958923 -421.555939
v -648.311707 294.958923 -421.365784
v -646.964722 294.958923 -421.438904
v -645.851501 294.958923 -421.819214
v -645.105652 294.958923 -422.184875
v -644.549072 294.958923 -422.828461
v -643.502686 294.958923 -423.311157
v -640.140808 294.958923 -422.594452
v -635.732544 294.958923 -422.594452
v -628.407776 294.958923 -424.876251
v -624.745361 294.958923 -427.669983
v -622.585754 294.958923 -430.917145
v -621.995728 294.958923 -430.741638
v -620.804626 294.958923 -430.741638
v -619.502197 294.958923 -430.887909
v -618.567139 294.958923 -431.297455
v -617.598633 294.958923 -431.970276
v -616.964111 294.958923 -432.833282
v -616.518860 294.958923 -433.944916
v -616.518860 294.958923 -435.319855
v -616.852783 294.958923 -436.709412
v -617.409363 294.958923 -437.674774
v -618.455811 294.958923 -438.727936
v -619.502197 294.958923 -439.166748
v -620.025391 294.958923 -439.371521
v -621.116333 294.958923 -439.737183
v -621.405762 294.958923 -446.056030
v -600.310730 294.958923 -453.530396
v -607.424011 294.958923 -475.997406
v -622.908569 294.958923 -470.468414
v -626.292664 294.958923 -481.935974
v -590.993286 294.958923 -494.997864
v -598.674316 294.958923 -516.221680
v -610.630005 294.958923 -512.023743
v -613.746948 294.958923 -521.121765
v -610.741333 294.958923 -521.999390
v -614.448303 294.958923 -534.578674
v -622.251770 294.958923 -556.299866
v -614.960327 294.958923 -558.464661
v -615.572632 294.958923 -561.082947
v -621.984619 294.958923 -579.834900
v -622.574585 294.958923 -581.224487
v -632.415283 294.958923 -577.523804
v -635.688049 294.958923 -586.636536
v -635.064636 294.958923 -586.855957
v -646.653015 294.958923 -623.877319
v -645.962830 294.958923 -624.477051
v -655.202332 294.958923 -649.226257
v -665.198853 294.958923 -645.847412
v -667.681274 294.958923 -655.398987
v -699.385071 294.958923 -644.530945
v -696.000977 294.958923 -634.672180
v -705.741394 294.958923 -631.220154
v -705.106873 294.958923 -628.455627
v -529.633972 260.265350 -450.634247
v -546.877380 258.154663 -406.987549
v -530.012451 256.040039 -400.902771
v -533.663757 255.043839 -389.830231
v -550.372803 257.503479 -396.792603
v -560.525146 256.464661 -370.537445
v -561.538147 256.403625 -367.714447
v -562.306213 256.374390 -365.827606
v -586.985779 260.302307 -374.296539
v -566.280334 262.439789 -429.366699
v -562.428711 261.819092 -428.181915
v -554.358032 262.864746 -446.816620
v -550.049988 263.380646 -457.772217
v -529.633972 286.380646 -450.634247
v -550.049988 286.380646 -457.772217
v -554.358032 286.380646 -446.816620
v -562.428711 286.380646 -428.181915
v -566.280334 286.380646 -429.366699
v -586.985779 286.380646 -374.296539
v -562.306213 286.380646 -365.827606
v -561.538147 286.380646 -367.714447
v -560.525146 286.380646 -370.537445
v -550.372803 286.380646 -396.792603
v -533.663757 286.380646 -389.830231
v -530.012451 286.380646 -400.902771
v -546.877380 286.380646 -406.987549
v -261.309479 279.812958 138.433655
v -267.932983 279.766235 144.474228
v -268.422791 279.759399 143.933060
v -274.300446 279.705566 149.300827
v -273.754974 279.663757 149.900497
v -280.333954 279.318970 155.897171
v -275.914581 278.817780 160.753021
v -276.426666 278.700043 162.288757
v -276.337585 278.547729 164.073120
v -275.369110 278.333344 165.725861
v -273.944214 278.142456 166.793564
v -272.007263 278.026611 166.969086
v -270.526733 278.014099 166.427917
v -269.524841 278.051636 165.652740
v -268.845795 278.150208 164.497284
v -268.567505 278.276398 163.356445
v -263.702850 278.180481 162.171738
v -257.034790 278.599976 156.058060
v -255.298218 279.129517 151.041321
v -254.418793 279.064758 151.041321
v -253.027298 278.974182 150.558670
v -252.003159 279.013794 149.607971
v -251.268448 279.174866 148.159988
v -251.068069 279.259247 146.580383
v -251.379761 279.319397 145.512680
v -252.259186 279.405853 144.240204
v -253.639557 279.490051 143.318771
v -255.142365 279.549347 142.953110
v -256.890076 279.575928 143.274887
v -261.309479 304.812958 138.433655
v -267.932983 304.812958 144.474228
v -268.422791 304.812958 143.933060
v -274.300446 304.812958 149.300827
v -273.754974 304.812958 149.900497
v -280.333954 304.812958 155.897171
v -275.914581 304.812958 160.753021
v -276.426666 304.812958 162.288757
v -276.337585 304.812958 164.073120
v -275.369110 304.812958 165.725861
v -273.944214 304.812958 166.793564
v -272.007263 304.812958 166.969086
v -270.526733 304.812958 166.427917
v -269.524841 304.812958 165.652740
v -268.845795 304.812958 164.497284
v -268.567505 304.812958 163.356445
v -263.702850 304.812958 162.171738
v -257.034790 304.812958 156.058060
v -255.298218 304.812958 151.041321
v -254.418793 304.812958 151.041321
v -253.027298 304.812958 150.558670
v -252.003159 304.812958 149.607971
v -251.268448 304.812958 148.159988
v -251.068069 304.812958 146.580383
v -251.379761 304.812958 145.512680
v -252.259186 304.812958 144.240204
v -253.639557 304.812958 143.318771
v -255.142365 304.812958 142.953110
v -256.890076 304.812958 143.274887
v -599.876587 278.005890 -483.852112
v -588.889343 276.066589 -487.625854
v -582.488464 271.738190 -468.406006
v -593.865295 273.869080 -464.325073
v -599.876587 302.005890 -483.852112
v -593.865295 302.005890 -464.325073
v -582.488464 302.005890 -468.406006
v -588.889343 302.005890 -487.625854
v -475.499298 272.518921 171.664032
v -474.397247 272.510681 172.322205
v -475.955719 272.083801 174.954880
v -476.634766 271.900330 176.081085
v -478.248901 271.912537 175.115768
v -482.401093 270.794098 181.975372
v -488.289917 269.211792 191.672409
v -490.905914 269.233398 190.092804
v -544.205688 267.860596 157.886307
v -534.988464 270.428619 142.645966
v -537.036743 270.189209 141.402756
v -534.342773 270.953125 136.956436
v -523.266479 271.731354 143.640533
v -526.639465 270.877441 149.227692
v -507.559326 271.544678 160.753021
v -503.195587 272.694092 153.527756
v -503.117676 273.225006 148.657272
v -480.408478 274.952698 149.022934
v -476.367584 275.223175 149.081436
v -476.401001 274.947449 151.333847
v -476.579102 273.604950 162.259491
v -475.343445 273.684753 162.274124
v -475.421387 273.159424 166.501053
v -475.499298 296.223175 171.664032
v -475.421387 296.223175 166.501053
v -475.343445 296.223175 162.274124
v -476.579102 296.223175 162.259491
v -476.401001 296.223175 151.333847
v -476.367584 296.223175 149.081436
v -480.408478 296.223175 149.022934
v -503.117676 296.223175 148.657272
v -503.195587 296.223175 153.527756
v -507.559326 296.223175 160.753021
v -526.639465 296.223175 149.227692
v -523.266479 296.223175 143.640533
v -534.342773 296.223175 136.956436
v -537.036743 296.223175 141.402756
v -534.988464 296.223175 142.645966
v -544.205688 296.223175 157.886307
v -490.905914 296.223175 190.092804
v -488.289917 296.223175 191.672409
v -482.401093 296.223175 181.975372
v -478.248901 296.223175 175.115768
v -476.634766 296.223175 176.081085
v -475.955719 296.223175 174.954880
v -474.397247 296.223175 172.322205
v -461.406250 269.137390 215.556610
v -470.835022 266.985626 233.136993
v -428.778503 264.066406 258.878601
v -418.626160 266.207397 242.921738
v -397.787170 263.987671 254.520081
v -388.903870 266.300751 239.660156
v -414.640930 269.056152 223.893402
v -423.346130 267.005066 238.387711
v -461.406250 290.137390 215.556610
v -470.835022 290.137390 233.136993
v -428.778503 290.137390 258.878601
v -418.626160 290.137390 242.921738
v -397.787170 290.137390 254.520081
v -388.903870 290.137390 239.660156
v -414.640930 290.137390 223.893402
v -423.346130 290.137390 238.387711
v -388.358398 274.289856 188.791092
v -375.311768 276.314056 176.827011
v -380.744141 277.401672 169.748016
v -382.202423 277.066803 171.561646
v -385.096741 277.570160 168.519440
v -389.816681 278.401855 163.590469
v -392.889099 278.671387 161.966980
v -396.161896 278.728088 161.776840
v -399.423553 278.484802 163.590469
v -401.416168 278.012024 166.852066
v -402.139740 277.309448 171.561646
v -400.503357 276.749390 175.188904
v -394.347382 275.589844 181.712097
v -395.794556 275.427307 182.984558
v -388.358398 292.728088 188.791092
v -375.311768 292.728088 176.827011
v -380.744141 292.728088 169.748016
v -382.202423 292.728088 171.561646
v -385.096741 292.728088 168.519440
v -389.816681 292.728088 163.590469
v -392.889099 292.728088 161.966980
v -396.161896 292.728088 161.776840
v -399.423553 292.728088 163.590469
v -401.416168 292.728088 166.852066
v -402.139740 292.728088 171.561646
v -400.503357 292.728088 175.188904
v -394.347382 292.728088 181.712097
v -395.794556 292.728088 182.984558
v -683.455261 244.453918 165.330963
v -687.663086 244.766006 156.292068
v -673.358582 245.046753 149.622604
v -669.840881 245.218735 157.155014
v -681.841125 244.551208 162.742157
v -681.128662 244.559418 164.248642
v -683.455261 271.218750 165.330963
v -681.128662 271.218750 164.248642
v -681.841125 271.218750 162.742157
v -669.840881 271.218750 157.155014
v -673.358582 271.218750 149.622604
v -687.663086 271.218750 156.292068
v -449.083191 280.991638 31.838299
v -449.038666 281.053223 33.286297
v -453.046143 281.189697 37.498646
v -455.261414 281.190857 37.805798
v -457.498932 281.125488 35.582611
v -459.458160 281.037048 33.637325
v -459.458160 280.945190 31.472643
v -455.061035 280.796204 27.655197
v -452.812378 280.799805 27.582066
v -449.083191 311.190857 31.838299
v -452.812378 311.190857 27.582066
v -455.061035 311.190857 27.655197
v -459.458160 311.190857 31.472643
v -459.458160 311.190857 33.637325
v -457.498932 311.190857 35.582611
v -455.261414 311.190857 37.805798
v -453.046143 311.190857 37.498646
v -449.038666 311.190857 33.286297
v 630.270569 316.644592 274.893921
v 625.572937 316.409241 274.177277
v 626.329895 316.164124 269.116699
v 631.038696 316.416321 269.833374
v 630.270569 336.644592 274.893921
v 631.038696 336.644592 269.833374
v 626.329895 336.644592 269.116699
v 625.572937 336.644592 274.177277
v 521.756348 319.324707 -88.331512
v 474.423309 318.663269 -99.564598
v 474.812927 318.436920 -101.202759
v 464.916626 318.172852 -103.542984
v 467.076233 316.955231 -112.713760
v 476.382538 317.144257 -110.505173
v 485.143372 312.057678 -147.714905
v 511.403656 311.901154 -141.469391
v 515.644897 309.548340 -159.489227
v 542.061035 310.235474 -153.214462
v 541.348572 310.591217 -150.216034
v 550.855286 311.851898 -141.410889
v 550.421143 312.027405 -139.918976
v 557.367493 312.360229 -138.266190
v 556.888794 312.599884 -136.247742
v 561.497437 312.836945 -135.150757
v 560.395325 313.465637 -130.441025
v 567.642273 313.920929 -128.715103
v 566.584717 314.504089 -124.224777
v 581.468140 315.498505 -120.685173
v 578.173096 317.474609 -106.731552
v 534.836426 314.994720 -117.028564
v 533.177734 316.031525 -110.007874
v 527.199890 315.821991 -111.426636
v 521.756348 345.324707 -88.331512
v 527.199890 345.324707 -111.426636
v 533.177734 345.324707 -110.007874
v 534.836426 345.324707 -117.028564
v 578.173096 345.324707 -106.731552
v 581.468140 345.324707 -120.685173
v 566.584717 345.324707 -124.224777
v 567.642273 345.324707 -128.715103
v 560.395325 345.324707 -130.441025
v 561.497437 345.324707 -135.150757
v 556.888794 345.324707 -136.247742
v 557.367493 345.324707 -138.266190
v 550.421143 345.324707 -139.918976
v 550.855286 345.324707 -141.410889
v 541.348572 345.324707 -150.216034
v 542.061035 345.324707 -153.214462
v 515.644897 345.324707 -159.489227
v 511.403656 345.324707 -141.469391
v 485.143372 345.324707 -147.714905
v 476.382538 345.324707 -110.505173
v 467.076233 345.324707 -112.713760
v 464.916626 345.324707 -103.542984
v 474.812927 345.324707 -101.202759
v 474.423309 345.324707 -99.564598
v 624.036682 325.508789 -53.754753
v 593.245728 323.562805 -61.974766
v 592.255005 323.864502 -58.259670
v 578.918945 323.027832 -61.828503
v 579.898560 322.585175 -65.514351
v 565.649658 322.111542 -69.317207
v 567.052246 321.466309 -74.597328
v 563.334167 321.260132 -75.577293
v 565.861145 320.116974 -85.142960
v 560.985352 319.803192 -86.444710
v 565.248901 317.646301 -102.519135
v 611.056885 321.504791 -90.291451
v 609.375916 322.187775 -83.972847
v 618.303772 322.631744 -81.603371
v 616.611694 323.251862 -75.211639
v 628.856812 323.759216 -71.935326
v 624.036682 341.508789 -53.754753
v 628.856812 341.508789 -71.935326
v 616.611694 341.508789 -75.211639
v 618.303772 341.508789 -81.603371
v 609.375916 341.508789 -83.972847
v 611.056885 341.508789 -90.291451
v 565.248901 341.508789 -102.519135
v 560.985352 341.508789 -86.444710
v 565.861145 341.508789 -85.142960
v 563.334167 341.508789 -75.577293
v 567.052246 341.508789 -74.597328
v 565.649658 341.508789 -69.317207
v 579.898560 341.508789 -65.514351
v 578.918945 341.508789 -61.828503
v 592.255005 341.508789 -58.259670
v 593.245728 341.508789 -61.974766
v 697.307190 320.794128 -116.297241
v 684.182617 320.794128 -129.446426
v 692.308960 320.794128 -137.622620
v 705.433533 320.794128 -124.473427
v 697.307190 340.794128 -116.297241
v 705.433533 340.794128 -124.473427
v 692.308960 340.794128 -137.622620
v 684.182617 340.794128 -129.446426
v 485.098846 311.195465 -154.955017
v 462.311737 311.799133 -159.401474
v 464.070587 310.609741 -168.513794
v 486.857697 310.061096 -164.067337
v 485.098846 330.799133 -154.955017
v 486.857697 330.799133 -164.067337
v 464.070587 330.799133 -168.513794
v 462.311737 330.799133 -159.401474
v 662.030029 316.226105 -191.594482
v 652.768250 314.795471 -200.970108
v 669.777893 316.193237 -217.907700
v 679.028564 317.557037 -208.532043
v 662.030029 331.557037 -191.594482
v 679.028564 331.557037 -208.532043
v 669.777893 331.557037 -217.907700
v 652.768250 331.557037 -200.970108
v 562.799866 311.404144 -146.954315
v 558.380493 310.759033 -151.430023
v 563.567932 310.250641 -156.593185
v 567.987366 310.966461 -152.117477
v 562.799866 340.404144 -146.954315
v 567.987366 340.404144 -152.117477
v 563.567932 340.404144 -156.593185
v 558.380493 340.404144 -151.430023
v 688.579773 320.013824 -168.572296
v 681.466431 318.952881 -175.797806
v 697.229248 319.483337 -191.462845
v 708.294434 319.483337 -180.244278
v 700.401855 319.483337 -172.404449
v 696.461182 319.483337 -176.397491
v 688.579773 330.013824 -168.572296
v 696.461182 330.013824 -176.397491
v 700.401855 330.013824 -172.404449
v 708.294434 330.013824 -180.244278
v 697.229248 330.013824 -191.462845
v 681.466431 330.013824 -175.797806
v 682.880188 314.449036 -268.296448
v 675.332703 313.961609 -275.799927
v 684.494324 313.703247 -285.087891
v 692.041809 314.037964 -277.599030
v 682.880188 338.449036 -268.296448
v 692.041809 338.449036 -277.599030
v 684.494324 338.449036 -285.087891
v 675.332703 338.449036 -275.799927
v 672.716736 322.018616 -88.507034
v 658.401062 321.131317 -102.840919
v 665.948486 320.760498 -110.446663
v 680.264160 321.591858 -96.098137
v 672.716736 339.018616 -88.507034
v 680.264160 339.018616 -96.098137
v 665.948486 339.018616 -110.446663
v 658.401062 339.018616 -102.840919
v 630.938538 312.191162 -206.060150
v 625.127625 311.193756 -211.940048
v 630.125854 311.390137 -216.913086
v 635.925659 312.472015 -211.033188
v 630.938538 327.472015 -206.060150
v 635.925659 327.472015 -211.033188
v 630.125854 327.472015 -216.913086
v 625.127625 327.472015 -211.940048
v 685.529602 320.312744 -148.358459
v 679.484924 319.548645 -154.413834
v 684.883911 319.940216 -159.854904
v 690.928589 320.634705 -153.799530
v 685.529602 340.634705 -148.358459
v 690.928589 340.634705 -153.799530
v 684.883911 340.634705 -159.854904
v 679.484924 340.634705 -154.413834
v 655.105957 314.617188 -211.662140
v 646.545532 313.137390 -220.321075
v 657.477112 313.978912 -231.203278
v 666.037537 315.512512 -222.544327
v 655.105957 338.512512 -211.662140
v 666.037537 338.512512 -222.544327
v 657.477112 338.512512 -231.203278
v 646.545532 338.512512 -220.321075
v 682.390381 321.399902 -103.791634
v 672.727844 320.837219 -113.474335
v 680.019287 320.761719 -120.816811
v 689.692932 321.260681 -111.134109
v 682.390381 348.399902 -103.791634
v 689.692932 348.399902 -111.134109
v 680.019287 348.399902 -120.816811
v 672.727844 348.399902 -113.474335
v 696.283081 315.216736 -252.733688
v 690.305176 315.216736 -258.672119
v 697.540955 315.216736 -266.014679
v 693.789490 315.216736 -269.744507
v 699.066040 315.216736 -275.097870
v 708.806519 315.216736 -265.429626
v 696.283081 329.216736 -252.733688
v 708.806519 329.216736 -265.429626
v 699.066040 329.216736 -275.097870
v 693.789490 329.216736 -269.744507
v 697.540955 329.216736 -266.014679
v 690.305176 329.216736 -258.672119
v 638.463684 321.331787 -96.580811
v 629.691711 320.048584 -105.078766
v 639.777283 319.387268 -115.492790
v 648.560364 320.482300 -106.994827
v 638.463684 351.331787 -96.580811
v 648.560364 351.331787 -106.994827
v 639.777283 351.331787 -115.492790
v 629.691711 351.331787 -105.078766
v 675.076721 311.862152 -304.087982
v 669.866943 310.799805 -311.313599
v 684.694702 309.471680 -322.064240
v 689.893311 310.507629 -314.838623
v 675.076721 341.862152 -304.087982
v 689.893311 341.862152 -314.838623
v 684.694702 341.862152 -322.064240
v 669.866943 341.862152 -311.313599
v 451.513763 299.003052 -239.291809
v 445.068359 298.767151 -241.412659
v 446.971924 297.845581 -247.248688
v 453.428467 298.108368 -245.113205
v 451.513763 327.003052 -239.291809
v 453.428467 327.003052 -245.113205
v 446.971924 327.003052 -247.248688
v 445.068359 327.003052 -241.412659
v 641.024048 312.288910 -223.085510
v 632.318848 310.553558 -231.905365
v 645.209656 311.668091 -244.732910
v 653.914856 313.285553 -235.927673
v 641.024048 335.285553 -223.085510
v 653.914856 335.285553 -235.927673
v 645.209656 335.285553 -244.732910
v 632.318848 335.285553 -231.905365
v 626.686096 309.683777 -232.241776
v 622.021851 308.680542 -236.966171
v 626.797424 308.878357 -241.719818
v 621.955017 307.830536 -246.619751
v 630.560059 308.545471 -255.190964
v 640.066711 310.858643 -245.566635
v 626.686096 340.858643 -232.241776
v 640.066711 340.858643 -245.566635
v 630.560059 340.858643 -255.190964
v 621.955017 340.858643 -246.619751
v 626.797424 340.858643 -241.719818
v 622.021851 340.858643 -236.966171
v 635.947876 313.714539 -185.173416
v 629.090637 312.676636 -192.121033
v 635.502625 313.036560 -198.498215
v 642.359924 314.053864 -191.550598
v 635.947876 329.053864 -185.173416
v 642.359924 329.053864 -191.550598
v 635.502625 329.053864 -198.498215
v 629.090637 329.053864 -192.121033
v 650.686584 310.473389 -288.773804
v 644.096497 309.021362 -295.253448
v 651.499207 309.316681 -302.859344
v 648.515869 308.592346 -305.784698
v 648.972290 308.568726 -306.589172
v 649.517761 308.562042 -307.349762
v 650.130005 308.572418 -308.037201
v 650.820190 308.587372 -308.651520
v 651.566040 308.611237 -309.207336
v 652.356384 308.655701 -309.660767
v 653.202393 308.718170 -310.041077
v 653.959412 308.785004 -310.304352
v 656.085571 309.509155 -306.940186
v 663.599670 309.963593 -311.342834
v 668.263916 311.742004 -303.093384
v 659.358398 311.080536 -297.681488
v 650.686584 336.742004 -288.773804
v 659.358398 336.742004 -297.681488
v 668.263916 336.742004 -303.093384
v 663.599670 336.742004 -311.342834
v 656.085571 336.742004 -306.940186
v 653.959412 336.742004 -310.304352
v 653.202393 336.742004 -310.041077
v 652.356384 336.742004 -309.660767
v 651.566040 336.742004 -309.207336
v 650.820190 336.742004 -308.651520
v 650.130005 336.742004 -308.037201
v 649.517761 336.742004 -307.349762
v 648.972290 336.742004 -306.589172
v 648.515869 336.742004 -305.784698
v 651.499207 336.742004 -302.859344
v 644.096497 336.742004 -295.253448
v 635.625061 308.465973 -278.418121
v 633.142639 307.837189 -283.127899
v 629.736267 307.356934 -281.314209
v 623.836304 305.992340 -292.503632
v 634.456238 307.159912 -298.149536
v 642.838562 309.497284 -282.250305
v 635.625061 322.497284 -278.418121
v 642.838562 322.497284 -282.250305
v 634.456238 322.497284 -298.149536
v 623.836304 322.497284 -292.503632
v 629.736267 322.497284 -281.314209
v 633.142639 322.497284 -283.127899
v 682.412659 318.758606 -183.769272
v 672.828064 317.372925 -193.422806
v 684.716980 318.268768 -205.211807
v 694.301575 318.133423 -195.558273
v 682.412659 342.758606 -183.769272
v 694.301575 342.758606 -195.558273
v 684.716980 342.758606 -205.211807
v 672.828064 342.758606 -193.422806
v 351.292816 314.972015 -134.170776
v 323.607666 310.700745 -143.853500
v 329.785889 311.086060 -161.624710
v 332.279449 311.428680 -160.761734
v 334.773010 311.269745 -167.914108
v 337.856567 311.784729 -166.846375
v 342.498596 310.861420 -180.215027
v 340.416901 310.514587 -180.946350
v 343.277832 309.422882 -189.181091
v 340.528229 309.004364 -190.146454
v 346.383636 306.749634 -207.010880
v 372.788605 308.484894 -197.766891
v 366.833038 311.933929 -180.609940
v 362.491577 311.484833 -182.131104
v 352.717712 314.002869 -154.018921
v 357.593506 314.496277 -152.307617
v 351.292816 344.972015 -134.170776
v 357.593506 344.972015 -152.307617
v 352.717712 344.972015 -154.018921
v 362.491577 344.972015 -182.131104
v 366.833038 344.972015 -180.609940
v 372.788605 344.972015 -197.766891
v 346.383636 344.972015 -207.010880
v 340.528229 344.972015 -190.146454
v 343.277832 344.972015 -189.181091
v 340.416901 344.972015 -180.946350
v 342.498596 344.972015 -180.215027
v 337.856567 344.972015 -166.846375
v 334.773010 344.972015 -167.914108
v 332.279449 344.972015 -160.761734
v 329.785889 344.972015 -161.624710
v 323.607666 344.972015 -143.853500
v -541.099854 251.915359 -290.865448
v -530.079224 253.092697 -282.674469
v -518.390686 252.971481 -298.471313
v -529.299988 251.702332 -306.662292
v -541.099854 277.092712 -290.865448
v -530.079224 277.092712 -282.674469
v -518.390686 277.092712 -298.471313
v -529.299988 277.092712 -306.662292
v -530.123779 250.955627 -320.952606
v -519.225586 251.878098 -313.215057
v -507.759674 251.506653 -329.377625
v -518.657837 250.672958 -337.115204
v -530.123779 273.878113 -320.952606
v -519.225586 273.878113 -313.215057
v -507.759674 273.878113 -329.377625
v -518.657837 273.878113 -337.115204
v -593.442322 258.758606 -338.329224
v -584.403137 258.677002 -355.720459
v -594.844910 260.577148 -361.147003
v -603.884094 261.208069 -343.755737
v -593.442322 276.208069 -338.329224
v -584.403137 276.208069 -355.720459
v -594.844910 276.208069 -361.147003
v -603.884094 276.208069 -343.755737
v 426.066132 289.591522 -490.887695
v 425.676514 289.461060 -487.684387
v 424.307281 288.992432 -476.231445
v 446.114777 287.803284 -469.971100
v 445.892120 287.761230 -468.040344
v 469.135651 287.196259 -461.355804
v 472.887115 287.492126 -474.973511
v 470.638458 287.518250 -475.631744
v 471.762787 287.597290 -478.922791
v 466.953766 287.660797 -480.297729
v 467.131897 287.675293 -480.926697
v 464.159668 287.719482 -482.038361
v 461.154022 287.764191 -483.164642
v 458.281982 287.806183 -484.100769
v 455.532379 287.849182 -485.007629
v 452.203949 288.011383 -486.104645
v 449.855103 288.153595 -486.865265
v 447.918152 288.268188 -487.391846
v 447.250214 288.233582 -484.773590
v 426.066132 309.591522 -490.887695
v 425.676514 309.591522 -487.684387
v 424.307281 309.591522 -476.231445
v 446.114777 309.591522 -469.971100
v 445.892120 309.591522 -468.040344
v 469.135651 309.591522 -461.355804
v 472.887115 309.591522 -474.973511
v 470.638458 309.591522 -475.631744
v 471.762787 309.591522 -478.922791
v 466.953766 309.591522 -480.297729
v 467.131897 309.591522 -480.926697
v 464.159668 309.591522 -482.038361
v 461.154022 309.591522 -483.164642
v 458.281982 309.591522 -484.100769
v 455.532379 309.591522 -485.007629
v 452.203949 309.591522 -486.104645
v 449.855103 309.591522 -486.865265
v 447.918152 309.591522 -487.391846
v 447.250214 309.591522 -484.773590
v -295.729462 284.000000 -346.564087
v -289.907440 284.000000 -345.145294
v -287.569733 284.000000 -352.721985
v -276.059296 284.000000 -350.016022
v -275.224396 284.000000 -353.643463
v -269.391266 284.000000 -351.727356
v -265.762238 284.000000 -364.130890
v -264.849426 284.000000 -363.999237
v -260.507965 284.000000 -380.732330
v -270.025787 284.000000 -381.931732
v -266.140747 284.000000 -396.631714
v -264.359619 284.000000 -403.360077
v -284.998260 283.727905 -409.196198
v -287.937103 283.782593 -396.280670
v -286.979736 283.929077 -387.840973
v -292.545715 283.997803 -369.338043
v -294.193237 283.986206 -369.718323
v -295.573608 284.000000 -364.949982
v -297.098694 284.000000 -360.020752
v -292.701569 284.000000 -358.792084
v -295.729462 313.000000 -346.564087
v -289.907440 313.000000 -345.145294
v -287.569733 313.000000 -352.721985
v -276.059296 313.000000 -350.016022
v -275.224396 313.000000 -353.643463
v -269.391266 313.000000 -351.727356
v -265.762238 313.000000 -364.130890
v -264.849426 313.000000 -363.999237
v -260.507965 313.000000 -380.732330
v -270.025787 313.000000 -381.931732
v -266.140747 313.000000 -396.631714
v -264.359619 313.000000 -403.360077
v -284.998260 313.000000 -409.196198
v -287.937103 313.000000 -396.280670
v -286.979736 313.000000 -387.840973
v -292.545715 313.000000 -369.338043
v -294.193237 313.000000 -369.718323
v -295.573608 313.000000 -364.949982
v -297.098694 313.000000 -360.020752
v -292.701569 313.000000 -358.792084
v 157.752762 297.316162 -260.456573
v 187.530716 296.989990 -252.514282
v 187.029785 296.964233 -250.598190
v 191.527084 296.933167 -249.267166
v 186.896194 296.618652 -233.119370
v 210.451401 296.711060 -226.361877
v 203.115448 296.436890 -200.107147
v 203.716568 296.435852 -199.887741
v 200.644150 296.218811 -188.639908
v 186.050171 296.133240 -192.910873
v 185.115082 296.125244 -189.810043
v 137.147522 295.367249 -202.652161
v 140.487106 295.430573 -216.883835
v 135.644699 295.446350 -218.726776
v 144.739502 297.011597 -252.748306
v 155.248062 296.890106 -249.910736
v 157.752762 321.316162 -260.456573
v 155.248062 321.316162 -249.910736
v 144.739502 321.316162 -252.748306
v 135.644699 321.316162 -218.726776
v 140.487106 321.316162 -216.883835
v 137.147522 321.316162 -202.652161
v 185.115082 321.316162 -189.810043
v 186.050171 321.316162 -192.910873
v 200.644150 321.316162 -188.639908
v 203.716568 321.316162 -199.887741
v 203.115448 321.316162 -200.107147
v 210.451401 321.316162 -226.361877
v 186.896194 321.316162 -233.119370
v 191.527084 321.316162 -249.267166
v 187.029785 321.316162 -250.598190
v 187.530716 321.316162 -252.514282
v 351.593384 297.389313 -304.102600
v 301.332642 295.867157 -317.105774
v 275.161438 298.727081 -220.394211
v 263.851349 297.639069 -223.275650
v 252.185074 295.929626 -180.288162
v 274.972168 299.311340 -174.920212
v 270.497131 299.922424 -156.066635
v 309.670471 307.778381 -145.681824
v 330.019653 304.061279 -221.344940
v 335.273956 301.405090 -241.690567
v 351.593384 332.778381 -304.102600
v 301.332642 332.778381 -317.105774
v 275.161438 332.778381 -220.394211
v 263.851349 332.778381 -223.275650
v 252.185074 332.778381 -180.288162
v 274.972168 332.778381 -174.920212
v 270.497131 332.778381 -156.066635
v 309.670471 332.778381 -145.681824
v 330.019653 332.778381 -221.344940
v 335.273956 332.778381 -241.690567
vn -0.0000 1.0000 -0.0000
vn -0.9658 -0.0000 -0.2593
vn -0.2649 -0.0000 0.9643
vn 0.9714 -0.0000 0.2375
vn -0.2295 -0.0000 0.9733
vn -0.9793 -0.0000 -0.2024
vn -0.4472 -0.0000 0.8944
vn -0.2183 -0.0000 0.9759
vn -0.9916 -0.0000 -0.1292
vn -0.2759 -0.0000 0.9612
vn 0.9598 -0.0000 0.2808
vn 0.2618 -0.0000 -0.9651
vn 0.9618 -0.0000 0.2739
vn 0.3536 -0.0000 -0.9354
vn 0.9699 -0.0000 0.2436
vn -0.2349 -0.0000 0.9720
vn 0.9799 -0.0000 0.1993
vn -0.2212 -0.0000 0.9752
vn 0.9629 -0.0000 0.2698
vn 0.2094 -0.0000 -0.9778
vn 0.9581 -0.0000 0.2865
vn 0.2595 -0.0000 -0.9657
vn 0.9647 -0.0000 0.2635
vn 0.2913 -0.0000 -0.9566
vn 0.2537 -0.0000 -0.9673
vn -0.9484 -0.0000 -0.3171
vn 0.2432 -0.0000 -0.9700
vn 0.2541 -0.0000 -0.9672
vn -0.9835 -0.0000 -0.1811
vn -0.9680 -0.0000 -0.2511
vn 0.1427 -0.0000 -0.9898
vn -0.9598 -0.0000 -0.2808
vn 0.3121 -0.0000 -0.9501
vn -0.9745 -0.0000 -0.2243
vn 0.2288 -0.0000 -0.9735
vn -0.9556 -0.0000 -0.2948
vn -0.9655 -0.0000 -0.2605
vn 0.2382 -0.0000 -0.9712
vn -0.9678 -0.0000 -0.2519
vn -0.2285 -0.0000 0.9735
vn 0.9550 -0.0000 0.2966
vn -0.2198 -0.0000 0.9755
vn -0.2775 -0.0000 0.9607
vn 0.9663 -0.0000 0.2575
vn 0.3184 -0.0000 -0.9480
vn 0.2324 -0.0000 -0.9726
vn -0.9664 -0.0000 -0.2569
vn 0.2792 -0.0000 -0.9602
vn -0.9607 -0.0000 -0.2777
vn -0.2774 -0.0000 -0.9608
vn -0.8983 -0.0000 -0.4395
vn -0.9675 -0.0000 -0.2529
vn -0.9691 -0.0000 0.2465
vn -0.2426 -0.0000 0.9701
vn -0.9590 -0.0000 -0.2833
vn -0.9681 -0.0000 -0.2504
vn -0.1986 -0.0000 0.9801
vn -0.2394 -0.0000 0.9709
vn 0.9656 -0.0000 0.2601
vn -0.3171 -0.0000 0.9484
vn -0.2678 -0.0000 0.9635
vn -0.2721 -0.0000 0.9623
vn -0.2659 -0.0000 0.9640
vn 0.9657 -0.0000 0.2595
vn -0.2154 -0.0000 0.9765
vn 0.9677 -0.0000 0.2520
vn 0.9613 -0.0000 0.2756
vn 0.2519 -0.0000 -0.9677
vn 0.9646 -0.0000 0.2639
vn 0.2640 -0.0000 -0.9645
vn 0.9674 -0.0000 0.2531
vn 0.3722 -0.0000 -0.9282
vn -0.9625 -0.0000 -0.2712
vn -0.2825 -0.0000 0.9593
vn -0.9546 -0.0000 -0.2980
vn -0.2998 -0.0000 0.9540
vn -0.9657 -0.0000 -0.2596
vn -0.2904 -0.0000 0.9569
vn -0.2906 -0.0000 0.9568
vn 0.9654 -0.0000 0.2607
vn -0.2430 -0.0000 0.9700
vn 0.9574 -0.0000 0.2886
vn 0.9585 -0.0000 0.2852
vn -0.2538 -0.0000 0.9672
vn 0.9625 -0.0000 0.2712
vn -0.2713 -0.0000 0.9625
vn -0.2756 -0.0000 0.9613
vn 0.9622 -0.0000 0.2723
vn 0.2717 -0.0000 -0.9624
vn 0.9625 -0.0000 0.2714
vn 0.2714 -0.0000 -0.9625
vn 0.9624 -0.0000 0.2716
vn 0.2715 -0.0000 -0.9624
vn -0.9624 -0.0000 -0.2718
vn 0.2825 -0.0000 -0.9593
vn 0.2747 -0.0000 -0.9615
vn 0.2742 -0.0000 -0.9617
vn 0.9627 -0.0000 0.2704
vn 0.2720 -0.0000 -0.9623
vn 0.2719 -0.0000 -0.9623
vn -0.9629 -0.0000 -0.2698
vn 0.2712 -0.0000 -0.9625
vn -0.9625 -0.0000 -0.2713
vn -0.2712 -0.0000 0.9625
vn -0.9620 -0.0000 -0.2732
vn 0.2709 -0.0000 -0.9626
vn 0.2753 -0.0000 -0.9614
vn -0.9641 -0.0000 -0.2654
vn -0.2687 -0.0000 0.9632
vn 0.9640 -0.0000 0.2659
vn 0.2669 -0.0000 -0.9637
vn 0.2599 -0.0000 -0.9656
vn -0.9622 -0.0000 -0.2723
vn -0.9260 -0.0000 -0.3775
vn -0.3135 -0.0000 0.9496
vn -0.9673 -0.0000 -0.2538
vn -0.2632 -0.0000 0.9647
vn 0.9642 -0.0000 0.2651
vn 0.9609 -0.0000 0.2767
vn -0.2203 -0.0000 0.9754
vn -0.3113 -0.0000 0.9503
vn -0.9633 -0.0000 -0.2685
vn -0.2642 -0.0000 0.9645
vn -0.9901 -0.0000 -0.1400
vn -0.2661 -0.0000 0.9640
vn 0.9620 -0.0000 0.2729
vn -0.2574 -0.0000 0.9663
vn 0.9640 -0.0000 0.2660
vn 0.9655 -0.0000 0.2603
vn 0.2680 -0.0000 -0.9634
vn 0.9701 -0.0000 0.2427
vn 0.2683 -0.0000 -0.9633
vn 0.2530 -0.0000 -0.9675
vn -0.9658 -0.0000 -0.2591
vn 0.2734 -0.0000 -0.9619
vn 0.9740 -0.0000 0.2267
vn 0.9739 -0.0000 0.2269
vn 0.2659 -0.0000 -0.9640
vn -0.9671 -0.0000 -0.2545
vn -0.3220 -0.0000 0.9467
vn -0.9716 -0.0000 -0.2365
vn 0.2799 -0.0000 -0.9600
vn 0.4924 -0.0000 -0.8703
vn -0.9625 -0.0000 -0.2714
vn -0.2076 -0.0000 0.9782
vn -0.9508 -0.0000 0.3097
vn 0.7153 -0.0000 0.6988
vn 0.9672 -0.0000 0.2539
vn 0.3163 -0.0000 -0.9487
vn 0.9653 -0.0000 0.2610
vn -0.2137 -0.0000 0.9769
vn 0.9675 -0.0000 0.2529
vn 0.2738 -0.0000 -0.9618
vn 0.9643 -0.0000 0.2647
vn -0.0577 -0.0000 0.9983
vn 0.9952 -0.0000 0.0977
vn 0.9682 -0.0000 -0.2501
vn -0.6871 -0.0000 -0.7265
vn -0.9693 -0.0000 0.2459
vn -0.9755 -0.0000 -0.2200
vn -0.2317 -0.0000 0.9728
vn -0.9771 -0.0000 -0.2127
vn -0.2408 -0.0000 0.9706
vn 0.9587 -0.0000 0.2843
vn -0.2656 -0.0000 0.9641
vn -0.9605 -0.0000 -0.2783
vn -0.3057 -0.0000 0.9521
vn 0.9602 -0.0000 0.2793
vn -0.2910 -0.0000 0.9567
vn -0.2025 -0.0000 0.9793
vn -0.9653 -0.0000 -0.2611
vn -0.2878 -0.0000 0.9577
vn 0.9717 -0.0000 0.2361
vn -0.2542 -0.0000 0.9672
vn -0.9756 -0.0000 -0.2194
vn -0.2798 -0.0000 0.9600
vn 0.9641 -0.0000 0.2657
vn -0.1579 -0.0000 0.9874
vn 0.9003 -0.0000 0.4353
vn 0.9829 -0.0000 0.1841
vn 0.4090 -0.0000 -0.9126
vn 0.9677 -0.0000 0.2523
vn 0.2534 -0.0000 -0.9674
vn -0.9692 -0.0000 -0.2463
vn 0.2922 -0.0000 -0.9564
vn 0.9650 -0.0000 0.2622
vn 0.2808 -0.0000 -0.9598
vn -0.9632 -0.0000 -0.2688
vn 0.2366 -0.0000 -0.9716
vn 0.9589 -0.0000 0.2837
vn 0.2653 -0.0000 -0.9642
vn 0.2628 -0.0000 -0.9649
vn -0.9634 -0.0000 -0.2682
vn 0.2711 -0.0000 -0.9625
vn -0.9876 -0.0000 -0.1572
vn 0.4192 -0.0000 -0.9079
vn 0.9610 -0.0000 0.2767
vn 0.3023 -0.0000 -0.9532
vn 0.2594 -0.0000 -0.9658
vn -0.9651 -0.0000 -0.2621
vn -0.2694 -0.0000 0.9630
vn 0.9609 -0.0000 0.2768
vn 0.9652 -0.0000 0.2617
vn 0.9679 -0.0000 0.2512
vn 0.2579 -0.0000 -0.9662
vn -0.9697 -0.0000 -0.2444
vn -0.9596 -0.0000 -0.2813
vn -0.9610 -0.0000 -0.2765
vn -0.9614 -0.0000 -0.2753
vn -0.2839 -0.0000 0.9588
vn -0.9608 -0.0000 -0.2774
vn -0.9613 -0.0000 -0.2757
vn -0.2758 -0.0000 0.9612
vn -0.2760 -0.0000 0.9612
vn 0.9609 -0.0000 0.2770
vn -0.2737 -0.0000 0.9618
vn 0.9516 -0.0000 0.3075
vn 0.2414 -0.0000 -0.9704
vn 0.2525 -0.0000 -0.9676
vn -0.9681 -0.0000 -0.2505
vn -0.9677 -0.0000 -0.2521
vn 0.1066 -0.0000 -0.9943
vn 0.5323 -0.0000 -0.8465
vn 0.4072 -0.0000 -0.9133
vn -0.3422 -0.0000 -0.9396
vn -0.8996 -0.0000 -0.4367
vn -0.9915 -0.0000 0.1300
vn -0.7203 -0.0000 0.6937
vn -0.1070 -0.0000 0.9943
vn 0.0287 -0.0000 0.9996
vn -0.9636 -0.0000 -0.2673
vn -0.2816 -0.0000 0.9595
vn 0.9571 -0.0000 0.2898
vn 0.9576 -0.0000 0.2881
vn 0.5988 -0.0000 0.8009
vn 0.1452 -0.0000 0.9894
vn -0.1059 -0.0000 0.9944
vn -0.3803 -0.0000 0.9249
vn -0.6015 -0.0000 0.7989
vn -0.8964 -0.0000 0.4433
vn -0.9714 -0.0000 -0.2376
vn -0.2686 -0.0000 0.9632
vn 0.9686 -0.0000 0.2487
vn 0.9686 -0.0000 0.2485
vn -0.2750 -0.0000 0.9615
vn 0.8396 -0.0000 0.5432
vn 0.9272 -0.0000 0.3745
vn 0.9847 -0.0000 0.1745
vn 0.9966 -0.0000 -0.0829
vn 0.2179 -0.0000 -0.9760
vn 0.2723 -0.0000 -0.9622
vn -0.9698 -0.0000 -0.2441
vn 0.2675 -0.0000 -0.9636
vn 0.9605 -0.0000 0.2783
vn -0.2327 -0.0000 0.9726
vn 0.2766 -0.0000 -0.9610
vn 0.2437 -0.0000 -0.9699
vn 0.8718 -0.0000 -0.4898
vn -0.4832 -0.0000 -0.8755
vn -0.8768 -0.0000 0.4809
vn 0.4172 -0.0000 0.9088
vn 0.5145 -0.0000 0.8575
vn -0.8612 -0.0000 0.5082
vn 0.4850 -0.0000 0.8745
vn 0.5438 -0.0000 0.8392
vn -0.8719 -0.0000 0.4897
vn 0.4715 -0.0000 0.8819
vn 0.8715 -0.0000 -0.4905
vn 0.8810 -0.0000 -0.4731
vn 0.4880 -0.0000 0.8728
vn 0.4311 -0.0000 0.9023
vn 0.8710 -0.0000 -0.4913
vn -0.4864 -0.0000 -0.8738
vn -0.2702 -0.0000 0.9628
vn 0.9626 -0.0000 0.2710
vn 0.9629 -0.0000 0.2697
vn -0.2684 -0.0000 0.9633
vn 0.2697 -0.0000 -0.9630
vn -0.9627 -0.0000 -0.2706
vn 0.2703 -0.0000 -0.9628
vn 0.9630 -0.0000 0.2697
vn 0.2706 -0.0000 -0.9627
vn -0.9628 -0.0000 -0.2701
vn -0.9624 -0.0000 -0.2715
vn -0.9599 -0.0000 -0.2804
vn -0.3227 -0.0000 0.9465
vn -0.9553 -0.0000 -0.2955
vn -0.9553 -0.0000 -0.2957
vn -0.2964 -0.0000 0.9551
vn 0.9481 -0.0000 0.3181
vn -0.2719 -0.0000 0.9623
vn -0.9956 -0.0000 -0.0940
vn -0.9877 -0.0000 0.1566
vn -0.7923 -0.0000 0.6102
vn -0.4809 -0.0000 0.8768
vn -0.2361 -0.0000 0.9717
vn 0.0521 -0.0000 0.9986
vn 0.4201 -0.0000 0.9075
vn 0.7172 -0.0000 0.6969
vn 0.9691 -0.0000 0.2465
vn -0.8468 -0.0000 0.5320
vn 0.4865 -0.0000 0.8737
vn 0.9637 -0.0000 0.2669
vn 0.9182 -0.0000 -0.3962
vn 0.9649 -0.0000 0.2626
vn 0.2663 -0.0000 -0.9639
vn 0.9755 -0.0000 0.2200
vn 0.2652 -0.0000 -0.9642
vn 0.2774 -0.0000 -0.9607
vn 0.9889 -0.0000 0.1486
vn 0.2495 -0.0000 -0.9684
vn -0.9653 -0.0000 -0.2610
vn -0.9641 -0.0000 -0.2656
vn 0.2764 -0.0000 -0.9610
vn 0.2673 -0.0000 -0.9636
vn 0.9753 -0.0000 0.2209
vn 0.2872 -0.0000 -0.9579
vn -0.8742 -0.0000 0.4855
vn 0.4884 -0.0000 0.8726
vn 0.8794 -0.0000 -0.4761
vn 0.8767 -0.0000 -0.4810
vn 0.8553 -0.0000 -0.5181
vn -0.4923 -0.0000 -0.8704
vn -0.8565 -0.0000 0.5161
vn -0.8781 -0.0000 0.4785
vn -0.8710 -0.0000 0.4912
vn 0.4572 -0.0000 0.8894
vn 0.8730 -0.0000 -0.4877
vn -0.4767 -0.0000 -0.8791
vn -0.7472 -0.0000 -0.6646
vn -0.8798 -0.0000 0.4753
vn -0.4759 -0.0000 0.8795
vn 0.6492 -0.0000 0.7606
vn 0.8717 -0.0000 -0.4900
vn 0.4743 -0.0000 0.8804
vn -0.8627 -0.0000 0.5058
vn 0.2872 -0.0000 0.9579
vn 0.8902 -0.0000 -0.4556
vn 0.7120 -0.0000 0.7021
vn 0.8851 -0.0000 -0.4653
vn -0.1726 -0.0000 -0.9850
vn -0.9848 -0.0000 0.1735
vn -0.8767 -0.0000 0.4810
vn -0.1545 -0.0000 -0.9880
vn -0.7634 -0.0000 -0.6459
vn 0.8787 -0.0000 -0.4774
vn 0.5992 -0.0000 -0.8006
vn -0.4876 -0.0000 -0.8731
vn -0.8803 -0.0000 0.4745
vn 0.4839 -0.0000 0.8751
vn 0.8693 -0.0000 -0.4944
vn -0.4830 -0.0000 -0.8756
vn -0.8950 -0.0000 0.4461
vn 0.8805 -0.0000 -0.4741
vn -0.4883 -0.0000 -0.8727
vn -0.8734 -0.0000 0.4870
vn 0.4995 -0.0000 0.8663
vn 0.8655 -0.0000 -0.5009
vn -0.4236 -0.0000 -0.9059
vn -0.9057 -0.0000 0.4240
vn 0.4240 -0.0000 0.9057
vn 0.9059 -0.0000 -0.4235
vn -0.4704 -0.0000 -0.8825
vn -0.8782 -0.0000 0.4782
vn 0.4771 -0.0000 0.8788
vn 0.8823 -0.0000 -0.4706
vn -0.8784 -0.0000 0.4780
vn 0.4786 -0.0000 0.8780
vn 0.8798 -0.0000 -0.4754
vn -0.4741 -0.0000 -0.8805
vn -0.8775 -0.0000 0.4797
vn 0.4757 -0.0000 0.8796
vn 0.8797 -0.0000 -0.4755
vn -0.4797 -0.0000 -0.8774
vn -0.8780 -0.0000 0.4786
vn 0.4779 -0.0000 0.8784
vn 0.8784 -0.0000 -0.4779
vn 0.4773 -0.0000 0.8788
vn 0.8781 -0.0000 -0.4784
vn -0.4781 -0.0000 -0.8783
vn -0.8816 -0.0000 0.4720
vn 0.4717 -0.0000 0.8817
vn 0.8814 -0.0000 -0.4724
vn -0.4720 -0.0000 -0.8816
vn -0.8752 -0.0000 0.4837
vn 0.4833 -0.0000 0.8755
vn 0.8721 -0.0000 -0.4893
vn -0.4895 -0.0000 -0.8720
vn -0.8735 -0.0000 0.4869
vn 0.4883 -0.0000 0.8727
vn 0.8742 -0.0000 -0.4855
vn -0.4868 -0.0000 -0.8735
vn -0.8809 -0.0000 0.4733
vn 0.4588 -0.0000 0.8886
vn 0.8712 -0.0000 -0.4910
vn -0.5006 -0.0000 -0.8657
vn -0.8438 -0.0000 -0.5367
vn -0.5373 -0.0000 0.8434
vn 0.8438 -0.0000 0.5367
vn 0.5373 -0.0000 -0.8434
vn -0.8619 -0.0000 0.5072
vn -0.5769 -0.0000 0.8168
vn -0.2287 -0.0000 0.9735
vn 0.1610 -0.0000 0.9869
vn 0.5134 -0.0000 0.8582
vn 0.7909 -0.0000 0.6120
vn 0.9599 -0.0000 0.2802
vn 0.9959 -0.0000 -0.0901
vn 0.3305 -0.0000 0.9438
vn 0.3538 -0.0000 0.9353
vn 0.2856 -0.0000 0.9583
vn 0.9473 -0.0000 -0.3202
vn -0.3088 -0.0000 -0.9511
vn -0.2912 -0.0000 -0.9567
vn -0.5043 -0.0000 -0.8635
vn -0.9473 -0.0000 0.3203
vn 0.3201 -0.0000 0.9474
vn -0.9277 -0.0000 0.3733
vn -0.2821 -0.0000 -0.9594
vn -0.9504 -0.0000 0.3110
vn -0.9505 -0.0000 0.3107
vn 0.2534 -0.0000 0.9674
vn -0.9298 -0.0000 0.3681
vn -0.9285 -0.0000 0.3713
vn -0.9468 -0.0000 0.3217
vn -0.3263 -0.0000 -0.9453
vn -0.9462 -0.0000 0.3237
vn 0.3246 -0.0000 0.9458
vn -0.9543 -0.0000 0.2988
vn 0.3088 -0.0000 0.9511
vn -0.9473 -0.0000 0.3202
vn -0.2856 -0.0000 -0.9583
vn -0.9392 -0.0000 0.3434
vn -0.3222 -0.0000 -0.9467
vn -0.2580 -0.0000 -0.9661
vn -0.9450 -0.0000 0.3269
vn 0.3015 -0.0000 0.9535
vn -0.9076 -0.0000 0.4199
vn -0.8327 -0.0000 0.5538
vn -0.6856 -0.0000 0.7280
vn -0.6092 -0.0000 0.7930
vn -0.6989 -0.0000 0.7153
vn -0.8800 -0.0000 0.4750
vn -0.7271 -0.0000 0.6866
vn -0.3335 -0.0000 0.9428
vn -0.1927 -0.0000 0.9813
vn 0.0542 -0.0000 0.9985
vn 0.3233 -0.0000 0.9463
vn 0.4402 -0.0000 0.8979
vn 0.7564 -0.0000 0.6541
vn 0.4189 -0.0000 0.9080
vn -0.2085 -0.0000 0.9780
vn -0.0000 -0.0000 1.0000
vn 0.2974 -0.0000 0.9547
vn 0.6065 -0.0000 0.7951
vn 0.8327 -0.0000 0.5538
vn -0.2851 -0.0000 0.9585
vn 0.1116 -0.0000 0.9938
vn 0.4012 -0.0000 0.9160
vn 0.5706 -0.0000 0.8213
vn 0.8056 -0.0000 0.5924
vn 0.9283 -0.0000 0.3718
vn 1.0000 -0.0000 -0.0000
vn 0.9723 -0.0000 -0.2337
vn 0.8663 -0.0000 -0.4995
vn 0.7094 -0.0000 -0.7049
vn 0.3867 -0.0000 -0.9222
vn 0.3645 -0.0000 -0.9312
vn 0.3178 -0.0000 -0.9482
vn 0.9990 -0.0000 -0.0457
vn 0.3340 -0.0000 0.9426
vn 0.9534 -0.0000 -0.3018
vn -0.3363 -0.0000 -0.9418
vn 0.9591 -0.0000 -0.2830
vn 0.3470 -0.0000 0.9379
vn 0.9403 -0.0000 -0.3403
vn -0.3313 -0.0000 -0.9435
vn 0.9460 -0.0000 -0.3241
vn 0.2803 -0.0000 0.9599
vn 0.9592 -0.0000 -0.2827
vn 0.9411 -0.0000 -0.3381
vn 0.2846 -0.0000 0.9586
vn 0.9737 -0.0000 -0.2277
vn 0.9462 -0.0000 -0.3235
vn 0.9205 -0.0000 -0.3908
vn -0.3520 -0.0000 -0.9360
vn 0.9411 -0.0000 -0.3380
vn 0.3320 -0.0000 0.9433
vn 0.9543 -0.0000 -0.2987
vn 0.6559 -0.0000 0.7548
vn 0.9368 -0.0000 -0.3497
vn -0.3202 -0.0000 -0.9473
vn 0.9678 -0.0000 -0.2515
vn -0.3243 -0.0000 -0.9460
vn -0.9458 -0.0000 0.3247
vn -0.3340 -0.0000 -0.9426
vn -0.9747 -0.0000 0.2237
vn -0.3123 -0.0000 -0.9500
vn 0.3300 -0.0000 -0.9440
vn -0.9306 -0.0000 -0.3660
vn -0.9176 -0.0000 -0.3974
vn 0.2940 -0.0000 -0.9558
vn -0.9360 -0.0000 -0.3519
vn -0.3246 -0.0000 0.9459
vn 0.9262 -0.0000 0.3770
vn 0.9412 -0.0000 0.3378
vn 0.9327 -0.0000 0.3607
vn -0.3846 -0.0000 0.9231
vn 0.9497 -0.0000 0.3132
vn 0.3394 -0.0000 -0.9406
vn 0.9300 -0.0000 0.3674
vn -0.6738 -0.0000 -0.7389
vn 0.7414 -0.0000 -0.6710
vn -0.6744 -0.0000 -0.7384
vn -0.7397 -0.0000 0.6729
vn -0.6736 -0.0000 -0.7391
vn -0.7396 -0.0000 0.6731
vn -0.9487 -0.0000 -0.3163
vn -0.9988 -0.0000 0.0499
vn -0.8628 -0.0000 0.5056
vn -0.5996 -0.0000 0.8003
vn -0.0902 -0.0000 0.9959
vn 0.3433 -0.0000 0.9392
vn 0.6119 -0.0000 0.7909
vn 0.8621 -0.0000 0.5067
vn 0.9715 -0.0000 0.2370
vn 0.2366 -0.0000 0.9716
vn 0.6758 -0.0000 0.7371
vn 0.9450 -0.0000 0.3271
vn 0.3277 -0.0000 0.9448
vn 0.6803 -0.0000 0.7329
vn 0.8918 -0.0000 0.4525
vn 0.9920 -0.0000 0.1258
vn 0.9599 -0.0000 -0.2802
vn 0.8227 -0.0000 -0.5685
vn 0.5552 -0.0000 -0.8317
vn 0.2364 -0.0000 -0.9717
vn -0.1811 -0.0000 -0.9835
vn 0.7386 -0.0000 -0.6742
vn -0.9557 -0.0000 0.2942
vn 0.3376 -0.0000 0.9413
vn 0.9488 -0.0000 -0.3160
vn -0.3248 -0.0000 -0.9458
vn 0.9999 -0.0000 0.0151
vn 0.9998 -0.0000 0.0184
vn 0.0118 -0.0000 -0.9999
vn 0.9999 -0.0000 0.0163
vn 0.9999 -0.0000 0.0148
vn 0.0145 -0.0000 -0.9999
vn 0.0161 -0.0000 -0.9999
vn -0.9999 -0.0000 -0.0160
vn -0.8560 -0.0000 -0.5170
vn 0.5170 -0.0000 -0.8560
vn 0.8561 -0.0000 0.5168
vn 0.5167 -0.0000 -0.8562
vn -0.8553 -0.0000 -0.5182
vn -0.5189 -0.0000 0.8549
vn -0.8557 -0.0000 -0.5175
vn -0.5172 -0.0000 0.8559
vn -0.5169 -0.0000 0.8560
vn 0.8547 -0.0000 0.5191
vn 0.8555 -0.0000 0.5178
vn -0.5133 -0.0000 0.8582
vn 0.8564 -0.0000 0.5163
vn 0.8605 -0.0000 0.5094
vn 0.5127 -0.0000 -0.8585
vn -0.8813 -0.0000 -0.4726
vn -0.5220 -0.0000 0.8529
vn 0.8437 -0.0000 0.5368
vn -0.4863 -0.0000 0.8738
vn 0.8583 -0.0000 0.5131
vn 0.5224 -0.0000 -0.8527
vn -0.8573 -0.0000 -0.5149
vn 0.5144 -0.0000 -0.8575
vn 0.6759 -0.0000 0.7370
vn 0.7933 -0.0000 -0.6088
vn -0.7793 -0.0000 -0.6266
vn 0.7245 -0.0000 -0.6893
vn 0.7223 -0.0000 -0.6916
vn 0.4672 -0.0000 -0.8842
vn 0.0580 -0.0000 -0.9983
vn -0.4860 -0.0000 -0.8740
vn -0.8534 -0.0000 -0.5213
vn -0.9884 -0.0000 -0.1519
vn -0.9115 -0.0000 0.4112
vn -0.7273 -0.0000 0.6863
vn -0.6603 -0.0000 -0.7510
vn -0.6154 -0.0000 0.7882
vn 0.4218 -0.0000 0.9067
vn 0.9040 -0.0000 -0.4276
vn 0.4221 -0.0000 0.9066
vn 0.9061 -0.0000 -0.4231
vn -0.4226 -0.0000 -0.9063
vn -0.9066 -0.0000 0.4220
vn 0.7521 -0.0000 -0.6590
vn -0.0325 -0.0000 -0.9995
vn -0.6556 -0.0000 -0.7551
vn -1.0000 -0.0000 -0.0000
vn -0.7046 -0.0000 0.7096
vn -0.7048 -0.0000 0.7094
vn 0.1373 -0.0000 0.9905
vn 0.7245 -0.0000 0.6893
vn 0.9995 -0.0000 -0.0307
vn 0.9887 -0.0000 0.1501
vn 0.1505 -0.0000 -0.9886
vn -0.9890 -0.0000 -0.1479
vn -0.1508 -0.0000 0.9886
vn 0.9733 -0.0000 0.2294
vn -0.2309 -0.0000 0.9730
vn 0.9732 -0.0000 0.2299
vn -0.2312 -0.0000 0.9729
vn 0.9732 -0.0000 0.2298
vn 0.2314 -0.0000 -0.9729
vn 0.9734 -0.0000 0.2292
vn 0.2317 -0.0000 -0.9728
vn 0.9737 -0.0000 0.2279
vn 0.2316 -0.0000 -0.9728
vn 0.9730 -0.0000 0.2308
vn 0.2315 -0.0000 -0.9728
vn 0.9602 -0.0000 0.2794
vn 0.6795 -0.0000 -0.7337
vn 0.9729 -0.0000 0.2312
vn 0.2311 -0.0000 -0.9729
vn -0.9734 -0.0000 -0.2291
vn -0.9734 -0.0000 -0.2292
vn 0.2309 -0.0000 -0.9730
vn -0.2301 -0.0000 0.9732
vn -0.9729 -0.0000 -0.2314
vn 0.9666 -0.0000 0.2563
vn 0.2585 -0.0000 -0.9660
vn 0.9667 -0.0000 0.2559
vn 0.2565 -0.0000 -0.9665
vn 0.9664 -0.0000 0.2571
vn -0.9666 -0.0000 -0.2564
vn -0.2579 -0.0000 0.9662
vn -0.9668 -0.0000 -0.2554
vn -0.2549 -0.0000 0.9670
vn -0.9665 -0.0000 -0.2567
vn -0.9665 -0.0000 -0.2569
vn -0.2585 -0.0000 0.9660
vn 0.9662 -0.0000 0.2577
vn 0.7093 -0.0000 0.7049
vn 0.7078 -0.0000 -0.7064
vn -0.7093 -0.0000 -0.7049
vn -0.7078 -0.0000 0.7064
vn 0.9819 -0.0000 0.1895
vn 0.1915 -0.0000 -0.9815
vn -0.9819 -0.0000 -0.1895
vn -0.1915 -0.0000 0.9815
vn 0.7058 -0.0000 0.7084
vn 0.7118 -0.0000 -0.7023
vn -0.7056 -0.0000 -0.7086
vn -0.7114 -0.0000 0.7028
vn 0.7054 -0.0000 0.7088
vn 0.7116 -0.0000 -0.7026
vn -0.7054 -0.0000 -0.7088
vn -0.7116 -0.0000 0.7026
vn 0.7046 -0.0000 0.7096
vn -0.7118 -0.0000 0.7024
vn 0.7047 -0.0000 0.7095
vn 0.7120 -0.0000 -0.7022
vn -0.7049 -0.0000 -0.7093
vn -0.7126 -0.0000 0.7016
vn 0.7125 -0.0000 0.7017
vn 0.7043 -0.0000 -0.7099
vn -0.7119 -0.0000 -0.7022
vn -0.7050 -0.0000 0.7092
vn 0.7091 -0.0000 0.7051
vn 0.7079 -0.0000 -0.7063
vn -0.7098 -0.0000 -0.7044
vn -0.7076 -0.0000 0.7067
vn 0.7061 -0.0000 0.7081
vn 0.7119 -0.0000 -0.7022
vn -0.7053 -0.0000 -0.7089
vn -0.7113 -0.0000 0.7029
vn 0.7098 -0.0000 0.7044
vn 0.7077 -0.0000 -0.7065
vn -0.7077 -0.0000 0.7065
vn 0.7055 -0.0000 0.7087
vn 0.7111 -0.0000 -0.7030
vn -0.7055 -0.0000 -0.7087
vn -0.7111 -0.0000 0.7031
vn 0.7090 -0.0000 0.7052
vn 0.7074 -0.0000 -0.7068
vn -0.7096 -0.0000 -0.7046
vn 0.7119 -0.0000 0.7023
vn 0.7045 -0.0000 -0.7097
vn -0.7122 -0.0000 -0.7020
vn -0.7051 -0.0000 0.7091
vn -0.7123 -0.0000 -0.7019
vn 0.7180 -0.0000 0.6961
vn 0.6953 -0.0000 -0.7187
vn -0.7183 -0.0000 -0.6957
vn -0.6958 -0.0000 0.7182
vn 0.5873 -0.0000 0.8094
vn 0.8117 -0.0000 -0.5840
vn -0.5870 -0.0000 -0.8096
vn -0.8111 -0.0000 0.5848
vn 0.9499 -0.0000 0.3124
vn 0.3140 -0.0000 -0.9494
vn -0.9507 -0.0000 -0.3101
vn -0.3126 -0.0000 0.9499
vn 0.7111 -0.0000 -0.7031
vn -0.7117 -0.0000 0.7025
vn 0.7056 -0.0000 0.7086
vn 0.7114 -0.0000 -0.7027
vn -0.7057 -0.0000 -0.7085
vn 0.7052 -0.0000 0.7090
vn 0.7117 -0.0000 -0.7025
vn -0.7052 -0.0000 -0.7090
vn 0.7165 -0.0000 0.6976
vn 0.5193 -0.0000 0.8546
vn 0.8705 -0.0000 -0.4922
vn -0.5055 -0.0000 -0.8628
vn 0.8453 -0.0000 -0.5343
vn -0.3285 -0.0000 -0.9445
vn -0.4100 -0.0000 -0.9121
vn -0.4976 -0.0000 -0.8674
vn -0.5975 -0.0000 -0.8018
vn -0.6649 -0.0000 -0.7470
vn -0.7468 -0.0000 -0.6650
vn -0.8126 -0.0000 -0.5828
vn -0.8698 -0.0000 -0.4935
vn -0.7001 -0.0000 0.7140
vn -0.7166 -0.0000 -0.6975
vn -0.7011 -0.0000 0.7131
vn 0.4692 -0.0000 0.8831
vn 0.8846 -0.0000 -0.4664
vn -0.4694 -0.0000 -0.8830
vn -0.8846 -0.0000 0.4664
vn 0.4700 -0.0000 0.8827
vn -0.8846 -0.0000 0.4663
vn 0.7041 -0.0000 0.7101
vn 0.7096 -0.0000 -0.7046
vn -0.7041 -0.0000 -0.7101
vn -0.7096 -0.0000 0.7046
vn 0.9446 -0.0000 0.3282
vn 0.3312 -0.0000 -0.9436
vn 0.9445 -0.0000 0.3284
vn -0.3307 -0.0000 0.9437
vn 0.9447 -0.0000 0.3279
vn 0.3304 -0.0000 -0.9438
vn -0.9447 -0.0000 -0.3280
vn -0.3313 -0.0000 0.9435
vn -0.9446 -0.0000 -0.3282
vn -0.3315 -0.0000 0.9435
vn 0.3272 -0.0000 -0.9450
vn -0.9443 -0.0000 -0.3292
vn 0.3271 -0.0000 -0.9450
vn -0.9445 -0.0000 -0.3284
vn -0.3301 -0.0000 0.9439
vn -0.5965 -0.0000 0.8026
vn 0.8039 -0.0000 0.5948
vn 0.6004 -0.0000 -0.7997
vn -0.8012 -0.0000 -0.5984
vn -0.5789 -0.0000 0.8154
vn 0.8156 -0.0000 0.5786
vn 0.5789 -0.0000 -0.8154
vn -0.8156 -0.0000 -0.5786
vn 0.8873 -0.0000 0.4612
vn 0.4611 -0.0000 -0.8873
vn -0.8873 -0.0000 -0.4612
vn -0.4611 -0.0000 0.8873
vn -0.9927 -0.0000 -0.1207
vn -0.9929 -0.0000 -0.1187
vn -0.9934 -0.0000 -0.1145
vn -0.2764 -0.0000 0.9610
vn 0.9641 -0.0000 0.2656
vn 0.2809 -0.0000 -0.9597
vn 0.9463 -0.0000 0.3233
vn 0.2749 -0.0000 -0.9615
vn 0.9622 -0.0000 0.2725
vn 0.3503 -0.0000 -0.9366
vn 0.3509 -0.0000 -0.9364
vn 0.3099 -0.0000 -0.9508
vn 0.3132 -0.0000 -0.9497
vn 0.3130 -0.0000 -0.9497
vn 0.3081 -0.0000 -0.9514
vn 0.2623 -0.0000 -0.9650
vn -0.9690 -0.0000 -0.2472
vn 0.2773 -0.0000 -0.9608
vn -0.2368 -0.0000 0.9716
vn 0.9556 -0.0000 0.2948
vn -0.2288 -0.0000 0.9735
vn 0.9745 -0.0000 0.2243
vn -0.3121 -0.0000 0.9501
vn -0.1427 -0.0000 0.9898
vn 0.9680 -0.0000 0.2511
vn 0.1250 -0.0000 -0.9922
vn 0.9668 -0.0000 0.2555
vn 0.2721 -0.0000 -0.9623
vn -0.9751 -0.0000 -0.2219
vn -0.9936 -0.0000 0.1127
vn -0.9576 -0.0000 -0.2881
vn 0.2249 -0.0000 -0.9744
vn -0.9606 -0.0000 -0.2781
vn -0.9553 -0.0000 -0.2956
vn -0.2691 -0.0000 0.9631
vn -0.9707 -0.0000 -0.2404
vn -0.9729 -0.0000 -0.2311
vn 0.2607 -0.0000 -0.9654
vn -0.9661 -0.0000 -0.2583
vn -0.3557 -0.0000 0.9346
vn -0.9736 -0.0000 -0.2285
vn -0.2586 -0.0000 0.9660
vn 0.9574 -0.0000 0.2887
vn -0.2809 -0.0000 0.9597
vn 0.3429 -0.0000 -0.9394
vn 0.9631 -0.0000 0.2691
vn 0.2758 -0.0000 -0.9612
vn 0.9613 -0.0000 0.2757
vn 0.2838 -0.0000 -0.9589
vn 0.2577 -0.0000 -0.9662
vn 0.2505 -0.0000 -0.9681
vn -0.9653 -0.0000 -0.2612
vn 0.2469 -0.0000 -0.9690
vn -0.9651 -0.0000 -0.2619
vn -0.2293 -0.0000 0.9734
vn -0.9730 -0.0000 -0.2309
vn -0.2562 -0.0000 0.9666
vn 0.9657 -0.0000 0.2597
vn 0.9682 -0.0000 0.2500
vn 0.9675 -0.0000 0.2530
s 0
f 7126//4220 7127//4220 7128//4220 7129//4220 7130//4220 7131//4220 7132//4220 7133//4220 7134//4220 7135//4220 7136//4220 7137//4220 7138//4220 7139//4220 7140//4220 7141//4220 7142//4220 7143//4220 7144//4220 7145//4220 7146//4220 7147//4220 7148//4220 7149//4220 7150//4220 7151//4220 7152//4220 7153//4220 7154//4220 7155//4220 7156//4220 7157//4220 7158//4220 7159//4220 7160//4220 7161//4220 7162//4220
f 7090//4221 7127//4221 7126//4221 7089//4221
f 7091//4222 7128//4222 7127//4222 7090//4222
f 7092//4223 7129//4223 7128//4223 7091//4223
f 7093//4224 7130//4224 7129//4224 7092//4224
f 7094//4225 7131//4225 7130//4225 7093//4225
f 7095//4226 7132//4226 7131//4226 7094//4226
f 7096//4227 7133//4227 7132//4227 7095//4227
f 7097//4228 7134//4228 7133//4228 7096//4228
f 7098//4229 7135//4229 7134//4229 7097//4229
f 7099//4230 7136//4230 7135//4230 7098//4230
f 7100//4231 7137//4231 7136//4231 7099//4231
f 7101//4232 7138//4232 7137//4232 7100//4232
f 7102//4233 7139//4233 7138//4233 7101//4233
f 7103//4234 7140//4234 7139//4234 7102//4234
f 7104//4235 7141//4235 7140//4235 7103//4235
f 7105//4236 7142//4236 7141//4236 7104//4236
f 7106//4237 7143//4237 7142//4237 7105//4237
f 7107//4238 7144//4238 7143//4238 7106//4238
f 7108//4239 7145//4239 7144//4239 7107//4239
f 7109//4240 7146//4240 7145//4240 7108//4240
f 7110//4241 7147//4241 7146//4241 7109//4241
f 7111//4242 7148//4242 7147//4242 7110//4242
f 7112//4243 7149//4243 7148//4243 7111//4243
f 7113//4244 7150//4244 7149//4244 7112//4244
f 7114//4245 7151//4245 7150//4245 7113//4245
f 7115//4246 7152//4246 7151//4246 7114//4246
f 7116//4247 7153//4247 7152//4247 7115//4247
f 7117//4248 7154//4248 7153//4248 7116//4248
f 7118//4249 7155//4249 7154//4249 7117//4249
f 7119//4250 7156//4250 7155//4250 7118//4250
f 7120//4251 7157//4251 7156//4251 7119//4251
f 7121//4252 7158//4252 7157//4252 7120//4252
f 7122//4253 7159//4253 7158//4253 7121//4253
f 7123//4254 7160//4254 7159//4254 7122//4254
f 7124//4255 7161//4255 7160//4255 7123//4255
f 7125//4256 7162//4256 7161//4256 7124//4256
f 7089//4257 7126//4257 7162//4257 7125//4257
f 7173//4220 7174//4220 7175//4220 7176//4220 7177//4220 7178//4220 7179//4220 7180//4220 7181//4220 7182//4220
f 7164//4258 7174//4258 7173//4258 7163//4258
f 7165//4259 7175//4259 7174//4259 7164//4259
f 7166//4260 7176//4260 7175//4260 7165//4260
f 7167//4261 7177//4261 7176//4261 7166//4261
f 7168//4262 7178//4262 7177//4262 7167//4262
f 7169//4263 7179//4263 7178//4263 7168//4263
f 7170//4264 7180//4264 7179//4264 7169//4264
f 7171//4265 7181//4265 7180//4265 7170//4265
f 7172//4266 7182//4266 7181//4266 7171//4266
f 7163//4267 7173//4267 7182//4267 7172//4267
f 7208//4220 7209//4220 7210//4220 7211//4220 7212//4220 7213//4220 7214//4220 7215//4220 7216//4220 7217//4220 7218//4220 7219//4220 7220//4220 7221//4220 7222//4220 7223//4220 7224//4220 7225//4220 7226//4220 7227//4220 7228//4220 7229//4220 7230//4220 7231//4220 7232//4220
f 7184//4268 7209//4268 7208//4268 7183//4268
f 7185//4269 7210//4269 7209//4269 7184//4269
f 7186//4270 7211//4270 7210//4270 7185//4270
f 7187//4271 7212//4271 7211//4271 7186//4271
f 7188//4272 7213//4272 7212//4272 7187//4272
f 7189//4273 7214//4273 7213//4273 7188//4273
f 7190//4274 7215//4274 7214//4274 7189//4274
f 7191//4275 7216//4275 7215//4275 7190//4275
f 7192//4276 7217//4276 7216//4276 7191//4276
f 7193//4277 7218//4277 7217//4277 7192//4277
f 7194//4278 7219//4278 7218//4278 7193//4278
f 7195//4279 7220//4279 7219//4279 7194//4279
f 7196//4280 7221//4280 7220//4280 7195//4280
f 7197//4281 7222//4281 7221//4281 7196//4281
f 7198//4282 7223//4282 7222//4282 7197//4282
f 7199//4283 7224//4283 7223//4283 7198//4283
f 7200//4284 7225//4284 7224//4284 7199//4284
f 7201//4285 7226//4285 7225//4285 7200//4285
f 7202//4286 7227//4286 7226//4286 7201//4286
f 7203//4287 7228//4287 7227//4287 7202//4287
f 7204//4288 7229//4288 7228//4288 7203//4288
f 7205//4289 7230//4289 7229//4289 7204//4289
f 7206//4290 7231//4290 7230//4290 7205//4290
f 7207//4289 7232//4289 7231//4289 7206//4289
f 7183//4291 7208//4291 7232//4291 7207//4291
f 7270//4220 7271//4220 7272//4220 7273//4220 7274//4220 7275//4220 7276//4220 7277//4220 7278//4220 7279//4220 7280//4220 7281//4220 7282//4220 7283//4220 7284//4220 7285//4220 7286//4220 7287//4220 7288//4220 7289//4220 7290//4220 7291//4220 7292//4220 7293//4220 7294//4220 7295//4220 7296//4220 7297//4220 7298//4220 7299//4220 7300//4220 7301//4220 7302//4220 7303//4220 7304//4220 7305//4220 7306//4220
f 7269//4292 7271//4292 7270//4292 7233//4292
f 7268//4293 7272//4293 7271//4293 7269//4293
f 7267//4294 7273//4294 7272//4294 7268//4294
f 7266//4295 7274//4295 7273//4295 7267//4295
f 7265//4296 7275//4296 7274//4296 7266//4296
f 7264//4297 7276//4297 7275//4297 7265//4297
f 7263//4298 7277//4298 7276//4298 7264//4298
f 7262//4299 7278//4299 7277//4299 7263//4299
f 7261//4300 7279//4300 7278//4300 7262//4300
f 7260//4301 7280//4301 7279//4301 7261//4301
f 7259//4302 7281//4302 7280//4302 7260//4302
f 7258//4303 7282//4303 7281//4303 7259//4303
f 7257//4304 7283//4304 7282//4304 7258//4304
f 7256//4305 7284//4305 7283//4305 7257//4305
f 7255//4306 7285//4306 7284//4306 7256//4306
f 7254//4307 7286//4307 7285//4307 7255//4307
f 7253//4308 7287//4308 7286//4308 7254//4308
f 7252//4309 7288//4309 7287//4309 7253//4309
f 7251//4310 7289//4310 7288//4310 7252//4310
f 7250//4311 7290//4311 7289//4311 7251//4311
f 7249//4312 7291//4312 7290//4312 7250//4312
f 7248//4313 7292//4313 7291//4313 7249//4313
f 7247//4308 7293//4308 7292//4308 7248//4308
f 7246//4314 7294//4314 7293//4314 7247//4314
f 7245//4292 7295//4292 7294//4292 7246//4292
f 7244//4315 7296//4315 7295//4315 7245//4315
f 7243//4316 7297//4316 7296//4316 7244//4316
f 7242//4317 7298//4317 7297//4317 7243//4317
f 7241//4318 7299//4318 7298//4318 7242//4318
f 7240//4319 7300//4319 7299//4319 7241//4319
f 7239//4320 7301//4320 7300//4320 7240//4320
f 7238//4321 7302//4321 7301//4321 7239//4321
f 7237//4322 7303//4322 7302//4322 7238//4322
f 7236//4323 7304//4323 7303//4323 7237//4323
f 7235//4324 7305//4324 7304//4324 7236//4324
f 7234//4325 7306//4325 7305//4325 7235//4325
f 7233//4326 7270//4326 7306//4326 7234//4326
f 7312//4220 7313//4220 7314//4220 7315//4220 7316//4220
f 7308//4327 7313//4327 7312//4327 7307//4327
f 7309//4328 7314//4328 7313//4328 7308//4328
f 7310//4329 7315//4329 7314//4329 7309//4329
f 7311//4330 7316//4330 7315//4330 7310//4330
f 7307//4331 7312//4331 7316//4331 7311//4331
f 7347//4220 7348//4220 7349//4220 7350//4220 7351//4220 7352//4220 7353//4220 7354//4220 7355//4220 7356//4220 7357//4220 7358//4220 7359//4220 7360//4220 7361//4220 7362//4220 7363//4220 7364//4220 7365//4220 7366//4220 7367//4220 7368//4220 7369//4220 7370//4220 7371//4220 7372//4220 7373//4220 7374//4220 7375//4220 7376//4220
f 7346//4332 7348//4332 7347//4332 7317//4332
f 7345//4333 7349//4333 7348//4333 7346//4333
f 7344//4334 7350//4334 7349//4334 7345//4334
f 7343//4335 7351//4335 7350//4335 7344//4335
f 7342//4271 7352//4271 7351//4271 7343//4271
f 7341//4336 7353//4336 7352//4336 7342//4336
f 7340//4337 7354//4337 7353//4337 7341//4337
f 7339//4338 7355//4338 7354//4338 7340//4338
f 7338//4339 7356//4339 7355//4339 7339//4339
f 7337//4340 7357//4340 7356//4340 7338//4340
f 7336//4341 7358//4341 7357//4341 7337//4341
f 7335//4342 7359//4342 7358//4342 7336//4342
f 7334//4343 7360//4343 7359//4343 7335//4343
f 7333//4344 7361//4344 7360//4344 7334//4344
f 7332//4345 7362//4345 7361//4345 7333//4345
f 7331//4346 7363//4346 7362//4346 7332//4346
f 7330//4347 7364//4347 7363//4347 7331//4347
f 7329//4348 7365//4348 7364//4348 7330//4348
f 7328//4349 7366//4349 7365//4349 7329//4349
f 7327//4350 7367//4350 7366//4350 7328//4350
f 7326//4351 7368//4351 7367//4351 7327//4351
f 7325//4352 7369//4352 7368//4352 7326//4352
f 7324//4353 7370//4353 7369//4353 7325//4353
f 7323//4354 7371//4354 7370//4354 7324//4354
f 7322//4355 7372//4355 7371//4355 7323//4355
f 7321//4356 7373//4356 7372//4356 7322//4356
f 7320//4357 7374//4357 7373//4357 7321//4357
f 7319//4358 7375//4358 7374//4358 7320//4358
f 7318//4359 7376//4359 7375//4359 7319//4359
f 7317//4360 7347//4360 7376//4360 7318//4360
f 7394//4220 7395//4220 7396//4220 7397//4220 7398//4220 7399//4220 7400//4220 7401//4220 7402//4220 7403//4220 7404//4220 7405//4220 7406//4220 7407//4220 7408//4220 7409//4220 7410//4220
f 7378//4361 7395//4361 7394//4361 7377//4361
f 7379//4362 7396//4362 7395//4362 7378//4362
f 7380//4363 7397//4363 7396//4363 7379//4363
f 7381//4364 7398//4364 7397//4364 7380//4364
f 7382//4365 7399//4365 7398//4365 7381//4365
f 7383//4366 7400//4366 7399//4366 7382//4366
f 7384//4367 7401//4367 7400//4367 7383//4367
f 7385//4368 7402//4368 7401//4368 7384//4368
f 7386//4369 7403//4369 7402//4369 7385//4369
f 7387//4370 7404//4370 7403//4370 7386//4370
f 7388//4371 7405//4371 7404//4371 7387//4371
f 7389//4372 7406//4372 7405//4372 7388//4372
f 7390//4373 7407//4373 7406//4373 7389//4373
f 7391//4374 7408//4374 7407//4374 7390//4374
f 7392//4375 7409//4375 7408//4375 7391//4375
f 7393//4376 7410//4376 7409//4376 7392//4376
f 7377//4377 7394//4377 7410//4377 7393//4377
f 7455//4220 7456//4220 7457//4220 7458//4220 7459//4220 7460//4220 7461//4220 7462//4220 7463//4220 7464//4220 7465//4220 7466//4220 7467//4220 7468//4220 7469//4220 7470//4220 7471//4220 7472//4220 7473//4220 7474//4220 7475//4220 7476//4220 7477//4220 7478//4220 7479//4220 7480//4220 7481//4220 7482//4220 7483//4220 7484//4220 7485//4220 7486//4220 7487//4220 7488//4220 7489//4220 7490//4220 7491//4220 7492//4220 7493//4220 7494//4220 7495//4220 7496//4220 7497//4220 7498//4220
f 7454//4320 7456//4320 7455//4320 7411//4320
f 7453//4378 7457//4378 7456//4378 7454//4378
f 7452//4379 7458//4379 7457//4379 7453//4379
f 7451//4380 7459//4380 7458//4380 7452//4380
f 7450//4381 7460//4381 7459//4381 7451//4381
f 7449//4382 7461//4382 7460//4382 7450//4382
f 7448//4383 7462//4383 7461//4383 7449//4383
f 7447//4384 7463//4384 7462//4384 7448//4384
f 7446//4385 7464//4385 7463//4385 7447//4385
f 7445//4386 7465//4386 7464//4386 7446//4386
f 7444//4387 7466//4387 7465//4387 7445//4387
f 7443//4388 7467//4388 7466//4388 7444//4388
f 7442//4389 7468//4389 7467//4389 7443//4389
f 7441//4390 7469//4390 7468//4390 7442//4390
f 7440//4391 7470//4391 7469//4391 7441//4391
f 7439//4392 7471//4392 7470//4392 7440//4392
f 7438//4393 7472//4393 7471//4393 7439//4393
f 7437//4394 7473//4394 7472//4394 7438//4394
f 7436//4395 7474//4395 7473//4395 7437//4395
f 7435//4396 7475//4396 7474//4396 7436//4396
f 7434//4397 7476//4397 7475//4397 7435//4397
f 7433//4398 7477//4398 7476//4398 7434//4398
f 7432//4399 7478//4399 7477//4399 7433//4399
f 7431//4400 7479//4400 7478//4400 7432//4400
f 7430//4401 7480//4401 7479//4401 7431//4401
f 7429//4402 7481//4402 7480//4402 7430//4402
f 7428//4403 7482//4403 7481//4403 7429//4403
f 7427//4404 7483//4404 7482//4404 7428//4404
f 7426//4405 7484//4405 7483//4405 7427//4405
f 7425//4406 7485//4406 7484//4406 7426//4406
f 7424//4361 7486//4361 7485//4361 7425//4361
f 7423//4407 7487//4407 7486//4407 7424//4407
f 7422//4408 7488//4408 7487//4408 7423//4408
f 7421//4409 7489//4409 7488//4409 7422//4409
f 7420//4410 7490//4410 7489//4410 7421//4410
f 7419//4411 7491//4411 7490//4411 7420//4411
f 7418//4412 7492//4412 7491//4412 7419//4412
f 7417//4413 7493//4413 7492//4413 7418//4413
f 7416//4414 7494//4414 7493//4414 7417//4414
f 7415//4415 7495//4415 7494//4415 7416//4415
f 7414//4416 7496//4416 7495//4416 7415//4416
f 7413//4417 7497//4417 7496//4417 7414//4417
f 7412//4418 7498//4418 7497//4418 7413//4418
f 7411//4419 7455//4419 7498//4419 7412//4419
f 7507//4220 7508//4220 7509//4220 7510//4220 7511//4220 7512//4220 7513//4220 7514//4220
f 7506//4420 7508//4420 7507//4420 7499//4420
f 7505//4421 7509//4421 7508//4421 7506//4421
f 7504//4422 7510//4422 7509//4422 7505//4422
f 7503//4423 7511//4423 7510//4423 7504//4423
f 7502//4424 7512//4424 7511//4424 7503//4424
f 7501//4349 7513//4349 7512//4349 7502//4349
f 7500//4425 7514//4425 7513//4425 7501//4425
f 7499//4426 7507//4426 7514//4426 7500//4426
f 7527//4220 7528//4220 7529//4220 7530//4220 7531//4220 7532//4220 7533//4220 7534//4220 7535//4220 7536//4220 7537//4220 7538//4220
f 7526//4427 7528//4427 7527//4427 7515//4427
f 7525//4428 7529//4428 7528//4428 7526//4428
f 7524//4429 7530//4429 7529//4429 7525//4429
f 7523//4430 7531//4430 7530//4430 7524//4430
f 7522//4431 7532//4431 7531//4431 7523//4431
f 7521//4432 7533//4432 7532//4432 7522//4432
f 7520//4433 7534//4433 7533//4433 7521//4433
f 7519//4434 7535//4434 7534//4434 7520//4434
f 7518//4435 7536//4435 7535//4435 7519//4435
f 7517//4436 7537//4436 7536//4436 7518//4436
f 7516//4437 7538//4437 7537//4437 7517//4437
f 7515//4438 7527//4438 7538//4438 7516//4438
f 7582//4220 7583//4220 7584//4220 7585//4220 7586//4220 7587//4220 7588//4220 7589//4220 7590//4220 7591//4220 7592//4220 7593//4220 7594//4220 7595//4220 7596//4220 7597//4220 7598//4220 7599//4220 7600//4220 7601//4220 7602//4220 7603//4220 7604//4220 7605//4220 7606//4220 7607//4220 7608//4220 7609//4220 7610//4220 7611//4220 7612//4220 7613//4220 7614//4220 7615//4220 7616//4220 7617//4220 7618//4220 7619//4220 7620//4220 7621//4220 7622//4220 7623//4220 7624//4220
f 7540//4439 7583//4439 7582//4439 7539//4439
f 7541//4393 7584//4393 7583//4393 7540//4393
f 7542//4440 7585//4440 7584//4440 7541//4440
f 7543//4441 7586//4441 7585//4441 7542//4441
f 7544//4324 7587//4324 7586//4324 7543//4324
f 7545//4442 7588//4442 7587//4442 7544//4442
f 7546//4443 7589//4443 7588//4443 7545//4443
f 7547//4444 7590//4444 7589//4444 7546//4444
f 7548//4445 7591//4445 7590//4445 7547//4445
f 7549//4446 7592//4446 7591//4446 7548//4446
f 7550//4447 7593//4447 7592//4447 7549//4447
f 7551//4448 7594//4448 7593//4448 7550//4448
f 7552//4449 7595//4449 7594//4449 7551//4449
f 7553//4450 7596//4450 7595//4450 7552//4450
f 7554//4451 7597//4451 7596//4451 7553//4451
f 7555//4452 7598//4452 7597//4452 7554//4452
f 7556//4453 7599//4453 7598//4453 7555//4453
f 7557//4454 7600//4454 7599//4454 7556//4454
f 7558//4455 7601//4455 7600//4455 7557//4455
f 7559//4456 7602//4456 7601//4456 7558//4456
f 7560//4457 7603//4457 7602//4457 7559//4457
f 7561//4458 7604//4458 7603//4458 7560//4458
f 7562//4459 7605//4459 7604//4459 7561//4459
f 7563//4460 7606//4460 7605//4460 7562//4460
f 7564//4461 7607//4461 7606//4461 7563//4461
f 7565//4462 7608//4462 7607//4462 7564//4462
f 7566//4463 7609//4463 7608//4463 7565//4463
f 7567//4464 7610//4464 7609//4464 7566//4464
f 7568//4465 7611//4465 7610//4465 7567//4465
f 7569//4466 7612//4466 7611//4466 7568//4466
f 7570//4467 7613//4467 7612//4467 7569//4467
f 7571//4468 7614//4468 7613//4468 7570//4468
f 7572//4469 7615//4469 7614//4469 7571//4469
f 7573//4463 7616//4463 7615//4463 7572//4463
f 7574//4401 7617//4401 7616//4401 7573//4401
f 7575//4470 7618//4470 7617//4470 7574//4470
f 7576//4471 7619//4471 7618//4471 7575//4471
f 7577//4472 7620//4472 7619//4472 7576//4472
f 7578//4473 7621//4473 7620//4473 7577//4473
f 7579//4474 7622//4474 7621//4474 7578//4474
f 7580//4473 7623//4473 7622//4473 7579//4473
f 7581//4475 7624//4475 7623//4475 7580//4475
f 7539//4476 7582//4476 7624//4476 7581//4476
f 7641//4220 7642//4220 7643//4220 7644//4220 7645//4220 7646//4220 7647//4220 7648//4220 7649//4220 7650//4220 7651//4220 7652//4220 7653//4220 7654//4220 7655//4220 7656//4220
f 7640//4477 7642//4477 7641//4477 7625//4477
f 7639//4478 7643//4478 7642//4478 7640//4478
f 7638//4479 7644//4479 7643//4479 7639//4479
f 7637//4480 7645//4480 7644//4480 7638//4480
f 7636//4481 7646//4481 7645//4481 7637//4481
f 7635//4482 7647//4482 7646//4482 7636//4482
f 7634//4483 7648//4483 7647//4483 7635//4483
f 7633//4484 7649//4484 7648//4484 7634//4484
f 7632//4485 7650//4485 7649//4485 7633//4485
f 7631//4486 7651//4486 7650//4486 7632//4486
f 7630//4487 7652//4487 7651//4487 7631//4487
f 7629//4488 7653//4488 7652//4488 7630//4488
f 7628//4489 7654//4489 7653//4489 7629//4489
f 7627//4490 7655//4490 7654//4490 7628//4490
f 7626//4491 7656//4491 7655//4491 7627//4491
f 7625//4492 7641//4492 7656//4492 7626//4492
f 7669//4220 7670//4220 7671//4220 7672//4220 7673//4220 7674//4220 7675//4220 7676//4220 7677//4220 7678//4220 7679//4220 7680//4220
f 7668//4493 7670//4493 7669//4493 7657//4493
f 7667//4494 7671//4494 7670//4494 7668//4494
f 7666//4495 7672//4495 7671//4495 7667//4495
f 7665//4496 7673//4496 7672//4496 7666//4496
f 7664//4238 7674//4238 7673//4238 7665//4238
f 7663//4497 7675//4497 7674//4497 7664//4497
f 7662//4498 7676//4498 7675//4498 7663//4498
f 7661//4499 7677//4499 7676//4499 7662//4499
f 7660//4500 7678//4500 7677//4500 7661//4500
f 7659//4501 7679//4501 7678//4501 7660//4501
f 7658//4502 7680//4502 7679//4502 7659//4502
f 7657//4503 7669//4503 7680//4503 7658//4503
f 7716//4220 7717//4220 7718//4220 7719//4220 7720//4220 7721//4220 7722//4220 7723//4220 7724//4220 7725//4220 7726//4220 7727//4220 7728//4220 7729//4220 7730//4220 7731//4220 7732//4220 7733//4220 7734//4220 7735//4220 7736//4220 7737//4220 7738//4220 7739//4220 7740//4220 7741//4220 7742//4220 7743//4220 7744//4220 7745//4220 7746//4220 7747//4220 7748//4220 7749//4220 7750//4220
f 7682//4504 7717//4504 7716//4504 7681//4504
f 7683//4505 7718//4505 7717//4505 7682//4505
f 7684//4506 7719//4506 7718//4506 7683//4506
f 7685//4507 7720//4507 7719//4507 7684//4507
f 7686//4508 7721//4508 7720//4508 7685//4508
f 7687//4509 7722//4509 7721//4509 7686//4509
f 7688//4510 7723//4510 7722//4510 7687//4510
f 7689//4511 7724//4511 7723//4511 7688//4511
f 7690//4512 7725//4512 7724//4512 7689//4512
f 7691//4513 7726//4513 7725//4513 7690//4513
f 7692//4514 7727//4514 7726//4514 7691//4514
f 7693//4515 7728//4515 7727//4515 7692//4515
f 7694//4516 7729//4516 7728//4516 7693//4516
f 7695//4517 7730//4517 7729//4517 7694//4517
f 7696//4518 7731//4518 7730//4518 7695//4518
f 7697//4519 7732//4519 7731//4519 7696//4519
f 7698//4520 7733//4520 7732//4520 7697//4520
f 7699//4298 7734//4298 7733//4298 7698//4298
f 7700//4521 7735//4521 7734//4521 7699//4521
f 7701//4522 7736//4522 7735//4522 7700//4522
f 7702//4523 7737//4523 7736//4523 7701//4523
f 7703//4524 7738//4524 7737//4524 7702//4524
f 7704//4525 7739//4525 7738//4525 7703//4525
f 7705//4526 7740//4526 7739//4526 7704//4526
f 7706//4527 7741//4527 7740//4527 7705//4527
f 7707//4412 7742//4412 7741//4412 7706//4412
f 7708//4528 7743//4528 7742//4528 7707//4528
f 7709//4529 7744//4529 7743//4529 7708//4529
f 7710//4530 7745//4530 7744//4530 7709//4530
f 7711//4531 7746//4531 7745//4531 7710//4531
f 7712//4532 7747//4532 7746//4532 7711//4532
f 7713//4533 7748//4533 7747//4533 7712//4533
f 7714//4534 7749//4534 7748//4534 7713//4534
f 7715//4535 7750//4535 7749//4535 7714//4535
f 7681//4536 7716//4536 7750//4536 7715//4536
f 7757//4220 7758//4220 7759//4220 7760//4220 7761//4220 7762//4220
f 7756//4537 7758//4537 7757//4537 7751//4537
f 7755//4538 7759//4538 7758//4538 7756//4538
f 7754//4539 7760//4539 7759//4539 7755//4539
f 7753//4540 7761//4540 7760//4540 7754//4540
f 7752//4541 7762//4541 7761//4541 7753//4541
f 7751//4542 7757//4542 7762//4542 7752//4542
f 7769//4220 7770//4220 7771//4220 7772//4220 7773//4220 7774//4220
f 7768//4543 7770//4543 7769//4543 7763//4543
f 7767//4544 7771//4544 7770//4544 7768//4544
f 7766//4545 7772//4545 7771//4545 7767//4545
f 7765//4546 7773//4546 7772//4546 7766//4546
f 7764//4547 7774//4547 7773//4547 7765//4547
f 7763//4548 7769//4548 7774//4548 7764//4548
f 7793//4220 7794//4220 7795//4220 7796//4220 7797//4220 7798//4220 7799//4220 7800//4220 7801//4220 7802//4220 7803//4220 7804//4220 7805//4220 7806//4220 7807//4220 7808//4220 7809//4220 7810//4220
f 7792//4549 7794//4549 7793//4549 7775//4549
f 7791//4550 7795//4550 7794//4550 7792//4550
f 7790//4551 7796//4551 7795//4551 7791//4551
f 7789//4552 7797//4552 7796//4552 7790//4552
f 7788//4553 7798//4553 7797//4553 7789//4553
f 7787//4554 7799//4554 7798//4554 7788//4554
f 7786//4555 7800//4555 7799//4555 7787//4555
f 7785//4556 7801//4556 7800//4556 7786//4556
f 7784//4557 7802//4557 7801//4557 7785//4557
f 7783//4558 7803//4558 7802//4558 7784//4558
f 7782//4559 7804//4559 7803//4559 7783//4559
f 7781//4560 7805//4560 7804//4560 7782//4560
f 7780//4561 7806//4561 7805//4561 7781//4561
f 7779//4562 7807//4562 7806//4562 7780//4562
f 7778//4563 7808//4563 7807//4563 7779//4563
f 7777//4564 7809//4564 7808//4564 7778//4564
f 7776//4565 7810//4565 7809//4565 7777//4565
f 7775//4566 7793//4566 7810//4566 7776//4566
f 7815//4220 7816//4220 7817//4220 7818//4220
f 7814//4567 7816//4567 7815//4567 7811//4567
f 7813//4568 7817//4568 7816//4568 7814//4568
f 7812//4569 7818//4569 7817//4569 7813//4569
f 7811//4570 7815//4570 7818//4570 7812//4570
f 7823//4220 7824//4220 7825//4220 7826//4220
f 7822//4571 7824//4571 7823//4571 7819//4571
f 7821//4572 7825//4572 7824//4572 7822//4572
f 7820//4569 7826//4569 7825//4569 7821//4569
f 7819//4573 7823//4573 7826//4573 7820//4573
f 7831//4220 7832//4220 7833//4220 7834//4220
f 7830//4574 7832//4574 7831//4574 7827//4574
f 7829//4575 7833//4575 7832//4575 7830//4575
f 7828//4576 7834//4576 7833//4576 7829//4576
f 7827//4577 7831//4577 7834//4577 7828//4577
f 7839//4220 7840//4220 7841//4220 7842//4220
f 7838//4578 7840//4578 7839//4578 7835//4578
f 7837//4579 7841//4579 7840//4579 7838//4579
f 7836//4580 7842//4580 7841//4580 7837//4580
f 7835//4581 7839//4581 7842//4581 7836//4581
f 7847//4220 7848//4220 7849//4220 7850//4220
f 7846//4582 7848//4582 7847//4582 7843//4582
f 7845//4583 7849//4583 7848//4583 7846//4583
f 7844//4584 7850//4584 7849//4584 7845//4584
f 7843//4585 7847//4585 7850//4585 7844//4585
f 7855//4220 7856//4220 7857//4220 7858//4220
f 7852//4586 7856//4586 7855//4586 7851//4586
f 7853//4587 7857//4587 7856//4587 7852//4587
f 7854//4588 7858//4588 7857//4588 7853//4588
f 7851//4589 7855//4589 7858//4589 7854//4589
f 7863//4220 7864//4220 7865//4220 7866//4220
f 7862//4590 7864//4590 7863//4590 7859//4590
f 7861//4591 7865//4591 7864//4591 7862//4591
f 7860//4592 7866//4592 7865//4592 7861//4592
f 7859//4593 7863//4593 7866//4593 7860//4593
f 7873//4220 7874//4220 7875//4220 7876//4220 7877//4220 7878//4220
f 7872//4594 7874//4594 7873//4594 7867//4594
f 7871//4595 7875//4595 7874//4595 7872//4595
f 7870//4596 7876//4596 7875//4596 7871//4596
f 7869//4597 7877//4597 7876//4597 7870//4597
f 7868//4598 7878//4598 7877//4598 7869//4598
f 7867//4599 7873//4599 7878//4599 7868//4599
f 7883//4220 7884//4220 7885//4220 7886//4220
f 7882//4600 7884//4600 7883//4600 7879//4600
f 7881//4601 7885//4601 7884//4601 7882//4601
f 7880//4602 7886//4602 7885//4602 7881//4602
f 7879//4603 7883//4603 7886//4603 7880//4603
f 7891//4220 7892//4220 7893//4220 7894//4220
f 7890//4604 7892//4604 7891//4604 7887//4604
f 7889//4605 7893//4605 7892//4605 7890//4605
f 7888//4606 7894//4606 7893//4606 7889//4606
f 7887//4607 7891//4607 7894//4607 7888//4607
f 7899//4220 7900//4220 7901//4220 7902//4220
f 7896//4608 7900//4608 7899//4608 7895//4608
f 7897//4609 7901//4609 7900//4609 7896//4609
f 7898//4610 7902//4610 7901//4610 7897//4610
f 7895//4611 7899//4611 7902//4611 7898//4611
f 7907//4220 7908//4220 7909//4220 7910//4220
f 7904//4612 7908//4612 7907//4612 7903//4612
f 7905//4613 7909//4613 7908//4613 7904//4613
f 7906//4614 7910//4614 7909//4614 7905//4614
f 7903//4615 7907//4615 7910//4615 7906//4615
f 7915//4220 7916//4220 7917//4220 7918//4220
f 7912//4616 7916//4616 7915//4616 7911//4616
f 7913//4617 7917//4617 7916//4617 7912//4617
f 7914//4618 7918//4618 7917//4618 7913//4618
f 7911//4619 7915//4619 7918//4619 7914//4619
f 7947//4220 7948//4220 7949//4220 7950//4220 7951//4220 7952//4220 7953//4220 7954//4220 7955//4220 7956//4220 7957//4220 7958//4220 7959//4220 7960//4220 7961//4220 7962//4220 7963//4220 7964//4220 7965//4220 7966//4220 7967//4220 7968//4220 7969//4220 7970//4220 7971//4220 7972//4220 7973//4220 7974//4220
f 7946//4620 7948//4620 7947//4620 7919//4620
f 7945//4621 7949//4621 7948//4621 7946//4621
f 7944//4622 7950//4622 7949//4622 7945//4622
f 7943//4623 7951//4623 7950//4623 7944//4623
f 7942//4624 7952//4624 7951//4624 7943//4624
f 7941//4625 7953//4625 7952//4625 7942//4625
f 7940//4626 7954//4626 7953//4626 7941//4626
f 7939//4627 7955//4627 7954//4627 7940//4627
f 7938//4628 7956//4628 7955//4628 7939//4628
f 7937//4629 7957//4629 7956//4629 7938//4629
f 7936//4630 7958//4630 7957//4630 7937//4630
f 7935//4631 7959//4631 7958//4631 7936//4631
f 7934//4632 7960//4632 7959//4632 7935//4632
f 7933//4633 7961//4633 7960//4633 7934//4633
f 7932//4634 7962//4634 7961//4634 7933//4634
f 7931//4635 7963//4635 7962//4635 7932//4635
f 7930//4636 7964//4636 7963//4636 7931//4636
f 7929//4637 7965//4637 7964//4637 7930//4637
f 7928//4638 7966//4638 7965//4638 7929//4638
f 7927//4639 7967//4639 7966//4639 7928//4639
f 7926//4640 7968//4640 7967//4640 7927//4640
f 7925//4641 7969//4641 7968//4641 7926//4641
f 7924//4642 7970//4642 7969//4642 7925//4642
f 7923//4643 7971//4643 7970//4643 7924//4643
f 7922//4644 7972//4644 7971//4644 7923//4644
f 7921//4645 7973//4645 7972//4645 7922//4645
f 7920//4646 7974//4646 7973//4646 7921//4646
f 7919//4647 7947//4647 7974//4647 7920//4647
f 8046//4220 8047//4220 8048//4220 8049//4220 8050//4220 8051//4220 8052//4220 8053//4220 8054//4220 8055//4220 8056//4220 8057//4220 8058//4220 8059//4220 8060//4220 8061//4220 8062//4220 8063//4220 8064//4220 8065//4220 8066//4220 8067//4220 8068//4220 8069//4220 8070//4220 8071//4220 8072//4220 8073//4220 8074//4220 8075//4220 8076//4220 8077//4220 8078//4220 8079//4220 8080//4220 8081//4220 8082//4220 8083//4220 8084//4220 8085//4220 8086//4220 8087//4220 8088//4220 8089//4220 8090//4220 8091//4220 8092//4220 8093//4220 8094//4220 8095//4220 8096//4220 8097//4220 8098//4220 8099//4220 8100//4220 8101//4220 8102//4220 8103//4220 8104//4220 8105//4220 8106//4220 8107//4220 8108//4220 8109//4220 8110//4220 8111//4220 8112//4220 8113//4220 8114//4220 8115//4220 8116//4220
f 8045//4648 8047//4648 8046//4648 7975//4648
f 8044//4649 8048//4649 8047//4649 8045//4649
f 8043//4650 8049//4650 8048//4650 8044//4650
f 8042//4651 8050//4651 8049//4651 8043//4651
f 8041//4652 8051//4652 8050//4652 8042//4652
f 8040//4653 8052//4653 8051//4653 8041//4653
f 8039//4654 8053//4654 8052//4654 8040//4654
f 8038//4655 8054//4655 8053//4655 8039//4655
f 8037//4656 8055//4656 8054//4656 8038//4656
f 8036//4657 8056//4657 8055//4657 8037//4657
f 8035//4658 8057//4658 8056//4658 8036//4658
f 8034//4659 8058//4659 8057//4659 8035//4659
f 8033//4660 8059//4660 8058//4660 8034//4660
f 8032//4661 8060//4661 8059//4661 8033//4661
f 8031//4662 8061//4662 8060//4662 8032//4662
f 8030//4663 8062//4663 8061//4663 8031//4663
f 8029//4664 8063//4664 8062//4664 8030//4664
f 8028//4665 8064//4665 8063//4665 8029//4665
f 8027//4666 8065//4666 8064//4666 8028//4666
f 8026//4667 8066//4667 8065//4667 8027//4667
f 8025//4668 8067//4668 8066//4668 8026//4668
f 8024//4669 8068//4669 8067//4669 8025//4669
f 8023//4670 8069//4670 8068//4670 8024//4670
f 8022//4671 8070//4671 8069//4671 8023//4671
f 8021//4672 8071//4672 8070//4672 8022//4672
f 8020//4673 8072//4673 8071//4673 8021//4673
f 8019//4674 8073//4674 8072//4674 8020//4674
f 8018//4675 8074//4675 8073//4675 8019//4675
f 8017//4676 8075//4676 8074//4676 8018//4676
f 8016//4672 8076//4672 8075//4672 8017//4672
f 8015//4677 8077//4677 8076//4677 8016//4677
f 8014//4678 8078//4678 8077//4678 8015//4678
f 8013//4679 8079//4679 8078//4679 8014//4679
f 8012//4680 8080//4680 8079//4680 8013//4680
f 8011//4681 8081//4681 8080//4681 8012//4681
f 8010//4682 8082//4682 8081//4682 8011//4682
f 8009//4683 8083//4683 8082//4683 8010//4683
f 8008//4684 8084//4684 8083//4684 8009//4684
f 8007//4685 8085//4685 8084//4685 8008//4685
f 8006//4686 8086//4686 8085//4686 8007//4686
f 8005//4687 8087//4687 8086//4687 8006//4687
f 8004//4688 8088//4688 8087//4688 8005//4688
f 8003//4689 8089//4689 8088//4689 8004//4689
f 8002//4690 8090//4690 8089//4690 8003//4690
f 8001//4691 8091//4691 8090//4691 8002//4691
f 8000//4692 8092//4692 8091//4692 8001//4692
f 7999//4693 8093//4693 8092//4693 8000//4693
f 7998//4694 8094//4694 8093//4694 7999//4694
f 7997//4695 8095//4695 8094//4695 7998//4695
f 7996//4696 8096//4696 8095//4696 7997//4696
f 7995//4697 8097//4697 8096//4697 7996//4697
f 7994//4698 8098//4698 8097//4698 7995//4698
f 7993//4699 8099//4699 8098//4699 7994//4699
f 7992//4700 8100//4700 8099//4700 7993//4700
f 7991//4701 8101//4701 8100//4701 7992//4701
f 7990//4702 8102//4702 8101//4702 7991//4702
f 7989//4703 8103//4703 8102//4703 7990//4703
f 7988//4704 8104//4704 8103//4704 7989//4704
f 7987//4705 8105//4705 8104//4705 7988//4705
f 7986//4706 8106//4706 8105//4706 7987//4706
f 7985//4707 8107//4707 8106//4707 7986//4707
f 7984//4708 8108//4708 8107//4708 7985//4708
f 7983//4709 8109//4709 8108//4709 7984//4709
f 7982//4710 8110//4710 8109//4710 7983//4710
f 7981//4711 8111//4711 8110//4711 7982//4711
f 7980//4712 8112//4712 8111//4712 7981//4712
f 7979//4713 8113//4713 8112//4713 7980//4713
f 7978//4714 8114//4714 8113//4714 7979//4714
f 7977//4715 8115//4715 8114//4715 7978//4715
f 7976//4716 8116//4716 8115//4716 7977//4716
f 7975//4717 8046//4717 8116//4717 7976//4717
f 8130//4220 8131//4220 8132//4220 8133//4220 8134//4220 8135//4220 8136//4220 8137//4220 8138//4220 8139//4220 8140//4220 8141//4220 8142//4220
f 8129//4718 8131//4718 8130//4718 8117//4718
f 8128//4719 8132//4719 8131//4719 8129//4719
f 8127//4720 8133//4720 8132//4720 8128//4720
f 8126//4721 8134//4721 8133//4721 8127//4721
f 8125//4722 8135//4722 8134//4722 8126//4722
f 8124//4723 8136//4723 8135//4723 8125//4723
f 8123//4724 8137//4724 8136//4724 8124//4724
f 8122//4725 8138//4725 8137//4725 8123//4725
f 8121//4726 8139//4726 8138//4726 8122//4726
f 8120//4727 8140//4727 8139//4727 8121//4727
f 8119//4728 8141//4728 8140//4728 8120//4728
f 8118//4729 8142//4729 8141//4729 8119//4729
f 8117//4730 8130//4730 8142//4730 8118//4730
f 8172//4220 8173//4220 8174//4220 8175//4220 8176//4220 8177//4220 8178//4220 8179//4220 8180//4220 8181//4220 8182//4220 8183//4220 8184//4220 8185//4220 8186//4220 8187//4220 8188//4220 8189//4220 8190//4220 8191//4220 8192//4220 8193//4220 8194//4220 8195//4220 8196//4220 8197//4220 8198//4220 8199//4220 8200//4220
f 8144//4731 8173//4731 8172//4731 8143//4731
f 8145//4732 8174//4732 8173//4732 8144//4732
f 8146//4733 8175//4733 8174//4733 8145//4733
f 8147//4734 8176//4734 8175//4734 8146//4734
f 8148//4735 8177//4735 8176//4735 8147//4735
f 8149//4736 8178//4736 8177//4736 8148//4736
f 8150//4737 8179//4737 8178//4737 8149//4737
f 8151//4738 8180//4738 8179//4738 8150//4738
f 8152//4739 8181//4739 8180//4739 8151//4739
f 8153//4740 8182//4740 8181//4740 8152//4740
f 8154//4741 8183//4741 8182//4741 8153//4741
f 8155//4742 8184//4742 8183//4742 8154//4742
f 8156//4743 8185//4743 8184//4743 8155//4743
f 8157//4744 8186//4744 8185//4744 8156//4744
f 8158//4745 8187//4745 8186//4745 8157//4745
f 8159//4746 8188//4746 8187//4746 8158//4746
f 8160//4747 8189//4747 8188//4747 8159//4747
f 8161//4748 8190//4748 8189//4748 8160//4748
f 8162//4672 8191//4672 8190//4672 8161//4672
f 8163//4749 8192//4749 8191//4749 8162//4749
f 8164//4750 8193//4750 8192//4750 8163//4750
f 8165//4751 8194//4751 8193//4751 8164//4751
f 8166//4752 8195//4752 8194//4752 8165//4752
f 8167//4753 8196//4753 8195//4753 8166//4753
f 8168//4754 8197//4754 8196//4754 8167//4754
f 8169//4755 8198//4755 8197//4755 8168//4755
f 8170//4756 8199//4756 8198//4756 8169//4756
f 8171//4757 8200//4757 8199//4757 8170//4757
f 8143//4758 8172//4758 8200//4758 8171//4758
f 8205//4220 8206//4220 8207//4220 8208//4220
f 8204//4759 8206//4759 8205//4759 8201//4759
f 8203//4760 8207//4760 8206//4760 8204//4760
f 8202//4761 8208//4761 8207//4761 8203//4761
f 8201//4762 8205//4762 8208//4762 8202//4762
f 8232//4220 8233//4220 8234//4220 8235//4220 8236//4220 8237//4220 8238//4220 8239//4220 8240//4220 8241//4220 8242//4220 8243//4220 8244//4220 8245//4220 8246//4220 8247//4220 8248//4220 8249//4220 8250//4220 8251//4220 8252//4220 8253//4220 8254//4220
f 8231//4763 8233//4763 8232//4763 8209//4763
f 8230//4764 8234//4764 8233//4764 8231//4764
f 8229//4765 8235//4765 8234//4765 8230//4765
f 8228//4766 8236//4766 8235//4766 8229//4766
f 8227//4767 8237//4767 8236//4767 8228//4767
f 8226//4768 8238//4768 8237//4768 8227//4768
f 8225//4769 8239//4769 8238//4769 8226//4769
f 8224//4770 8240//4770 8239//4770 8225//4770
f 8223//4771 8241//4771 8240//4771 8224//4771
f 8222//4772 8242//4772 8241//4772 8223//4772
f 8221//4773 8243//4773 8242//4773 8222//4773
f 8220//4774 8244//4774 8243//4774 8221//4774
f 8219//4775 8245//4775 8244//4775 8220//4775
f 8218//4776 8246//4776 8245//4776 8219//4776
f 8217//4777 8247//4777 8246//4777 8218//4777
f 8216//4778 8248//4778 8247//4778 8217//4778
f 8215//4779 8249//4779 8248//4779 8216//4779
f 8214//4780 8250//4780 8249//4780 8215//4780
f 8213//4781 8251//4781 8250//4781 8214//4781
f 8212//4782 8252//4782 8251//4782 8213//4782
f 8211//4783 8253//4783 8252//4783 8212//4783
f 8210//4784 8254//4784 8253//4784 8211//4784
f 8209//4785 8232//4785 8254//4785 8210//4785
f 8263//4220 8264//4220 8265//4220 8266//4220 8267//4220 8268//4220 8269//4220 8270//4220
f 8256//4786 8264//4786 8263//4786 8255//4786
f 8257//4787 8265//4787 8264//4787 8256//4787
f 8258//4788 8266//4788 8265//4788 8257//4788
f 8259//4789 8267//4789 8266//4789 8258//4789
f 8260//4790 8268//4790 8267//4790 8259//4790
f 8261//4791 8269//4791 8268//4791 8260//4791
f 8262//4792 8270//4792 8269//4792 8261//4792
f 8255//4793 8263//4793 8270//4793 8262//4793
f 8285//4220 8286//4220 8287//4220 8288//4220 8289//4220 8290//4220 8291//4220 8292//4220 8293//4220 8294//4220 8295//4220 8296//4220 8297//4220 8298//4220
f 8272//4794 8286//4794 8285//4794 8271//4794
f 8273//4795 8287//4795 8286//4795 8272//4795
f 8274//4796 8288//4796 8287//4796 8273//4796
f 8275//4797 8289//4797 8288//4797 8274//4797
f 8276//4798 8290//4798 8289//4798 8275//4798
f 8277//4799 8291//4799 8290//4799 8276//4799
f 8278//4800 8292//4800 8291//4800 8277//4800
f 8279//4801 8293//4801 8292//4801 8278//4801
f 8280//4802 8294//4802 8293//4802 8279//4802
f 8281//4803 8295//4803 8294//4803 8280//4803
f 8282//4804 8296//4804 8295//4804 8281//4804
f 8283//4805 8297//4805 8296//4805 8282//4805
f 8284//4806 8298//4806 8297//4806 8283//4806
f 8271//4807 8285//4807 8298//4807 8284//4807
f 8305//4220 8306//4220 8307//4220 8308//4220 8309//4220 8310//4220
f 8304//4808 8306//4808 8305//4808 8299//4808
f 8303//4809 8307//4809 8306//4809 8304//4809
f 8302//4810 8308//4810 8307//4810 8303//4810
f 8301//4811 8309//4811 8308//4811 8302//4811
f 8300//4812 8310//4812 8309//4812 8301//4812
f 8299//4813 8305//4813 8310//4813 8300//4813
f 8320//4220 8321//4220 8322//4220 8323//4220 8324//4220 8325//4220 8326//4220 8327//4220 8328//4220
f 8319//4814 8321//4814 8320//4814 8311//4814
f 8318//4815 8322//4815 8321//4815 8319//4815
f 8317//4816 8323//4816 8322//4816 8318//4816
f 8316//4817 8324//4817 8323//4817 8317//4817
f 8315//4818 8325//4818 8324//4818 8316//4818
f 8314//4819 8326//4819 8325//4819 8315//4819
f 8313//4820 8327//4820 8326//4820 8314//4820
f 8312//4821 8328//4821 8327//4821 8313//4821
f 8311//4822 8320//4822 8328//4822 8312//4822
f 8333//4220 8334//4220 8335//4220 8336//4220
f 8332//4823 8334//4823 8333//4823 8329//4823
f 8331//4824 8335//4824 8334//4824 8332//4824
f 8330//4825 8336//4825 8335//4825 8331//4825
f 8329//4826 8333//4826 8336//4826 8330//4826
f 8361//4220 8362//4220 8363//4220 8364//4220 8365//4220 8366//4220 8367//4220 8368//4220 8369//4220 8370//4220 8371//4220 8372//4220 8373//4220 8374//4220 8375//4220 8376//4220 8377//4220 8378//4220 8379//4220 8380//4220 8381//4220 8382//4220 8383//4220 8384//4220
f 8360//4827 8362//4827 8361//4827 8337//4827
f 8359//4828 8363//4828 8362//4828 8360//4828
f 8358//4829 8364//4829 8363//4829 8359//4829
f 8357//4830 8365//4830 8364//4830 8358//4830
f 8356//4831 8366//4831 8365//4831 8357//4831
f 8355//4832 8367//4832 8366//4832 8356//4832
f 8354//4833 8368//4833 8367//4833 8355//4833
f 8353//4834 8369//4834 8368//4834 8354//4834
f 8352//4835 8370//4835 8369//4835 8353//4835
f 8351//4836 8371//4836 8370//4836 8352//4836
f 8350//4837 8372//4837 8371//4837 8351//4837
f 8349//4838 8373//4838 8372//4838 8350//4838
f 8348//4839 8374//4839 8373//4839 8349//4839
f 8347//4840 8375//4840 8374//4840 8348//4840
f 8346//4841 8376//4841 8375//4841 8347//4841
f 8345//4842 8377//4842 8376//4842 8346//4842
f 8344//4843 8378//4843 8377//4843 8345//4843
f 8343//4832 8379//4832 8378//4832 8344//4832
f 8342//4844 8380//4844 8379//4844 8343//4844
f 8341//4845 8381//4845 8380//4845 8342//4845
f 8340//4844 8382//4844 8381//4844 8341//4844
f 8339//4846 8383//4846 8382//4846 8340//4846
f 8338//4847 8384//4847 8383//4847 8339//4847
f 8337//4828 8361//4828 8384//4828 8338//4828
f 8401//4220 8402//4220 8403//4220 8404//4220 8405//4220 8406//4220 8407//4220 8408//4220 8409//4220 8410//4220 8411//4220 8412//4220 8413//4220 8414//4220 8415//4220 8416//4220
f 8400//4848 8402//4848 8401//4848 8385//4848
f 8399//4849 8403//4849 8402//4849 8400//4849
f 8398//4850 8404//4850 8403//4850 8399//4850
f 8397//4851 8405//4851 8404//4851 8398//4851
f 8396//4852 8406//4852 8405//4852 8397//4852
f 8395//4424 8407//4424 8406//4424 8396//4424
f 8394//4853 8408//4853 8407//4853 8395//4853
f 8393//4854 8409//4854 8408//4854 8394//4854
f 8392//4855 8410//4855 8409//4855 8393//4855
f 8391//4856 8411//4856 8410//4856 8392//4856
f 8390//4857 8412//4857 8411//4857 8391//4857
f 8389//4854 8413//4854 8412//4854 8390//4854
f 8388//4858 8414//4858 8413//4858 8389//4858
f 8387//4859 8415//4859 8414//4859 8388//4859
f 8386//4860 8416//4860 8415//4860 8387//4860
f 8385//4854 8401//4854 8416//4854 8386//4854
f 8421//4220 8422//4220 8423//4220 8424//4220
f 8420//4861 8422//4861 8421//4861 8417//4861
f 8419//4862 8423//4862 8422//4862 8420//4862
f 8418//4863 8424//4863 8423//4863 8419//4863
f 8417//4864 8421//4864 8424//4864 8418//4864
f 8429//4220 8430//4220 8431//4220 8432//4220
f 8428//4865 8430//4865 8429//4865 8425//4865
f 8427//4866 8431//4866 8430//4866 8428//4866
f 8426//4867 8432//4867 8431//4867 8427//4867
f 8425//4868 8429//4868 8432//4868 8426//4868
f 8437//4220 8438//4220 8439//4220 8440//4220
f 8436//4869 8438//4869 8437//4869 8433//4869
f 8435//4870 8439//4870 8438//4870 8436//4870
f 8434//4871 8440//4871 8439//4871 8435//4871
f 8433//4872 8437//4872 8440//4872 8434//4872
f 8445//4220 8446//4220 8447//4220 8448//4220
f 8444//4873 8446//4873 8445//4873 8441//4873
f 8443//4874 8447//4874 8446//4874 8444//4874
f 8442//4875 8448//4875 8447//4875 8443//4875
f 8441//4876 8445//4876 8448//4876 8442//4876
f 8455//4220 8456//4220 8457//4220 8458//4220 8459//4220 8460//4220
f 8454//4877 8456//4877 8455//4877 8449//4877
f 8453//4878 8457//4878 8456//4878 8454//4878
f 8452//4879 8458//4879 8457//4879 8453//4879
f 8451//4880 8459//4880 8458//4880 8452//4880
f 8450//4881 8460//4881 8459//4881 8451//4881
f 8449//4882 8455//4882 8460//4882 8450//4882
f 8465//4220 8466//4220 8467//4220 8468//4220
f 8464//4883 8466//4883 8465//4883 8461//4883
f 8463//4884 8467//4884 8466//4884 8464//4884
f 8462//4885 8468//4885 8467//4885 8463//4885
f 8461//4886 8465//4886 8468//4886 8462//4886
f 8473//4220 8474//4220 8475//4220 8476//4220
f 8472//4887 8474//4887 8473//4887 8469//4887
f 8471//4888 8475//4888 8474//4888 8472//4888
f 8470//4889 8476//4889 8475//4889 8471//4889
f 8469//4890 8473//4890 8476//4890 8470//4890
f 8481//4220 8482//4220 8483//4220 8484//4220
f 8480//4891 8482//4891 8481//4891 8477//4891
f 8479//4892 8483//4892 8482//4892 8480//4892
f 8478//4893 8484//4893 8483//4893 8479//4893
f 8477//4894 8481//4894 8484//4894 8478//4894
f 8489//4220 8490//4220 8491//4220 8492//4220
f 8488//4895 8490//4895 8489//4895 8485//4895
f 8487//4896 8491//4896 8490//4896 8488//4896
f 8486//4889 8492//4889 8491//4889 8487//4889
f 8485//4897 8489//4897 8492//4897 8486//4897
f 8497//4220 8498//4220 8499//4220 8500//4220
f 8496//4898 8498//4898 8497//4898 8493//4898
f 8495//4899 8499//4899 8498//4899 8496//4899
f 8494//4900 8500//4900 8499//4900 8495//4900
f 8493//4901 8497//4901 8500//4901 8494//4901
f 8505//4220 8506//4220 8507//4220 8508//4220
f 8504//4902 8506//4902 8505//4902 8501//4902
f 8503//4903 8507//4903 8506//4903 8504//4903
f 8502//4904 8508//4904 8507//4904 8503//4904
f 8501//4864 8505//4864 8508//4864 8502//4864
f 8515//4220 8516//4220 8517//4220 8518//4220 8519//4220 8520//4220
f 8514//4905 8516//4905 8515//4905 8509//4905
f 8513//4906 8517//4906 8516//4906 8514//4906
f 8512//4907 8518//4907 8517//4907 8513//4907
f 8511//4908 8519//4908 8518//4908 8512//4908
f 8510//4909 8520//4909 8519//4909 8511//4909
f 8509//4819 8515//4819 8520//4819 8510//4819
f 8525//4220 8526//4220 8527//4220 8528//4220
f 8524//4910 8526//4910 8525//4910 8521//4910
f 8523//4911 8527//4911 8526//4911 8524//4911
f 8522//4912 8528//4912 8527//4912 8523//4912
f 8521//4913 8525//4913 8528//4913 8522//4913
f 8533//4220 8534//4220 8535//4220 8536//4220
f 8532//4914 8534//4914 8533//4914 8529//4914
f 8531//4915 8535//4915 8534//4915 8532//4915
f 8530//4916 8536//4916 8535//4916 8531//4916
f 8529//4917 8533//4917 8536//4917 8530//4917
f 8541//4220 8542//4220 8543//4220 8544//4220
f 8540//4918 8542//4918 8541//4918 8537//4918
f 8539//4919 8543//4919 8542//4919 8540//4919
f 8538//4920 8544//4920 8543//4920 8539//4920
f 8537//4921 8541//4921 8544//4921 8538//4921
f 8549//4220 8550//4220 8551//4220 8552//4220
f 8548//4869 8550//4869 8549//4869 8545//4869
f 8547//4922 8551//4922 8550//4922 8548//4922
f 8546//4875 8552//4875 8551//4875 8547//4875
f 8545//4923 8549//4923 8552//4923 8546//4923
f 8559//4220 8560//4220 8561//4220 8562//4220 8563//4220 8564//4220
f 8558//4924 8560//4924 8559//4924 8553//4924
f 8557//4925 8561//4925 8560//4925 8558//4925
f 8556//4926 8562//4926 8561//4926 8557//4926
f 8555//4894 8563//4894 8562//4894 8556//4894
f 8554//4900 8564//4900 8563//4900 8555//4900
f 8553//4876 8559//4876 8564//4876 8554//4876
f 8569//4220 8570//4220 8571//4220 8572//4220
f 8568//4927 8570//4927 8569//4927 8565//4927
f 8567//4928 8571//4928 8570//4928 8568//4928
f 8566//4929 8572//4929 8571//4929 8567//4929
f 8565//4923 8569//4923 8572//4923 8566//4923
f 8589//4220 8590//4220 8591//4220 8592//4220 8593//4220 8594//4220 8595//4220 8596//4220 8597//4220 8598//4220 8599//4220 8600//4220 8601//4220 8602//4220 8603//4220 8604//4220
f 8588//4930 8590//4930 8589//4930 8573//4930
f 8587//4931 8591//4931 8590//4931 8588//4931
f 8586//4932 8592//4932 8591//4932 8587//4932
f 8585//4933 8593//4933 8592//4933 8586//4933
f 8584//4934 8594//4934 8593//4934 8585//4934
f 8583//4935 8595//4935 8594//4935 8584//4935
f 8582//4936 8596//4936 8595//4936 8583//4936
f 8581//4937 8597//4937 8596//4937 8582//4937
f 8580//4938 8598//4938 8597//4938 8581//4938
f 8579//4939 8599//4939 8598//4939 8580//4939
f 8578//4940 8600//4940 8599//4940 8579//4940
f 8577//4941 8601//4941 8600//4941 8578//4941
f 8576//4942 8602//4942 8601//4942 8577//4942
f 8575//4943 8603//4943 8602//4943 8576//4943
f 8574//4944 8604//4944 8603//4944 8575//4944
f 8573//4945 8589//4945 8604//4945 8574//4945
f 8611//4220 8612//4220 8613//4220 8614//4220 8615//4220 8616//4220
f 8610//4946 8612//4946 8611//4946 8605//4946
f 8609//4947 8613//4947 8612//4947 8610//4947
f 8608//4948 8614//4948 8613//4948 8609//4948
f 8607//4949 8615//4949 8614//4949 8608//4949
f 8606//4950 8616//4950 8615//4950 8607//4950
f 8605//4951 8611//4951 8616//4951 8606//4951
f 8621//4220 8622//4220 8623//4220 8624//4220
f 8620//4952 8622//4952 8621//4952 8617//4952
f 8619//4953 8623//4953 8622//4953 8620//4953
f 8618//4954 8624//4954 8623//4954 8619//4954
f 8617//4955 8621//4955 8624//4955 8618//4955
f 8641//4220 8642//4220 8643//4220 8644//4220 8645//4220 8646//4220 8647//4220 8648//4220 8649//4220 8650//4220 8651//4220 8652//4220 8653//4220 8654//4220 8655//4220 8656//4220
f 8640//4956 8642//4956 8641//4956 8625//4956
f 8639//4957 8643//4957 8642//4957 8640//4957
f 8638//4958 8644//4958 8643//4958 8639//4958
f 8637//4959 8645//4959 8644//4959 8638//4959
f 8636//4960 8646//4960 8645//4960 8637//4960
f 8635//4961 8647//4961 8646//4961 8636//4961
f 8634//4962 8648//4962 8647//4962 8635//4962
f 8633//4963 8649//4963 8648//4963 8634//4963
f 8632//4964 8650//4964 8649//4964 8633//4964
f 8631//4965 8651//4965 8650//4965 8632//4965
f 8630//4962 8652//4962 8651//4962 8631//4962
f 8629//4966 8653//4966 8652//4966 8630//4966
f 8628//4967 8654//4967 8653//4967 8629//4967
f 8627//4968 8655//4968 8654//4968 8628//4968
f 8626//4969 8656//4969 8655//4969 8627//4969
f 8625//4970 8641//4970 8656//4970 8626//4970
f 8661//4220 8662//4220 8663//4220 8664//4220
f 8658//4971 8662//4971 8661//4971 8657//4971
f 8659//4972 8663//4972 8662//4972 8658//4972
f 8660//4973 8664//4973 8663//4973 8659//4973
f 8657//4974 8661//4974 8664//4974 8660//4974
f 8669//4220 8670//4220 8671//4220 8672//4220
f 8666//4975 8670//4975 8669//4975 8665//4975
f 8667//4976 8671//4976 8670//4976 8666//4976
f 8668//4977 8672//4977 8671//4977 8667//4977
f 8665//4978 8669//4978 8672//4978 8668//4978
f 8677//4220 8678//4220 8679//4220 8680//4220
f 8674//4979 8678//4979 8677//4979 8673//4979
f 8675//4980 8679//4980 8678//4980 8674//4980
f 8676//4981 8680//4981 8679//4981 8675//4981
f 8673//4982 8677//4982 8680//4982 8676//4982
f 8700//4220 8701//4220 8702//4220 8703//4220 8704//4220 8705//4220 8706//4220 8707//4220 8708//4220 8709//4220 8710//4220 8711//4220 8712//4220 8713//4220 8714//4220 8715//4220 8716//4220 8717//4220 8718//4220
f 8682//4983 8701//4983 8700//4983 8681//4983
f 8683//4984 8702//4984 8701//4984 8682//4984
f 8684//4229 8703//4229 8702//4229 8683//4229
f 8685//4985 8704//4985 8703//4985 8684//4985
f 8686//4986 8705//4986 8704//4986 8685//4986
f 8687//4987 8706//4987 8705//4987 8686//4987
f 8688//4988 8707//4988 8706//4988 8687//4988
f 8689//4989 8708//4989 8707//4989 8688//4989
f 8690//4990 8709//4990 8708//4990 8689//4990
f 8691//4991 8710//4991 8709//4991 8690//4991
f 8692//4992 8711//4992 8710//4992 8691//4992
f 8693//4993 8712//4993 8711//4993 8692//4993
f 8694//4994 8713//4994 8712//4994 8693//4994
f 8695//4995 8714//4995 8713//4995 8694//4995
f 8696//4996 8715//4996 8714//4996 8695//4996
f 8697//4997 8716//4997 8715//4997 8696//4997
f 8698//4998 8717//4998 8716//4998 8697//4998
f 8699//4999 8718//4999 8717//4999 8698//4999
f 8681//5000 8700//5000 8718//5000 8699//5000
f 8739//4220 8740//4220 8741//4220 8742//4220 8743//4220 8744//4220 8745//4220 8746//4220 8747//4220 8748//4220 8749//4220 8750//4220 8751//4220 8752//4220 8753//4220 8754//4220 8755//4220 8756//4220 8757//4220 8758//4220
f 8720//5001 8740//5001 8739//5001 8719//5001
f 8721//5002 8741//5002 8740//5002 8720//5002
f 8722//5003 8742//5003 8741//5003 8721//5003
f 8723//5004 8743//5004 8742//5004 8722//5004
f 8724//5005 8744//5005 8743//5005 8723//5005
f 8725//4230 8745//4230 8744//4230 8724//4230
f 8726//5006 8746//5006 8745//5006 8725//5006
f 8727//5007 8747//5007 8746//5007 8726//5007
f 8728//5008 8748//5008 8747//5008 8727//5008
f 8729//5009 8749//5009 8748//5009 8728//5009
f 8730//4850 8750//4850 8749//4850 8729//4850
f 8731//5010 8751//5010 8750//5010 8730//5010
f 8732//5011 8752//5011 8751//5011 8731//5011
f 8733//5012 8753//5012 8752//5012 8732//5012
f 8734//5013 8754//5013 8753//5013 8733//5013
f 8735//5014 8755//5014 8754//5014 8734//5014
f 8736//5015 8756//5015 8755//5015 8735//5015
f 8737//5016 8757//5016 8756//5016 8736//5016
f 8738//5017 8758//5017 8757//5017 8737//5017
f 8719//5018 8739//5018 8758//5018 8738//5018
f 8775//4220 8776//4220 8777//4220 8778//4220 8779//4220 8780//4220 8781//4220 8782//4220 8783//4220 8784//4220 8785//4220 8786//4220 8787//4220 8788//4220 8789//4220 8790//4220
f 8774//5019 8776//5019 8775//5019 8759//5019
f 8773//5020 8777//5020 8776//5020 8774//5020
f 8772//5021 8778//5021 8777//5021 8773//5021
f 8771//5022 8779//5022 8778//5022 8772//5022
f 8770//5023 8780//5023 8779//5023 8771//5023
f 8769//5024 8781//5024 8780//5024 8770//5024
f 8768//5025 8782//5025 8781//5025 8769//5025
f 8767//5026 8783//5026 8782//5026 8768//5026
f 8766//4242 8784//4242 8783//4242 8767//4242
f 8765//5027 8785//5027 8784//5027 8766//5027
f 8764//5028 8786//5028 8785//5028 8765//5028
f 8763//5029 8787//5029 8786//5029 8764//5029
f 8762//5030 8788//5030 8787//5030 8763//5030
f 8761//5031 8789//5031 8788//5031 8762//5031
f 8760//4371 8790//4371 8789//4371 8761//4371
f 8759//5032 8775//5032 8790//5032 8760//5032
f 8801//4220 8802//4220 8803//4220 8804//4220 8805//4220 8806//4220 8807//4220 8808//4220 8809//4220 8810//4220
f 8792//5033 8802//5033 8801//5033 8791//5033
f 8793//5034 8803//5034 8802//5034 8792//5034
f 8794//5035 8804//5035 8803//5035 8793//5035
f 8795//5036 8805//5036 8804//5036 8794//5036
f 8796//5037 8806//5037 8805//5037 8795//5037
f 8797//5038 8807//5038 8806//5038 8796//5038
f 8798//5039 8808//5039 8807//5039 8797//5039
f 8799//5040 8809//5040 8808//5040 8798//5040
f 8800//5041 8810//5041 8809//5041 8799//5041
f 8791//5042 8801//5042 8810//5042 8800//5042
